"Num_Acc";"id_vehicule";"num_veh";"senc";"catv";"obs";"obsm";"choc";"manv";"motor";"occutc"
"202400001258";"155779568";"B01";"1";"1";"0";"2";"0";"1";"5";""
"202400001259";"155779563";"A01";"2";"7";"13";"0";"0";"0";"1";""
"202400001260";"155779562";"A01";"1";"7";"0";"2";"3";"15";"2";""
"202400001260";"155779564";"B01";"1";"1";"0";"2";"1";"1";"5";""
"202400001261";"155779561";"A01";"2";"7";"12";"1";"1";"0";"1";""
"202400001262";"155779559";"A01";"1";"10";"0";"1";"1";"15";"1";""
"202400001263";"155779558";"A01";"2";"7";"0";"2";"4";"2";"1";""
"202400001263";"155779560";"B01";"2";"7";"0";"2";"1";"2";"0";""
"202400001264";"155779556";"A01";"2";"7";"0";"2";"4";"1";"1";""
"202400001264";"155779557";"B01";"2";"7";"0";"2";"1";"1";"1";""
"202400001265";"155779555";"A01";"1";"1";"0";"1";"2";"1";"5";""
"202400001266";"155779553";"A01";"1";"7";"0";"2";"1";"2";"2";""
"202400001266";"155779554";"B01";"1";"7";"0";"2";"1";"2";"2";""
"202400001267";"155779552";"A01";"2";"7";"13";"0";"2";"14";"1";""
"202400001268";"155779550";"A01";"1";"33";"0";"0";"0";"0";"1";""
"202400001268";"155779551";"B01";"1";"7";"0";"0";"0";"0";"1";""
"202400001269";"155779547";"A01";"2";"7";"0";"2";"4";"23";"1";""
"202400001269";"155779548";"B01";"2";"7";"14";"0";"1";"1";"1";""
"202400001270";"155779545";"A01";"1";"10";"0";"1";"2";"9";"1";""
"202400001271";"155779546";"B01";"2";"17";"0";"2";"4";"2";"6";""
"202400001271";"155779549";"A01";"2";"10";"0";"2";"1";"1";"1";""
"202400001272";"155779541";"A01";"1";"50";"0";"2";"1";"1";"3";""
"202400001272";"155779543";"B01";"1";"10";"0";"2";"4";"23";"1";""
"202400001273";"155779540";"A01";"1";"7";"0";"2";"2";"12";"2";""
"202400001273";"155779542";"B01";"1";"31";"0";"2";"8";"0";"1";""
"202400001274";"155779539";"A01";"2";"7";"0";"2";"4";"1";"1";""
"202400001274";"155779544";"B01";"2";"7";"0";"2";"1";"17";"1";""
"202400001275";"155779532";"B01";"2";"32";"0";"2";"1";"1";"1";""
"202400001275";"155779535";"A01";"2";"7";"3";"0";"1";"1";"1";""
"202400001276";"155779534";"B01";"1";"10";"0";"2";"4";"0";"1";""
"202400001276";"155779537";"A01";"1";"33";"0";"2";"1";"0";"1";""
"202400001277";"155779531";"B01";"2";"7";"0";"2";"4";"2";"1";""
"202400001277";"155779533";"C01";"2";"7";"0";"2";"4";"2";"2";""
"202400001277";"155779536";"D01";"2";"7";"0";"2";"4";"2";"1";""
"202400001277";"155779538";"A01";"2";"10";"0";"2";"1";"2";"1";""
"202400001278";"155779527";"A01";"2";"7";"5";"0";"1";"18";"1";""
"202400001278";"155779529";"B01";"2";"7";"0";"2";"1";"1";"1";""
"202400001279";"155779526";"B01";"2";"7";"0";"2";"4";"0";"2";""
"202400001279";"155779528";"A01";"2";"7";"0";"2";"1";"0";"2";""
"202400001279";"155779530";"C01";"2";"7";"0";"2";"4";"0";"2";""
"202400001280";"155779524";"B01";"3";"1";"0";"2";"7";"19";"5";""
"202400001280";"155779525";"A01";"3";"7";"0";"9";"1";"1";"2";""
"202400001281";"155779522";"Z01";"1";"0";"0";"1";"0";"2";"0";""
"202400001282";"155779521";"A01";"1";"7";"0";"2";"2";"0";"0";""
"202400001282";"155779523";"B01";"1";"33";"0";"2";"0";"0";"1";""
"202400001283";"155779520";"A01";"1";"7";"13";"0";"9";"13";"1";""
"202400001284";"155779519";"A01";"2";"7";"0";"0";"1";"1";"1";""
"202400001285";"155779517";"A01";"0";"7";"11";"0";"3";"1";"1";""
"202400001286";"155779514";"B01";"1";"7";"0";"2";"4";"1";"1";""
"202400001286";"155779516";"A01";"1";"7";"0";"2";"1";"1";"1";""
"202400001286";"155779518";"C01";"1";"33";"0";"2";"1";"1";"1";""
"202400001287";"155779512";"B01";"3";"7";"3";"2";"1";"1";"1";""
"202400001287";"155779515";"A01";"3";"7";"3";"2";"1";"6";"1";""
"202400001288";"155779511";"A01";"3";"7";"0";"2";"3";"1";"1";""
"202400001288";"155779513";"B01";"3";"7";"0";"2";"3";"1";"1";""
"202400001289";"155779509";"A01";"2";"7";"4";"0";"1";"1";"1";""
"202400001290";"155779508";"B01";"1";"7";"0";"2";"9";"1";"1";""
"202400001290";"155779510";"A01";"1";"15";"0";"2";"0";"14";"1";""
"202400001291";"155779505";"B01";"2";"7";"0";"2";"3";"1";"1";""
"202400001291";"155779507";"A01";"2";"33";"0";"2";"1";"17";"1";""
"202400001292";"155779504";"A01";"1";"7";"0";"2";"1";"2";"1";""
"202400001292";"155779506";"B01";"1";"7";"0";"2";"4";"2";"1";""
"202400001293";"155779502";"A01";"2";"7";"0";"2";"1";"11";"1";""
"202400001293";"155779503";"B01";"2";"33";"0";"2";"2";"3";"1";""
"202400001294";"155779500";"B01";"1";"7";"0";"9";"3";"1";"1";""
"202400001294";"155779501";"A01";"2";"33";"0";"2";"3";"13";"1";""
"202400001295";"155779497";"A01";"2";"7";"0";"2";"1";"1";"1";""
"202400001295";"155779499";"B01";"2";"7";"0";"2";"4";"1";"1";""
"202400001296";"155779496";"A01";"1";"33";"4";"2";"1";"17";"1";""
"202400001296";"155779498";"B01";"1";"7";"0";"2";"6";"2";"3";""
"202400001297";"155779493";"B01";"1";"7";"0";"9";"4";"1";"1";""
"202400001297";"155779495";"A01";"1";"10";"0";"2";"2";"2";"1";""
"202400001298";"155779490";"B01";"2";"7";"0";"2";"4";"1";"1";""
"202400001298";"155779492";"A01";"2";"7";"0";"2";"1";"1";"1";""
"202400001299";"155779491";"B01";"1";"7";"0";"2";"6";"2";"1";""
"202400001299";"155779494";"A01";"1";"7";"0";"2";"1";"2";"1";""
"202400001300";"155779487";"A01";"1";"7";"0";"2";"1";"9";"1";""
"202400001300";"155779489";"B01";"1";"33";"0";"2";"7";"1";"1";""
"202400001301";"155779485";"A01";"2";"33";"0";"2";"1";"2";"1";""
"202400001301";"155779488";"B01";"2";"10";"0";"2";"4";"1";"1";""
"202400001302";"155779483";"C01";"1";"7";"1";"0";"1";"2";"1";""
"202400001302";"155779484";"A01";"1";"7";"0";"2";"6";"23";"1";""
"202400001302";"155779486";"B01";"1";"7";"1";"2";"4";"23";"1";""
"202400001303";"155779482";"A01";"1";"33";"0";"0";"1";"1";"1";""
"202400001304";"155779480";"A01";"2";"7";"2";"0";"1";"1";"1";""
"202400001305";"155779478";"A01";"1";"7";"0";"2";"3";"2";"1";""
"202400001305";"155779481";"B01";"1";"7";"0";"2";"5";"2";"1";""
"202400001306";"155779476";"A01";"1";"7";"0";"2";"2";"14";"1";""
"202400001306";"155779477";"B01";"1";"7";"0";"2";"6";"1";"1";""
"202400001306";"155779479";"C01";"1";"7";"0";"2";"0";"0";"1";""
"202400001307";"155779475";"A01";"1";"7";"7";"0";"0";"0";"1";""
"202400001308";"155779474";"A01";"3";"50";"12";"0";"1";"1";"3";""
"202400001309";"155779472";"A01";"1";"33";"0";"0";"2";"0";"1";""
"202400001310";"155779471";"A01";"1";"7";"0";"1";"8";"19";"0";""
"202400001311";"155779470";"A01";"1";"7";"3";"2";"1";"1";"2";""
"202400001311";"155779473";"B01";"1";"7";"0";"2";"7";"21";"2";""
"202400001312";"155779468";"A01";"1";"7";"0";"2";"2";"15";"1";""
"202400001312";"155779469";"B01";"2";"33";"0";"2";"1";"1";"1";""
"202400001313";"155779467";"A01";"2";"7";"4";"0";"1";"1";"1";""
"202400001314";"155779466";"A01";"1";"7";"1";"1";"3";"14";"1";""
"202400001315";"155779462";"A01";"2";"7";"0";"2";"7";"9";"1";""
"202400001315";"155779464";"B01";"2";"7";"0";"2";"1";"1";"1";""
"202400001316";"155779459";"A01";"1";"10";"0";"2";"1";"1";"0";""
"202400001316";"155779461";"B01";"1";"7";"0";"2";"4";"1";"1";""
"202400001316";"155779465";"C01";"1";"7";"0";"2";"4";"1";"1";""
"202400001317";"155779458";"A01";"3";"7";"13";"0";"4";"0";"1";""
"202400001318";"155779453";"A01";"1";"7";"4";"0";"1";"1";"1";""
"202400001318";"155779456";"B01";"1";"7";"0";"2";"4";"1";"1";""
"202400001319";"155779452";"A01";"0";"7";"0";"9";"2";"2";"1";""
"202400001319";"155779454";"B01";"0";"1";"0";"2";"1";"1";"5";""
"202400001320";"155779449";"A01";"1";"7";"8";"0";"1";"14";"1";""
"202400001321";"155779446";"A01";"2";"7";"0";"2";"2";"15";"1";""
"202400001321";"155779447";"B01";"1";"33";"0";"2";"1";"1";"1";""
"202400001322";"155779445";"B01";"1";"7";"0";"2";"3";"1";"1";""
"202400001322";"155779448";"A01";"1";"2";"0";"2";"1";"9";"1";""
"202400001323";"155779443";"A01";"1";"7";"0";"2";"1";"1";"1";""
"202400001323";"155779444";"B01";"1";"13";"0";"2";"4";"0";"0";""
"202400001324";"155779441";"A01";"2";"7";"0";"2";"1";"5";"1";""
"202400001324";"155779442";"B01";"2";"7";"0";"2";"1";"9";"1";""
"202400001325";"155779439";"B01";"1";"21";"0";"2";"3";"14";"1";""
"202400001325";"155779440";"A01";"2";"7";"0";"2";"1";"1";"1";""
"202400001326";"155779438";"A01";"2";"7";"0";"1";"2";"16";"1";""
"202400001327";"155779435";"A01";"1";"33";"0";"2";"2";"17";"1";""
"202400001327";"155779436";"B01";"1";"7";"0";"0";"6";"1";"1";""
"202400001327";"155779437";"C01";"1";"7";"0";"0";"1";"1";"1";""
"202400001328";"155779433";"A01";"1";"33";"13";"0";"1";"2";"1";""
"202400001329";"155779434";"A01";"2";"30";"0";"0";"0";"1";"1";""
"202400001330";"155779430";"B01";"1";"7";"0";"2";"2";"1";"1";""
"202400001330";"155779432";"A01";"1";"7";"0";"2";"8";"15";"1";""
"202400001331";"155779429";"A01";"1";"30";"0";"2";"1";"1";"1";""
"202400001331";"155779431";"B01";"1";"7";"0";"9";"4";"1";"0";""
"202400001332";"155779427";"B01";"1";"33";"0";"2";"2";"17";"1";""
"202400001332";"155779428";"A01";"1";"7";"0";"2";"3";"2";"1";""
"202400001333";"155779425";"B01";"2";"80";"0";"2";"3";"16";"3";""
"202400001333";"155779426";"A01";"2";"50";"0";"2";"1";"1";"3";""
"202400001334";"155779424";"A01";"1";"7";"10";"0";"3";"1";"1";""
"202400001335";"155779423";"A01";"1";"1";"14";"0";"1";"1";"5";""
"202400001336";"155779421";"B01";"1";"7";"0";"2";"1";"1";"1";""
"202400001336";"155779422";"A01";"0";"7";"0";"2";"8";"19";"1";""
"202400001337";"155779420";"A01";"1";"32";"0";"1";"7";"1";"1";""
"202400001338";"155779419";"A01";" -1";"2";"6";"0";"1";"0";"1";""
"202400001339";"155779416";"B01";"1";"7";"0";"2";"7";"1";"1";""
"202400001339";"155779418";"A01";"1";"7";"0";"2";"1";"15";"1";""
"202400001340";"155779411";"A01";"1";"7";"0";"2";"4";"1";"1";""
"202400001340";"155779413";"B01";"1";"7";"0";"2";"1";"1";"1";""
"202400001341";"155779408";"A01";"1";"33";"0";"0";"8";"1";"1";""
"202400001342";"155779406";"A01";"2";"7";"7";"0";"1";"1";"1";""
"202400001343";"155779407";"A01";"1";"7";"0";"2";"3";"15";"3";""
"202400001343";"155779409";"B01";"2";"7";"0";"2";"1";"1";"1";""
"202400001344";"155779405";"A01";"3";"33";"0";"0";"9";"1";"1";""
"202400001345";"155779404";"A01";"2";"1";"0";"0";"7";"1";"5";""
"202400001346";"155779403";"A01";"3";"7";"6";"0";"3";"13";"1";""
"202400001347";"155779402";"A01";"2";"10";"0";"1";"1";"1";"1";""
"202400001348";"155779401";"A01";"1";"33";"13";"0";"0";"1";"1";""
"202400001349";"155779399";"A01";"1";"1";"0";"2";"1";"19";"5";""
"202400001349";"155779400";"B01";"2";"7";"0";"2";"2";"23";"1";""
"202400001350";"155779397";"A01";"2";"7";"0";"1";"3";"1";"1";""
"202400001351";"155779396";"B01";"3";"10";"0";"2";"3";"15";"1";""
"202400001351";"155779398";"A01";"3";"33";"6";"2";"2";"17";"1";""
"202400001352";"155779393";"B01";"2";"33";"0";"2";"2";"1";"1";""
"202400001352";"155779394";"A01";"1";"7";"0";"2";"5";"16";"1";""
"202400001353";"155779392";"B01";"1";"10";"0";"2";"4";"15";"1";""
"202400001353";"155779395";"A01";"1";"7";"0";"2";"1";"2";"1";""
"202400001354";"155779390";"A01";"0";"7";"0";"1";"1";"1";"1";""
"202400001355";"155779389";"A01";"2";"7";"0";"2";"1";"0";"1";""
"202400001355";"155779391";"B01";"1";"7";"0";"2";"1";"0";"1";""
"202400001356";"155779386";"A01";"3";"7";"0";"2";"1";"0";"1";""
"202400001356";"155779388";"B01";"0";"7";"0";"2";"8";"0";"1";""
"202400001357";"155779385";"A01";"2";"50";"0";"2";"1";"26";"3";""
"202400001357";"155779387";"B01";"1";"7";"6";"9";"3";"15";"1";""
"202400001358";"155779380";"A01";"1";"7";"0";"2";"1";"16";"1";""
"202400001358";"155779382";"B01";"1";"7";"0";"2";"6";"16";"1";""
"202400001359";"155779379";"A01";"1";"33";"0";"2";"1";"1";"1";""
"202400001359";"155779381";"B01";"1";"7";"0";"2";"3";"9";"0";""
"202400001360";"155779376";"A01";"2";"7";"0";"2";"1";"15";"1";""
"202400001360";"155779377";"B01";"1";"7";"0";"2";"7";"1";"1";""
"202400001361";"155779374";"A01";"1";"7";"2";"2";"1";"13";"1";""
"202400001361";"155779375";"B01";"2";"32";"0";"2";"1";"1";"1";""
"202400001362";"155779373";"A01";"1";"7";"0";"1";"1";"1";"1";""
"202400001363";"155779369";"A01";"1";"32";"6";"0";"1";"0";"1";""
"202400001364";"155779368";"B01";"0";"7";"0";"2";"2";"1";"1";""
"202400001364";"155779370";"A01";"0";"7";"0";"2";"6";"15";"1";""
"202400001365";"155779367";"A01";"3";"7";"13";"0";"1";"1";"1";""
"202400001366";"155779366";"A01";"0";"7";"0";"1";"1";"15";"1";""
"202400001367";"155779364";"A01";"1";"7";"0";"2";"3";"15";"1";""
"202400001367";"155779365";"B01";"1";"7";"0";"2";"2";"17";"1";""
"202400001368";"155779361";"A01";"2";"43";"4";"0";"7";"12";"1";""
"202400001369";"155779362";"B01";"3";"7";"0";"2";"2";"16";"1";""
"202400001369";"155779363";"A01";"2";"1";"0";"2";"1";"19";"5";""
"202400001370";"155779360";"A01";"1";"33";"6";"0";"7";"17";"1";""
"202400001371";"155779358";"A01";"1";"7";"5";"0";"2";"1";"1";""
"202400001372";"155779359";"A01";"1";"7";"0";"1";"1";"1";"3";""
"202400001373";"155779356";"A01";"1";"7";"0";"2";"0";"11";"1";""
"202400001373";"155779357";"B01";"1";"7";"4";"2";"8";"1";"1";""
"202400001374";"155779352";"A01";"2";"50";"0";"2";"1";"25";"3";""
"202400001374";"155779355";"B01";"2";"7";"0";"2";"7";"1";"1";""
"202400001375";"155779351";"A01";"2";"7";"0";"0";"1";"26";"1";""
"202400001376";"155779349";"A01";"1";"33";"0";"0";"0";"1";"1";""
"202400001377";"155779348";"B01";"3";"7";"0";"2";"1";"1";"1";""
"202400001377";"155779350";"A01";"3";"34";"0";"2";"3";"1";"1";""
"202400001378";"155779346";"A01";"2";"7";"3";"2";"1";"2";"1";""
"202400001378";"155779347";"B01";"2";"7";"0";"0";"4";"2";"1";""
"202400001379";"155779344";"A01";"1";"7";"0";"2";"4";"16";"1";""
"202400001379";"155779345";"B01";"1";"50";"0";"2";"1";"1";"3";""
"202400001380";"155779343";"A01";"1";"33";"0";"0";"1";"0";"1";""
"202400001381";"155779342";"A01";"2";"33";"3";"0";"2";"1";"1";""
"202400001382";"155779340";"A01";"1";"30";"0";"2";"1";"1";"1";""
"202400001382";"155779341";"B01";"2";"10";"0";"2";"6";"1";"1";""
"202400001383";"155779339";"A01";"3";"7";"0";"1";"1";"1";"1";""
"202400001384";"155779335";"A01";"1";"7";"0";"2";"3";"13";"1";""
"202400001384";"155779337";"B01";"2";"7";"0";"2";"3";"1";"1";""
"202400001385";"155779336";"A01";"1";"7";"0";"2";"2";"15";"1";""
"202400001385";"155779338";"B01";"2";"33";"0";"2";"1";"0";"1";""
"202400001386";"155779334";"A01";"2";"33";"2";"0";"1";"1";"0";""
"202400001387";"155779332";"A01";"2";"33";"0";"2";"1";"17";"1";""
"202400001387";"155779333";"B01";"2";"7";"0";"2";"6";"15";"1";""
"202400001388";"155779331";"A01";"2";"7";"17";"0";"1";"17";"1";""
"202400001389";"155779329";"A01";"1";"7";"0";"2";"3";"13";"1";""
"202400001389";"155779330";"B01";"2";"10";"0";"2";"3";"1";"1";""
"202400001390";"155779327";"A01";"0";"7";"0";"1";"1";"1";"1";""
"202400001391";"155779325";"A01";"3";"7";"0";"0";"9";"1";"1";""
"202400001392";"155779324";"B01";"1";"7";"0";"2";"4";"0";"1";""
"202400001392";"155779326";"C01";"1";"7";"0";"2";"4";"1";"1";""
"202400001392";"155779328";"A01";"1";"7";"0";"2";"1";"0";"1";""
"202400001393";"155779323";"A01";"1";"7";"0";"1";"5";"1";"1";""
"202400001394";"155779320";"B01";"2";"17";"0";"0";"5";"2";"1";""
"202400001394";"155779322";"A01";"2";"7";"0";"2";"1";"2";"1";""
"202400001395";"155779318";"A01";"1";"33";"0";"2";"1";"1";"1";""
"202400001395";"155779321";"B01";"2";"33";"0";"0";"1";"1";"1";""
"202400001396";"155779315";"A01";"1";"7";"0";"2";"1";"2";"1";""
"202400001396";"155779316";"B01";"2";"7";"0";"2";"1";"2";"2";""
"202400001397";"155779311";"B01";"1";"7";"0";"2";"4";"23";"1";""
"202400001397";"155779313";"A01";"1";"7";"0";"2";"1";"2";"2";""
"202400001398";"155779310";"C01";"0";"7";"0";"2";"3";"1";"1";""
"202400001398";"155779312";"A01";"3";"7";"0";"2";"1";"21";"1";""
"202400001398";"155779314";"B01";"0";"7";"0";"0";"0";"5";"1";""
"202400001399";"155779308";"B01";"1";"7";"3";"2";"1";"2";"2";""
"202400001399";"155779309";"A01";"1";"7";"0";"6";"4";"2";"1";""
"202400001400";"155779305";"B01";"3";"50";"0";"2";"7";"1";"3";""
"202400001400";"155779307";"A01";"3";"7";"0";"2";"1";"1";"1";""
"202400001401";"155779304";"A01";"1";"7";"0";"1";"2";"2";"1";""
"202400001402";"155779303";"A01";"2";"7";"0";"2";"1";"2";"1";""
"202400001402";"155779306";"B01";"2";"7";"0";"2";"4";"1";"1";""
"202400001403";"155779301";"A01";"2";"7";"0";"2";"9";"14";"1";""
"202400001404";"155779300";"A01";"1";"7";"0";"2";"1";"13";"1";""
"202400001404";"155779302";"B01";"2";"7";"0";"2";"1";"1";"1";""
"202400001405";"155779299";"A01";"1";"7";"1";"1";"2";"25";"3";""
"202400001406";"155779296";"A01";"2";"80";"0";"0";"0";"0";"3";""
"202400001407";"155779295";"A01";"1";"7";"4";"2";"1";"2";"1";""
"202400001407";"155779298";"B01";"1";"7";"4";"0";"4";"2";"1";""
"202400001408";"155779293";"A01";"1";"7";"16";"0";"0";"13";"1";""
"202400001409";"155779294";"A01";"1";"7";"16";"2";"1";"26";"1";""
"202400001409";"155779297";"B01";"2";"7";"0";"0";"0";"0";"3";""
"202400001410";"155779291";"A01";"3";"7";"0";"2";"1";"1";"1";""
"202400001410";"155779292";"B01";"3";"7";"0";"2";"1";"1";"1";""
"202400001411";"155779290";"A01";"3";"50";"0";"1";"1";"1";"3";""
"202400001412";"155779287";"B01";"2";"7";"0";"2";"2";"1";"1";""
"202400001412";"155779289";"A01";"1";"2";"0";"2";"1";"5";"1";""
"202400001413";"155779286";"A01";"1";"7";"0";"2";"2";"13";"1";""
"202400001413";"155779288";"B01";"2";"7";"0";"2";"2";"1";"1";""
"202400001414";"155779284";"B01";"2";"7";"0";"2";"4";"1";"3";""
"202400001414";"155779285";"A01";"2";"7";"0";"2";"1";"1";"1";""
"202400001415";"155779281";"A01";"3";"7";"0";"2";"3";"13";"1";""
"202400001415";"155779282";"B01";"1";"10";"0";"2";"2";"1";"1";""
"202400001416";"155779279";"A01";"2";"50";"8";"0";"1";"1";"3";""
"202400001417";"155779278";"A01";"2";"7";"0";"0";"9";"17";"1";""
"202400001418";"155779276";"A01";"2";"7";"0";"2";"4";"1";"2";""
"202400001418";"155779277";"B01";"2";"7";"0";"2";"1";"1";"1";""
"202400001419";"155779273";"A01";"2";"10";"0";"2";"2";"1";"1";""
"202400001419";"155779274";"B01";"2";"1";"0";"2";"4";"1";"5";""
"202400001420";"155779272";"A01";"0";"50";"0";"0";"0";"0";"3";""
"202400001421";"155779271";"A01";"0";"7";"8";"0";"1";"1";"1";""
"202400001421";"155779275";"B01";"0";"7";"8";"0";"1";"1";"1";""
"202400001422";"155779270";"A01";"1";"7";"13";"0";"1";"13";"1";""
"202400001423";"155779268";"A01";"3";"7";"0";"2";"2";"1";"6";""
"202400001423";"155779269";"B01";"3";"2";"0";"2";"1";"13";"1";""
"202400001424";"155779267";"A01";"0";"7";"2";"0";"9";"1";"1";""
"202400001425";"155779264";"A01";"1";"10";"4";"0";"1";"1";"1";""
"202400001426";"155779262";"A01";"2";"7";"0";"1";"1";"1";"1";""
"202400001427";"155779259";"A01";"1";"7";"6";"0";"1";"14";"1";""
"202400001428";"155779260";"A01";"1";"10";"0";"2";"4";"1";"1";""
"202400001428";"155779263";"B01";"1";"7";"0";"2";"1";"1";"2";""
"202400001428";"155779265";"C01";"1";"7";"0";"2";"2";"0";"6";""
"202400001428";"155779266";"D01";"1";"7";"0";"2";"1";"1";"1";""
"202400001429";"155779258";"A01";"2";"7";"0";"0";"3";"15";"1";""
"202400001429";"155779261";"B01";"2";"2";"0";"0";"1";"17";"1";""
"202400001430";"155779254";"B01";"1";"7";"0";"2";"1";"1";"1";""
"202400001430";"155779257";"A01";"2";"10";"0";"2";"1";"13";"1";""
"202400001431";"155779253";"B01";"1";"7";"0";"2";"3";"0";"1";""
"202400001431";"155779255";"A01";"1";"33";"1";"0";"1";"0";"1";""
"202400001432";"155779252";"A01";"2";"7";"0";"2";"4";"1";"1";""
"202400001432";"155779256";"B01";"2";"7";"0";"2";"1";"1";"1";""
"202400001433";"155779248";"B01";"2";"7";"0";"2";"3";"13";"1";""
"202400001433";"155779251";"A01";"1";"10";"0";"2";"3";"1";"1";""
"202400001434";"155779247";"A01";"1";"7";"0";"2";"1";"2";"1";""
"202400001434";"155779249";"B01";"1";"10";"0";"2";"4";"23";"1";""
"202400001435";"155779246";"A01";"1";"7";"13";"0";"1";"1";"1";""
"202400001436";"155779245";"A01";"2";"7";"8";"2";"1";"2";"1";""
"202400001436";"155779250";"B01";"2";"1";"0";"2";"4";"1";"5";""
"202400001437";"155779243";"A01";"2";"33";"0";"2";"1";"5";"1";""
"202400001437";"155779244";"B01";"1";"7";"0";"2";"3";"2";"1";""
"202400001438";"155779242";"A01";"1";"7";"0";"1";"6";"10";"1";""
"202400001439";"155779239";"B01";"1";"50";"0";"2";"1";"1";"3";""
"202400001439";"155779241";"A01";"2";"7";"0";"2";"8";"15";"1";""
"202400001440";"155779237";"A01";"2";"10";"13";"0";"1";"0";"1";""
"202400001441";"155779234";"A01";"2";"7";"0";"2";"0";"1";"1";""
"202400001441";"155779236";"B01";"2";"7";"0";"2";"0";"1";"1";""
"202400001441";"155779238";"C01";"2";"7";"0";"2";"0";"1";"1";""
"202400001441";"155779240";"D01";"2";"7";"0";"2";"0";"0";"1";""
"202400001442";"155779233";"B01";"2";"7";"0";"2";"1";"16";"1";""
"202400001442";"155779235";"A01";"1";"50";"0";"2";"1";"5";"3";""
"202400001443";"155779231";"B01";"1";"33";"0";"2";"7";"3";"1";""
"202400001443";"155779232";"A01";"1";"7";"0";"2";"3";"11";"1";""
"202400001444";"155779225";"D01";"2";"7";"0";"2";"2";"23";"1";""
"202400001444";"155779227";"B01";"2";"33";"0";"2";"4";"23";"1";""
"202400001444";"155779229";"C01";"2";"7";"0";"2";"4";"23";"1";""
"202400001444";"155779230";"A01";"2";"2";"0";"2";"1";"1";"1";""
"202400001445";"155779224";"A01";"2";"7";"0";"2";"8";"11";"1";""
"202400001445";"155779226";"B01";"2";"33";"0";"2";"8";"3";"1";""
"202400001445";"155779228";"C01";"2";"7";"0";"2";"4";"1";"2";""
"202400001446";"155779222";"B01";"0";"7";"0";"2";"8";"1";"1";""
"202400001446";"155779223";"A01";"3";"31";"0";"2";"1";"19";"1";""
"202400001447";"155779221";"A01";"3";"40";"0";"1";"3";"1";"3";""
"202400001448";"155779219";"A01";"2";"33";"0";"2";"3";"18";"1";""
"202400001448";"155779220";"B01";"1";"10";"0";"2";"1";"15";"1";""
"202400001449";"155779217";"A01";"0";"7";"0";"2";"1";"1";"1";""
"202400001449";"155779218";"B01";"0";"7";"6";"2";"4";"23";"1";""
"202400001450";"155779215";"A01";"2";"50";"0";"2";"1";"1";"3";""
"202400001450";"155779216";"B01";"2";"7";"0";"2";"3";"9";"2";""
"202400001451";"155779213";"A01";"0";"7";"0";"2";"1";"1";"1";""
"202400001451";"155779214";"B01";"0";"7";"0";"2";"8";"1";"1";""
"202400001452";"155779212";"A01";"0";"7";"1";"0";"1";"1";"1";""
"202400001453";"155779208";"B01";"1";"7";"0";"2";"1";"2";"1";""
"202400001453";"155779209";"C01";"1";"10";"0";"2";"1";"2";"1";""
"202400001453";"155779210";"D01";"1";"7";"0";"2";"2";"2";"1";""
"202400001453";"155779211";"A01";"2";"7";"0";"2";"1";"5";"1";""
"202400001454";"155779206";"A01";"2";"2";"0";"2";"1";"2";"1";""
"202400001454";"155779207";"B01";"2";"7";"8";"2";"4";"2";"1";""
"202400001455";"155779205";"A01";"1";"7";"0";"1";"1";"26";"1";""
"202400001456";"155779202";"A01";"1";"7";"12";"2";"1";"11";"1";""
"202400001456";"155779203";"B01";"1";"7";"0";"2";"6";"2";"1";""
"202400001456";"155779204";"C01";"1";"7";"0";"2";"3";"1";"1";""
"202400001457";"155779200";"A01";"3";"7";"0";"2";"1";"1";"1";""
"202400001457";"155779201";"B01";"3";"7";"0";"2";"5";"15";"1";""
"202400001458";"155779198";"C01";"2";"7";"1";"0";"4";"24";"1";""
"202400001458";"155779199";"A01";"2";"7";"1";"0";"2";"16";"1";""
"202400001459";"155779195";"C01";"2";"7";"0";"2";"4";"2";"1";""
"202400001459";"155779196";"A01";"2";"7";"0";"2";"1";"2";"1";""
"202400001459";"155779197";"B01";"2";"7";"0";"2";"4";"2";"1";""
"202400001460";"155779193";"A01";"1";"43";"0";"2";"6";"1";"1";""
"202400001460";"155779194";"Z01";"1";"10";"0";"2";"1";"1";"1";""
"202400001461";"155779191";"B01";"2";"32";"0";"2";"2";"1";"1";""