"Num_Acc";"id_vehicule";"num_veh";"senc";"catv";"obs";"obsm";"choc";"manv";"motor";"occutc"
"202400001461";"155779192";"A01";"2";"7";"0";"2";"8";"13";"1";""
"202400001462";"155779189";"A01";"2";"32";"0";"2";"1";"5";"1";""
"202400001462";"155779190";"B01";"2";"7";"0";"2";"3";"15";"2";""
"202400001463";"155779188";"A01";"1";"10";"1";"1";"1";"24";"1";""
"202400001464";"155779186";"B01";"1";"33";"0";"2";"4";"1";"1";""
"202400001464";"155779187";"A01";"1";"32";"0";"2";"1";"1";"1";""
"202400001465";"155779185";"Z01";"0";"1";"0";"1";"2";"25";"5";""
"202400001466";"155779183";"B01";"1";"7";"0";"2";"1";"1";"1";""
"202400001466";"155779184";"A01";"2";"43";"0";"2";"7";"15";"1";""
"202400001467";"155779182";"A01";"1";"7";"0";"1";"2";"1";"2";""
"202400001468";"155779180";"A01";"1";"1";"0";"2";"1";"1";"5";""
"202400001468";"155779181";"B01";"2";"1";"0";"2";"1";"1";"5";""
"202400001469";"155779178";"A01";"1";"7";"0";"2";"2";"15";"2";""
"202400001469";"155779179";"B01";"1";"30";"0";"2";"3";"1";"3";""
"202400001470";"155779177";"Z01";"1";"7";"0";"1";"1";"15";"3";""
"202400001471";"155779176";"A01";"1";"50";"12";"0";"1";"21";"3";""
"202400001472";"155779175";"A01";"1";"7";"0";"1";"2";"1";"1";""
"202400001473";"155779174";"A01";"2";"1";"0";"1";"1";"1";"5";""
"202400001474";"155779173";"A01";"1";"32";"0";"0";"1";"21";"1";""
"202400001475";"155779171";"A01";"1";"32";"0";"2";"1";"5";"1";""
"202400001475";"155779172";"B01";"2";"7";"0";"2";"1";"1";"1";""
"202400001476";"155779169";"A01";"3";"30";"0";"2";"8";"18";"1";""
"202400001476";"155779170";"B01";"3";"7";"0";"2";"5";"2";"1";""
"202400001477";"155779167";"A01";"2";"7";"0";"2";"1";"1";"1";""
"202400001477";"155779168";"B01";"2";"33";"0";"2";"4";"23";"1";""
"202400001478";"155779166";"A01";"3";"7";"13";"0";"1";"26";"1";""
"202400001479";"155779164";"A01";"0";"34";"0";"2";"4";"12";"1";""
"202400001479";"155779165";"B01";"0";"3";"0";"0";"0";"0";"0";""
"202400001480";"155779163";"A01";"1";"7";"0";"1";"1";"12";"0";""
"202400001481";"155779161";"A01";"3";"30";"0";"2";"2";"0";"0";""
"202400001481";"155779162";"B01";"3";"50";"0";"2";"3";"0";"3";""
"202400001482";"155779159";"B01";"1";"10";"0";"2";"5";"11";"1";""
"202400001482";"155779160";"A01";"1";"37";"0";"2";"3";"1";"4";"5"
"202400001483";"155779158";"A01";"0";"10";"0";"1";"1";"15";"1";""
"202400001484";"155779156";"B01";"3";"7";"0";"2";"3";"1";"1";""
"202400001484";"155779157";"A01";"1";"7";"0";"2";"1";"26";"1";""
"202400001485";"155779155";"A01";"1";"7";"2";"1";"2";"9";"1";""
"202400001486";"155779154";"A01";"1";"7";"0";"1";"1";"1";"1";""
"202400001487";"155779152";"A01";"2";"7";"0";"9";"3";"15";"1";""
"202400001487";"155779153";"B01";"2";"60";"0";"2";"2";"1";"5";""
"202400001488";"155779150";"A01";"0";"32";"0";"2";"2";"15";"1";""
"202400001488";"155779151";"B01";"1";"0";"0";"2";"0";"0";"0";""
"202400001489";"155779149";"A01";"0";"7";"0";"1";"3";"15";"1";""
"202400001490";"155779147";"A01";"1";"32";"0";"0";"8";"24";"1";""
"202400001490";"155779148";"B01";"1";"99";"1";"0";"1";"1";"0";""
"202400001491";"155779146";"A01";"3";"32";"0";"1";"7";"1";"1";""
"202400001492";"155779145";"A01";"3";"43";"1";"0";"2";"14";"1";""
"202400001493";"155779143";"B01";"0";"99";"0";"2";"8";"15";"1";""
"202400001493";"155779144";"A01";"0";"32";"0";"2";"2";"17";"1";""
"202400001494";"155779141";"A01";"2";"7";"0";"2";"1";"2";"1";""
"202400001494";"155779142";"B01";"2";"7";"0";"2";"4";"2";"1";""
"202400001495";"155779140";"A01";"0";"80";"1";"2";"1";"22";"3";""
"202400001496";"155779138";"B01";"2";"32";"0";"2";"3";"1";"1";""
"202400001496";"155779139";"A01";"2";"7";"0";"2";"2";"9";"2";""
"202400001497";"155779136";"A01";"2";"7";"0";"2";"1";"1";"1";""
"202400001497";"155779137";"B01";"2";"7";"14";"0";"4";"23";"1";""
"202400001498";"155779134";"A01";"1";"7";"0";"2";"1";"2";"1";""
"202400001498";"155779135";"B01";"1";"7";"0";"2";"4";"2";"1";""
"202400001499";"155779132";"Y01";"3";"1";"0";"2";"0";"0";"5";""
"202400001499";"155779133";"A01";"3";"7";"0";"1";"1";"9";"1";""
"202400001500";"155779130";"A01";"1";"7";"0";"2";"3";"15";"1";""
"202400001500";"155779131";"B01";"1";"33";"0";"2";"1";"3";"1";""
"202400001501";"155779128";"A01";"1";"7";"0";"2";"3";"1";"1";""
"202400001501";"155779129";"B01";"1";"31";"0";"2";"2";"1";"1";""
"202400001502";"155779126";"A01";"1";"3";"0";"9";"1";"1";"1";""
"202400001502";"155779127";"B01";"1";"1";"0";"2";"8";"1";"5";""
"202400001503";"155779125";"A01";"3";"7";"2";"0";"3";"0";"1";""
"202400001504";"155779123";"A01";"0";"10";"0";"2";"8";"9";"1";""
"202400001504";"155779124";"B01";"0";"15";"0";"2";"1";"1";"1";""
"202400001505";"155779122";"A01";"0";"7";"0";"1";"3";"15";"1";""
"202400001506";"155779121";"A01";"1";"7";"0";"1";"7";"15";"6";""
"202400001507";"155779120";"A01";"0";"50";"0";"1";"0";"0";"3";""
"202400001508";"155779118";"B01";"2";"7";"0";"2";"1";"13";"1";""
"202400001508";"155779119";"A01";"1";"7";"0";"2";"1";"1";"1";""
"202400001509";"155779117";"A01";"1";"7";"6";"9";"3";"1";"1";""
"202400001510";"155779115";"A01";"3";"10";"0";"2";"1";"16";"1";""
"202400001510";"155779116";"B01";"3";"7";"0";"2";"8";"1";"1";""
"202400001511";"155779113";"B01";"1";"7";"0";"2";"7";"17";"1";""
"202400001511";"155779114";"A01";"1";"21";"0";"2";"3";"15";"1";""
"202400001512";"155779112";"A01";"2";"7";"7";"0";"1";"1";"1";""
"202400001513";"155779110";"A01";"1";"7";"0";"0";"3";"15";"1";""
"202400001513";"155779111";"B01";"1";"33";"0";"2";"1";"17";"1";""
"202400001514";"155779108";"A01";"2";"7";"0";"2";"3";"1";"1";""
"202400001514";"155779109";"B01";"1";"10";"0";"2";"2";"0";"1";""
"202400001515";"155779104";"A01";"1";"7";"0";"2";"1";"13";"1";""
"202400001515";"155779105";"B01";"2";"10";"0";"2";"1";"1";"1";""
"202400001516";"155779102";"B01";"2";"33";"0";"0";"9";"21";"1";""
"202400001516";"155779103";"A01";"1";"7";"0";"0";"2";"19";"1";""
"202400001517";"155779101";"A01";"1";"14";"0";"1";"2";"1";"1";""
"202400001518";"155779100";"A01";"1";"7";"16";"0";"2";"1";"1";""
"202400001519";"155779098";"A01";"1";"2";"0";"2";"1";"1";"1";""
"202400001519";"155779099";"B01";"2";"21";"0";"2";"1";"15";"1";""
"202400001520";"155779097";"A01";"1";"7";"13";"0";"3";"13";"1";""
"202400001521";"155779094";"A01";"1";"2";"0";"9";"8";"0";"1";""
"202400001521";"155779095";"B01";"2";"10";"0";"0";"0";"0";"1";""
"202400001522";"155779092";"B01";"2";"7";"0";"2";"3";"15";"1";""
"202400001522";"155779093";"A01";"1";"33";"0";"2";"1";"17";"1";""
"202400001523";"155779091";"A01";"1";"7";"2";"0";"2";"14";"1";""
"202400001524";"155779089";"A01";"1";"33";"0";"2";"1";"17";"1";""
"202400001524";"155779090";"B01";"1";"7";"0";"2";"3";"15";"1";""
"202400001525";"155779086";"A01";"2";"7";"0";"2";"1";"1";"1";""
"202400001525";"155779087";"B01";"2";"7";"0";"2";"4";"15";"1";""
"202400001525";"155779088";"C01";"1";"10";"13";"0";"1";"1";"1";""
"202400001526";"155779084";"B01";"1";"2";"0";"2";"2";"1";"1";""
"202400001526";"155779085";"A01";"1";"7";"0";"2";"3";"9";"1";""
"202400001527";"155779083";"A01";"2";"10";"0";"5";"1";"0";"1";""
"202400001528";"155779082";"A01";"3";"15";"0";"1";"5";"9";"1";""
"202400001529";"155779081";"A01";"1";"31";"12";"0";"1";"1";"1";""
"202400001530";"155779080";"A01";"1";"7";"13";"0";"1";"1";"1";""
"202400001531";"155779078";"A01";"3";"33";"0";"2";"1";"1";"1";""
"202400001531";"155779079";"B01";"3";"7";"0";"2";"4";"1";"1";""
"202400001532";"155779076";"B01";"0";"33";"0";"2";"1";"1";"1";""
"202400001532";"155779077";"A01";"3";"7";"0";"2";"2";"15";"1";""
"202400001533";"155779074";"A01";"1";"10";"0";"2";"2";"15";"1";""
"202400001533";"155779075";"B01";"2";"33";"0";"2";"1";"1";"1";""
"202400001534";"155779072";"A01";"2";"33";"0";"2";"1";"2";"1";""
"202400001534";"155779073";"B01";"2";"7";"0";"2";"6";"2";"1";""
"202400001535";"155779070";"B01";"2";"2";"0";"2";"1";"1";"1";""
"202400001535";"155779071";"A01";"1";"7";"0";"2";"5";"15";"1";""
"202400001536";"155779068";"A01";"3";"33";"0";"2";"1";"1";"1";""
"202400001536";"155779069";"B01";"3";"7";"0";"2";"4";"1";"1";""
"202400001537";"155779066";"B01";"1";"30";"0";"2";"7";"1";"1";""
"202400001537";"155779067";"A01";"1";"7";"0";"2";"3";"15";"1";""
"202400001538";"155779064";"A01";"1";"32";"0";"2";"1";"1";"1";""
"202400001538";"155779065";"B01";"1";"1";"0";"2";"8";"19";"5";""
"202400001539";"155779062";"B01";"2";"33";"0";"2";"3";"0";"1";""
"202400001539";"155779063";"A01";"2";"7";"0";"2";"2";"1";"1";""
"202400001540";"155779060";"C01";"0";"2";"0";"2";"0";"0";"0";""
"202400001540";"155779061";"B01";"3";"33";"0";"2";"8";"26";"1";""
"202400001541";"155779058";"A01";"1";"7";"1";"0";"2";"14";"1";""
"202400001541";"155779059";"B01";"1";"17";"0";"2";"3";"24";"1";""
"202400001542";"155779056";"B01";"2";"15";"0";"2";"5";"16";"1";""
"202400001542";"155779057";"A01";"2";"7";"0";"2";"1";"9";"1";""
"202400001543";"155779054";"A01";"3";"3";"0";"2";"3";"26";"1";""
"202400001543";"155779055";"B01";"3";"7";"0";"2";"1";"1";"1";""
"202400001544";"155779052";"A01";"3";"7";"0";"2";"2";"19";"1";""
"202400001544";"155779053";"B01";"3";"7";"12";"2";"6";"1";"1";""
"202400001545";"155779050";"A01";"2";"10";"0";"2";"3";"9";"1";""
"202400001545";"155779051";"B01";"2";"7";"0";"2";"7";"1";"1";""
"202400001546";"155779048";"A01";"3";"7";"0";"2";"1";"15";"1";""
"202400001546";"155779049";"B01";"3";"2";"0";"2";"2";"1";"1";""
"202400001547";"155779046";"A01";"2";"7";"9";"2";"8";"15";"1";""
"202400001547";"155779047";"B01";"2";"33";"9";"2";"1";"1";"1";""
"202400001548";"155779044";"B01";"1";"50";"0";"2";"0";"0";"3";""
"202400001548";"155779045";"A01";"1";"7";"0";"2";"0";"0";"1";""
"202400001549";"155779042";"A01";"2";"33";"0";"2";"1";"3";"1";""
"202400001549";"155779043";"B01";"1";"10";"0";"2";"5";"1";"1";""
"202400001550";"155779041";"B01";"1";"1";"0";"1";"0";"1";"5";""
"202400001551";"155779040";"A01";"1";"80";"0";"1";"1";"1";"3";""
"202400001552";"155779038";"A01";"3";"7";"1";"2";"1";"1";"1";""
"202400001552";"155779039";"B01";"3";"7";"0";"2";"4";"0";"1";""
"202400001553";"155779035";"A01";"1";"1";"0";"2";"1";"19";"5";""
"202400001553";"155779036";"B01";"3";"7";"0";"2";"1";"1";"2";""
"202400001554";"155779033";"B01";"1";"1";"0";"2";"8";"1";"5";""
"202400001554";"155779034";"A01";"1";"7";"0";"2";"2";"16";"1";""
"202400001555";"155779031";"B01";"1";"10";"0";"2";"7";"15";"1";""
"202400001555";"155779032";"A01";"1";"7";"0";"2";"1";"1";"2";""
"202400001556";"155779030";"A01";"3";"7";"0";"1";"1";"16";"2";""
"202400001557";"155779028";"A01";"1";"7";"0";"2";"2";"1";"2";""
"202400001557";"155779029";"B01";"1";"1";"0";"2";"5";"1";"5";""
"202400001558";"155779027";"A01";"3";"7";"0";"1";"8";"1";"2";""
"202400001559";"155779026";"A01";"2";"32";"0";"1";"1";"1";"1";""
"202400001560";"155779024";"A01";"1";"32";"0";"2";"8";"7";"1";""
"202400001560";"155779025";"B01";"1";"7";"0";"2";"2";"16";"1";""
"202400001561";"155779022";"A01";"0";"33";"4";"0";"1";"1";"0";""
"202400001562";"155779021";"B01";"3";"21";"0";"2";"1";"1";"1";""
"202400001562";"155779023";"A01";"3";"31";"0";"2";"1";"1";"1";""
"202400001563";"155779020";"A01";"3";"7";"0";"1";"1";"19";"1";""
"202400001564";"155779017";"B01";"3";"7";"0";"2";"1";"1";"1";""
"202400001564";"155779019";"A01";"3";"7";"0";"2";"4";"1";"1";""
"202400001565";"155779016";"A01";"3";"7";"0";"2";"3";"1";"1";""
"202400001565";"155779018";"B01";"2";"7";"0";"2";"2";"1";"1";""
"202400001566";"155779013";"Z01";"1";"7";"3";"2";"1";"1";"1";""
"202400001566";"155779015";"A01";"1";"7";"3";"2";"3";"9";"1";""
"202400001567";"155779012";"B01";"2";"2";"0";"2";"1";"1";"1";""
"202400001567";"155779014";"A01";"2";"7";"0";"0";"6";"15";"1";""
"202400001568";"155779009";"A01";"1";"7";"16";"2";"0";"0";"1";""
"202400001568";"155779011";"B01";"1";"7";"14";"2";"3";"16";"1";""
"202400001569";"155779006";"A01";"3";"1";"0";"0";"1";"1";"5";""
"202400001570";"155779005";"B01";"1";"1";"0";"2";"1";"1";"5";""
"202400001570";"155779007";"A01";"1";"7";"1";"0";"3";"15";"1";""
"202400001571";"155779001";"C01";"3";"7";"0";"2";"4";"2";"1";""
"202400001571";"155779002";"A01";"3";"7";"0";"2";"1";"2";"1";""
"202400001571";"155779003";"B01";"3";"7";"0";"0";"0";"0";"1";""
"202400001572";"155779000";"B01";"1";"33";"0";"2";"1";"1";"1";""
"202400001572";"155779004";"A01";"1";"10";"0";"2";"8";"19";"1";""
"202400001573";"155778997";"A01";"1";"10";"0";"2";"4";"4";"1";""
"202400001573";"155778999";"B01";"1";"31";"0";"2";"1";"23";"3";""
"202400001574";"155778996";"B01";"2";"7";"0";"2";"1";"19";"6";""
"202400001574";"155778998";"A01";"1";"33";"0";"2";"7";"1";"1";""
"202400001575";"155778994";"A01";"3";"7";"0";"2";"1";"2";"1";""
"202400001575";"155778995";"B01";"3";"7";"0";"2";"4";"1";"3";""
"202400001576";"155778992";"A01";"1";"1";"0";"2";"8";"1";"5";""
"202400001576";"155778993";"B01";"2";"7";"0";"9";"1";"1";"1";""
"202400001577";"155778990";"A01";"2";"7";"0";"2";"7";"15";"1";""
"202400001577";"155778991";"B01";"1";"7";"0";"2";"1";"1";"2";""
"202400001578";"155778988";"A01";"0";"30";"0";"2";"1";"1";"1";""
"202400001578";"155778989";"B01";"0";"7";"0";"2";"2";"19";"1";""
"202400001579";"155778987";"A01";"2";"7";"16";"0";"0";"14";"1";""
"202400001580";"155778985";"A01";"2";"30";"0";"2";"8";"17";"3";""
"202400001580";"155778986";"B01";"2";"7";"0";"2";"8";"13";"1";""
"202400001581";"155778983";"A01";"0";"42";"0";"0";"0";"0";"1";""
"202400001581";"155778984";"B01";"3";"7";"0";"2";"3";"0";"1";""
"202400001582";"155778980";"A01";"1";"33";"0";"2";"1";"10";"3";""
"202400001582";"155778981";"B01";"2";"2";"0";"2";"1";"1";"3";""
"202400001583";"155778979";"A01";"2";"7";"0";"2";"3";"1";"1";""
"202400001583";"155778982";"B01";"1";"7";"3";"0";"3";"1";"1";""
"202400001584";"155778978";"A01";"1";"10";"0";"1";"4";"4";"1";""
"202400001585";"155778977";"A01";"1";"7";"0";"1";"1";"1";"1";""
"202400001586";"155778975";"A01";"1";"7";"0";"2";"3";"17";"1";""
"202400001586";"155778976";"B01";"1";"30";"0";"2";"1";"17";"1";""
"202400001587";"155778974";"A01";"2";"10";"0";"1";"1";"15";"1";""
"202400001588";"155778972";"A01";"2";"7";"6";"0";"1";"1";"1";""
"202400001589";"155778971";"A01";"1";"7";"0";"2";"1";"19";"1";""
"202400001589";"155778973";"B01";"1";"7";"3";"0";"2";"1";"1";""
"202400001590";"155778970";"A01";"2";"7";"3";"0";"9";"2";"1";""
"202400001591";"155778968";"B01";"2";"33";"0";"2";"1";"1";"1";""
"202400001591";"155778969";"A01";"1";"10";"0";"2";"3";"1";"1";""
"202400001592";"155778967";"A01";"2";"7";"8";"0";"9";"1";"1";""
"202400001593";"155778965";"A01";"2";"33";"0";"2";"1";"1";"1";""
"202400001593";"155778966";"B01";"1";"36";"0";"2";"1";"5";"1";""
"202400001594";"155778963";"A01";"2";"33";"0";"2";"3";"0";"1";""
"202400001594";"155778964";"B01";"1";"31";"0";"2";"3";"17";"1";""
"202400001595";"155778961";"A01";"1";"7";"0";"2";"1";"1";"1";""
"202400001595";"155778962";"B01";"2";"7";"0";"2";"7";"1";"1";""
"202400001596";"155778960";"A01";"1";"7";"6";"0";"3";"1";"0";""
"202400001597";"155778959";"A01";"3";"7";"6";"0";"1";"1";"1";""
"202400001598";"155778958";"A01";"3";"7";"11";"0";"1";"1";"1";""
"202400001599";"155778956";"A01";"1";"33";"13";"0";"1";"1";"1";""
"202400001599";"155778957";"B01";"1";"33";"13";"0";"1";"1";"1";""
"202400001600";"155778954";"A01";"2";"7";"6";"0";"2";"0";"1";""
"202400001601";"155778951";"B01";"3";"7";"0";"2";"3";"1";"1";""
"202400001601";"155778953";"A01";"3";"7";"0";"2";"2";"13";"1";""
"202400001602";"155778949";"A01";"0";"7";"0";"2";"1";"19";"1";""
"202400001602";"155778950";"B01";"2";"7";"0";"2";"7";"1";"1";""
"202400001602";"155778952";"C01";"1";"7";"0";"2";"3";"1";"2";""
"202400001603";"155778948";"A01";"2";"7";"0";"1";"1";"1";"3";""
"202400001604";"155778946";"A01";"0";"7";"6";"0";"1";"14";"1";""
"202400001605";"155778947";"A01";"2";"2";"0";"0";"8";"15";"1";""
"202400001606";"155778945";"A01";"1";"7";"13";"0";"9";"26";"1";""
"202400001607";"155778941";"B01";"2";"7";"0";"2";"8";"1";"1";""
"202400001607";"155778943";"A01";"1";"7";"0";"2";"1";"9";"1";""
"202400001608";"155778938";"A01";"1";"7";"0";"2";"3";"17";"1";""
"202400001608";"155778940";"B01";"2";"7";"0";"2";"1";"1";"1";""
"202400001609";"155778937";"A01";"1";"7";"0";"2";"1";"15";"0";""
"202400001609";"155778939";"B01";"2";"2";"0";"2";"1";"1";"0";""
"202400001610";"155778933";"A01";"1";"10";"13";"2";"5";"1";"1";""
"202400001610";"155778936";"C01";"1";"2";"0";"2";"1";"9";"1";""
"202400001611";"155778934";"B01";"1";"1";"0";"2";"3";"9";"5";""
"202400001611";"155778935";"A01";"1";"32";"0";"2";"2";"1";"1";""
"202400001612";"155778931";"A01";"1";"33";"5";"0";"1";"1";"1";""
"202400001613";"155778930";"B01";"1";"7";"0";"2";"7";"1";"1";""
"202400001613";"155778932";"A01";"2";"7";"7";"2";"1";"1";"1";""
"202400001614";"155778928";"A01";"1";"7";"0";"2";"1";"11";"1";""
"202400001614";"155778929";"B01";"1";"7";"0";"2";"3";"15";"1";""
"202400001615";"155778927";"A01";"3";"10";"0";"1";"4";"20";"1";""
"202400001616";"155778925";"A01";"1";"31";"0";"0";"9";"1";"1";""
"202400001617";"155778924";"A01";"1";"2";"0";"2";"3";"1";"1";""
"202400001617";"155778926";"B01";"2";"10";"0";"2";"3";"1";"1";""
"202400001618";"155778923";"A01";"2";"36";"0";"0";"0";"0";"1";""
"202400001619";"155778922";"A01";"3";"7";"0";"0";"1";"16";"1";""
"202400001620";"155778921";"A01";"2";"33";"3";"0";"0";"1";"1";""
"202400001621";"155778919";"A01";"1";"33";"0";"0";"7";"10";"1";""
"202400001622";"155778915";"B01";"1";"17";"0";"0";"6";"1";"1";""
"202400001622";"155778917";"A01";"1";"7";"3";"2";"1";"17";"1";""
"202400001622";"155778918";"D01";"1";"7";"0";"9";"7";"1";"1";""
"202400001623";"155778914";"A01";"2";"7";"2";"0";"3";"19";"2";""
"202400001624";"155778912";"A01";"2";"7";"2";"0";"8";"1";"1";""
"202400001625";"155778911";"A01";"2";"10";"0";"2";"1";"11";"1";""
"202400001625";"155778913";"B01";"2";"10";"3";"2";"4";"17";"1";""
"202400001626";"155778910";"A01";"1";"33";"13";"0";"2";"17";"1";""
"202400001627";"155778908";"A01";"2";"15";"3";"0";"7";"15";"1";""
"202400001628";"155778907";"A01";"2";"32";"0";"2";"7";"17";"1";""
"202400001628";"155778909";"B01";"2";"7";"0";"2";"1";"19";"1";""
"202400001629";"155778903";"C01";"0";"1";"0";"9";"1";"1";"5";""
"202400001629";"155778904";"B01";"0";"1";"1";"0";"1";"1";"5";""
"202400001629";"155778906";"A01";"0";"7";"0";"9";"3";"23";"1";""
"202400001630";"155778902";"A01";"2";"31";"0";"2";"1";"5";"1";""
"202400001630";"155778905";"B01";"1";"7";"0";"2";"2";"1";"1";""
"202400001631";"155778899";"A01";"1";"7";"7";"0";"6";"19";"1";""
"202400001631";"155778901";"B01";"2";"7";"0";"2";"1";"1";"1";""
"202400001632";"155778898";"A01";"1";"7";"2";"2";"4";"1";"1";""
"202400001632";"155778900";"B01";"1";"10";"0";"2";"1";"1";"0";""
"202400001633";"155778896";"A01";"2";"7";"0";"2";"2";"15";"1";""
"202400001633";"155778897";"B01";"1";"2";"0";"2";"1";"1";"1";""
"202400001634";"155778895";"A01";"0";"50";"0";"1";"1";"7";"3";""
"202400001635";"155778891";"B01";"1";"7";"0";"2";"7";"1";"1";""
"202400001635";"155778892";"A01";"1";"2";"0";"2";"1";"15";"1";""
"202400001636";"155778890";"A01";"1";"7";"0";"2";"3";"1";"1";""
"202400001636";"155778893";"B01";"1";"10";"0";"2";"1";"1";"1";""
"202400001637";"155778888";"A01";"2";"7";"0";"1";"6";"20";"1";""
"202400001638";"155778887";"A01";"2";"7";"0";"2";"1";"13";"1";""
"202400001638";"155778889";"B01";"1";"7";"0";"2";"1";"1";"1";""
"202400001639";"155778885";"A01";"2";"7";"6";"0";"1";"1";"1";""
"202400001640";"155778882";"A01";"1";"7";"0";"0";"1";"15";"1";""
"202400001640";"155778883";"B01";"2";"10";"0";"0";"2";"1";"1";""
"202400001641";"155778881";"A01";"1";"7";"0";"0";"6";"1";"1";""
"202400001641";"155778884";"B01";"1";"7";"0";"2";"1";"21";"1";""
"202400001641";"155778886";"C01";"2";"7";"0";"2";"1";"1";"1";""
"202400001642";"155778878";"A01";"1";"7";"13";"2";"9";"1";"1";""
"202400001642";"155778880";"B01";"1";"17";"0";"2";"2";"1";"1";""
"202400001643";"155778877";"A01";"2";"15";"0";"2";"3";"1";"1";""
"202400001643";"155778879";"B01";"1";"7";"0";"2";"3";"13";"1";""
"202400001644";"155778875";"A01";"0";"7";"0";"1";"1";"1";"1";""
"202400001645";"155778876";"A01";"2";"33";"0";"0";"0";"26";"1";""
"202400001646";"155778874";"A01";"2";"33";"12";"0";"9";"1";"1";""
"202400001647";"155778873";"A01";"1";"14";"0";"1";"2";"1";"0";""
"202400001648";"155778870";"A01";"1";"2";"0";"2";"1";"17";"1";""
"202400001648";"155778872";"B01";"2";"34";"0";"2";"1";"1";"1";""
"202400001649";"155778869";"A01";"2";"31";"0";"2";"1";"13";"1";""
"202400001649";"155778871";"B01";"1";"7";"0";"2";"3";"1";"1";""
"202400001650";"155778867";"A01";"1";"7";"0";"2";"6";"16";"1";""
"202400001650";"155778868";"B01";"1";"2";"0";"2";"2";"1";"1";""
"202400001651";"155778864";"A01";"0";"1";"0";"2";"4";"16";"5";""
"202400001651";"155778866";"B01";"0";"7";"0";"2";"1";"16";"1";""
"202400001652";"155778862";"C01";"2";"33";"0";"0";"4";"23";"1";""
"202400001652";"155778863";"B01";"2";"33";"0";"0";"4";"24";"1";""
"202400001652";"155778865";"A01";"2";"33";"3";"2";"1";"1";"1";""
"202400001653";"155778860";"A01";"1";"7";"2";"0";"7";"14";"1";""
"202400001654";"155778859";"A01";"3";"7";"0";"2";"2";"5";"1";""
"202400001654";"155778861";"B01";"3";"7";"0";"2";"2";"21";"1";""
"202400001655";"155778857";"A01";"0";"7";"0";"2";"3";"1";"2";""
"202400001655";"155778858";"B01";"3";"33";"0";"2";"1";"26";"1";""
"202400001656";"155778856";"A01";"2";"7";"2";"0";"1";"1";"1";""
"202400001657";"155778855";"A01";"3";"7";"0";"1";"4";"4";"1";""
"202400001658";"155778852";"A01";"1";"7";"0";"2";"3";"15";"1";""
"202400001658";"155778854";"B01";"1";"33";"0";"2";"1";"17";"1";""
"202400001659";"155778851";"A01";"3";"2";"0";"2";"1";"1";"1";""
"202400001659";"155778853";"B01";"2";"21";"0";"2";"7";"1";"1";""
"202400001660";"155778849";"A01";"2";"7";"0";"2";"1";"17";"1";""
"202400001660";"155778850";"B01";"1";"7";"0";"2";"1";"1";"1";""
"202400001661";"155778847";"B01";"0";"35";"0";"2";"8";"0";"1";""
"202400001661";"155778848";"A01";"0";"33";"0";"2";"1";"0";"1";""
"202400001662";"155778846";"A01";"3";"33";"8";"0";"3";"1";"1";""
"202400001663";"155778842";"A01";"2";"7";"0";"2";"1";"15";"1";""
"202400001663";"155778843";"B01";"1";"7";"0";"2";"1";"1";"1";""
"202400001663";"155778844";"C01";"1";"10";"0";"2";"1";"23";"1";""
"202400001664";"155778841";"A01";"1";"2";"8";"0";"1";"14";"1";""
"202400001665";"155778840";"A01";"2";"1";"0";"0";"0";"16";"5";""
"202400001666";"155778839";"A01";"3";"33";"13";"0";"1";"1";"1";""
"202400001667";"155778838";"A01";"1";"13";"0";"0";"5";"1";"1";""
"202400001667";"155778845";"B01";"1";"33";"0";"2";"1";"1";"1";""
"202400001668";"155778835";"A01";"1";"7";"0";"2";"2";"1";"1";""
"202400001668";"155778837";"B01";"1";"33";"0";"2";"4";"2";"1";""
"202400001669";"155778834";"A01";"3";"2";"0";"2";"7";"1";"1";""
"202400001669";"155778836";"B01";"0";"7";"0";"2";"1";"0";"1";""
"202400001670";"155778832";"A01";"1";"7";"0";"2";"1";"2";"1";""
"202400001670";"155778833";"B01";"1";"7";"0";"0";"0";"0";"1";""
"202400001671";"155778831";"A01";"1";"7";"6";"0";"2";"1";"1";""
"202400001672";"155778828";"A01";"2";"10";"0";"2";"1";"1";"1";""
"202400001672";"155778830";"B01";"2";"7";"0";"2";"4";"1";"1";""
"202400001673";"155778825";"A01";"2";"33";"0";"2";"3";"2";"1";""