"Num_Acc";"id_vehicule";"num_veh";"senc";"catv";"obs";"obsm";"choc";"manv";"motor";"occutc"
"202400001673";"155778827";"B01";"2";"7";"0";"2";"3";"2";"1";""
"202400001674";"155778824";"B01";"2";"10";"0";"2";"1";"1";"1";""
"202400001674";"155778826";"C01";"1";"7";"0";"0";"0";"2";"1";""
"202400001674";"155778829";"A01";"1";"10";"0";"2";"1";"5";"1";""
"202400001675";"155778821";"B01";"1";"37";"0";"2";"3";"1";"1";"4"
"202400001675";"155778823";"A01";"2";"7";"0";"2";"2";"15";"1";""
"202400001676";"155778820";"A01";"1";"7";"0";"2";"2";"1";"1";""
"202400001676";"155778822";"B01";"1";"7";"0";"2";"3";"9";"1";""
"202400001677";"155778818";"B01";"3";"7";"0";"2";"5";"22";"1";""
"202400001677";"155778819";"A01";"1";"32";"0";"2";"2";"3";"1";""
"202400001678";"155778815";"A01";"2";"33";"0";"2";"1";"17";"1";""
"202400001678";"155778816";"B01";"2";"3";"0";"2";"8";"15";"1";""
"202400001679";"155778814";"B01";"3";"7";"0";"2";"3";"1";"1";""
"202400001679";"155778817";"A01";"3";"7";"0";"2";"3";"3";"1";""
"202400001680";"155778813";"A01";"1";"33";"0";"1";"1";"2";"1";""
"202400001681";"155778812";"A01";"2";"33";"16";"0";"9";"1";"1";""
"202400001682";"155778811";"A01";"2";"30";"0";"1";"1";"14";"1";""
"202400001683";"155778810";"A01";"0";"7";"0";"1";"1";"1";"1";""
"202400001684";"155778807";"A01";"3";"3";"0";"1";"1";"0";"1";""
"202400001685";"155778805";"A01";"1";"7";"0";"2";"2";"15";"1";""
"202400001685";"155778806";"B01";"0";"1";"0";"2";"0";"0";"5";""
"202400001686";"155778802";"A01";"1";"7";"0";"2";"2";"16";"0";""
"202400001686";"155778804";"B01";"1";"1";"0";"2";"8";"1";"0";""
"202400001687";"155778801";"B01";"1";"7";"0";"2";"1";"0";"1";""
"202400001687";"155778803";"A01";"2";"10";"0";"2";"1";"1";"1";""
"202400001688";"155778800";"Z01";"2";"30";"0";"1";"0";"1";"0";""
"202400001689";"155778799";"A01";"1";"1";"1";"0";"1";"1";"5";""
"202400001690";"155778797";"A01";"1";"1";"0";"2";"1";"13";"5";""
"202400001690";"155778798";"B01";"2";"1";"0";"2";"1";"14";"5";""
"202400001691";"155778796";"A01";"1";"7";"0";"0";"9";"1";"1";""
"202400001692";"155778793";"B01";"3";"7";"0";"2";"1";"1";"1";""
"202400001692";"155778795";"A01";"3";"31";"0";"2";"8";"9";"1";""
"202400001693";"155778794";"A01";"1";"31";"1";"0";"1";"1";"1";""
"202400001694";"155778790";"A01";"2";"33";"0";"2";"2";"3";"1";""
"202400001694";"155778792";"B01";"2";"7";"0";"2";"6";"11";"1";""
"202400001695";"155778789";"B01";"1";"33";"0";"0";"4";"23";"1";""
"202400001695";"155778791";"A01";"1";"7";"0";"2";"1";"2";"1";""
"202400001696";"155778788";"A01";"2";"7";"0";"2";"4";"23";"3";""
"202400001697";"155778786";"A01";"3";"7";"0";"2";"0";"0";"1";""
"202400001697";"155778787";"B01";"3";"7";"0";"1";"0";"0";"1";""
"202400001698";"155778785";"A01";"1";"33";"0";"0";"1";"1";"1";""
"202400001699";"155778784";"A01";"3";"7";"0";"1";"3";"0";"1";""
"202400001700";"155778782";"A01";"1";"10";"0";"2";"5";"12";"1";""
"202400001700";"155778783";"B01";"1";"33";"0";"2";"3";"3";"1";""
"202400001701";"155778781";"A01";"1";"50";"15";"0";"1";"1";"3";""
"202400001702";"155778780";"A01";"1";"7";"3";"0";"8";"0";"1";""
"202400001703";"155778776";"A01";"2";"7";"4";"2";"1";"1";"1";""
"202400001703";"155778778";"B01";"2";"33";"4";"2";"4";"2";"1";""
"202400001704";"155778774";"C01";"1";"7";"0";"2";"4";"23";"1";""
"202400001704";"155778775";"B01";"1";"7";"0";"0";"4";"23";"1";""
"202400001704";"155778777";"A01";"1";"10";"0";"2";"1";"2";"1";""
"202400001705";"155778772";"A01";"2";"7";"0";"1";"2";"9";"1";""
"202400001706";"155778770";"A01";"1";"7";"0";"2";"7";"14";"1";""
"202400001706";"155778771";"B01";"1";"37";"0";"2";"8";"1";"1";"3"
"202400001706";"155778773";"C01";"1";"10";"0";"2";"7";"1";"1";""
"202400001707";"155778769";"A01";"1";"7";"0";"1";"2";"1";"1";""
"202400001708";"155778768";"A01";"3";"7";"6";"0";"1";"1";"1";""
"202400001709";"155778764";"A01";"3";"7";"0";"2";"1";"1";"1";""
"202400001709";"155778765";"B01";"3";"50";"0";"2";"1";"1";"3";""
"202400001710";"155778761";"A01";"3";"7";"0";"1";"1";"1";"1";""
"202400001711";"155778760";"B01";"2";"7";"0";"2";"4";"2";"1";""
"202400001711";"155778762";"Z01";"2";"7";"0";"2";"0";"0";"1";""
"202400001711";"155778763";"C01";"2";"7";"0";"2";"4";"2";"1";""
"202400001712";"155778757";"A01";"1";"33";"0";"2";"8";"26";"1";""
"202400001712";"155778759";"Z01";"2";"7";"0";"2";"1";"26";"1";""
"202400001713";"155778755";"A01";"1";"7";"4";"2";"2";"12";"1";""
"202400001713";"155778756";"B01";"1";"7";"3";"2";"6";"1";"1";""
"202400001713";"155778758";"C01";"1";"7";"4";"2";"3";"1";"1";""
"202400001714";"155778753";"A01";"1";"10";"0";"2";"1";"0";"6";""
"202400001714";"155778754";"B01";"1";"7";"0";"2";"1";"1";"6";""
"202400001715";"155778751";"A01";"1";"7";"0";"2";"1";"2";"1";""
"202400001715";"155778752";"B01";"1";"7";"0";"2";"4";"2";"1";""
"202400001716";"155778749";"A01";"0";"7";"0";"2";"1";"15";"1";""
"202400001716";"155778750";"B01";"0";"50";"0";"2";"1";"1";"3";""
"202400001717";"155778747";"B01";"1";"14";"1";"0";"2";"11";"1";""
"202400001717";"155778748";"A01";"1";"10";"0";"2";"6";"23";"1";""
"202400001718";"155778743";"B01";"2";"1";"0";"2";"3";"1";"5";""
"202400001718";"155778745";"A01";"2";"7";"0";"2";"2";"16";"1";""
"202400001719";"155778742";"A01";"1";"7";"5";"0";"3";"26";"1";""
"202400001720";"155778740";"B01";"3";"7";"0";"2";"4";"4";"1";""
"202400001720";"155778741";"A01";"3";"7";"0";"2";"1";"0";"0";""
"202400001721";"155778739";"A01";"2";"7";"0";"1";"2";"1";"1";""
"202400001722";"155778736";"A01";"1";"7";"0";"2";"1";"16";"2";""
"202400001722";"155778737";"B01";"1";"50";"0";"2";"7";"1";"3";""
"202400001723";"155778735";"A01";"1";"7";"0";"2";"3";"13";"1";""
"202400001723";"155778738";"B01";"2";"21";"0";"2";"3";"1";"1";""
"202400001724";"155778734";"A01";"1";"7";"3";"0";"1";"1";"1";""
"202400001725";"155778732";"A01";"2";"7";"0";"1";"2";"1";"1";""
"202400001726";"155778731";"A01";"2";"7";"0";"2";"1";"1";"1";""
"202400001726";"155778733";"B01";"0";"7";"0";"2";"8";"1";"1";""
"202400001727";"155778728";"A01";"2";"7";"0";"2";"3";"20";"1";""
"202400001727";"155778729";"B01";"2";"1";"0";"2";"7";"1";"5";""
"202400001728";"155778727";"B01";"1";"10";"0";"2";"5";"1";"1";""
"202400001728";"155778730";"A01";"1";"33";"0";"2";"9";"1";"1";""
"202400001729";"155778726";"A01";"2";"7";"8";"0";"2";"1";"1";""
"202400001730";"155778724";"A01";"3";"32";"0";"2";"5";"17";"1";""
"202400001730";"155778725";"B01";"3";"10";"0";"2";"3";"26";"0";""
"202400001731";"155778722";"B01";"2";"7";"0";"2";"4";"23";"1";""
"202400001731";"155778723";"A01";"2";"7";"0";"2";"1";"2";"1";""
"202400001732";"155778719";"A01";"2";"7";"0";"2";"2";"1";"1";""
"202400001732";"155778721";"B01";"2";"1";"0";"2";"1";"1";"5";""
"202400001733";"155778720";"A01";"0";"7";"0";"1";"1";"17";"1";""
"202400001734";"155778718";"A01";"2";"7";"4";"0";"0";"1";"1";""
"202400001735";"155778716";"B01";"0";"7";"0";"2";"3";"1";"1";""
"202400001735";"155778717";"A01";"0";"50";"0";"2";"1";"1";"3";""
"202400001736";"155778713";"A01";"2";"33";"0";"2";"8";"11";"1";""
"202400001736";"155778715";"B01";"2";"7";"0";"2";"7";"1";"1";""
"202400001737";"155778712";"B01";"1";"7";"0";"2";"4";"23";"1";""
"202400001737";"155778714";"A01";"1";"10";"0";"2";"1";"2";"1";""
"202400001738";"155778709";"A01";"3";"7";"0";"2";"1";"5";"1";""
"202400001738";"155778711";"B01";"3";"7";"0";"2";"1";"0";"1";""
"202400001739";"155778708";"B01";"2";"7";"0";"2";"1";"15";"1";""
"202400001739";"155778710";"A01";"1";"33";"0";"2";"1";"1";"1";""
"202400001740";"155778706";"B01";"2";"7";"0";"2";"2";"1";"1";""
"202400001740";"155778707";"A01";"1";"10";"0";"2";"6";"4";"1";""
"202400001741";"155778704";"A01";"1";"30";"0";"2";"1";"1";"1";""
"202400001741";"155778705";"B01";"1";"7";"0";"2";"6";"1";"1";""
"202400001742";"155778703";"A01";"1";"7";"0";"1";"1";"1";"1";""
"202400001743";"155778701";"A01";"1";"7";"0";"2";"6";" -1";" -1";""
"202400001743";"155778702";"B01";"1";"31";"0";"2";"2";"18";" -1";""
"202400001744";"155778699";"A01";"1";"7";"0";"2";"0";"0";"1";""
"202400001744";"155778700";"B01";"2";"31";"0";"2";"3";"0";"1";""
"202400001745";"155778696";"B01";"2";"33";"0";"2";"1";"1";"1";""
"202400001745";"155778697";"A01";"1";"7";"0";"2";"7";"15";"1";""
"202400001746";"155778695";"A01";"1";"7";"0";"2";"2";"15";"1";""
"202400001746";"155778698";"B01";"2";"30";"0";"2";"1";"15";"3";""
"202400001747";"155778694";"A01";"3";"7";"7";"0";"1";"1";"1";""
"202400001748";"155778691";"A01";"2";"10";"0";"2";"1";"1";"1";""
"202400001748";"155778693";"B01";"2";"7";"0";"2";"4";"0";"1";""
"202400001749";"155778690";"A01";"3";"7";"0";"2";"5";"15";"1";""
"202400001749";"155778692";"B01";"1";"34";"0";"2";"1";"1";"1";""
"202400001750";"155778688";"A01";"1";"10";"0";"1";"4";"20";"0";""
"202400001751";"155778687";"B01";"1";"7";"0";"2";"8";"1";"1";""
"202400001751";"155778689";"A01";"2";"7";"0";"2";"3";"13";"1";""
"202400001752";"155778686";"A01";"1";"10";"0";"1";"1";"1";"1";""
"202400001753";"155778685";"A01";"3";"10";"0";"1";"0";"1";"1";""
"202400001754";"155778684";"A01";"3";"10";"0";"1";"2";"10";"1";""
"202400001755";"155778682";"B01";"2";"33";"0";"2";"1";"26";"1";""
"202400001755";"155778683";"A01";"1";"10";"16";"2";"3";"19";"1";""
"202400001756";"155778680";"B01";"0";"7";"0";"2";"5";"1";"1";""
"202400001756";"155778681";"A01";"0";"30";"0";"2";"1";"1";"1";""
"202400001757";"155778678";"A01";"3";"7";"0";"1";"2";"15";"1";""
"202400001758";"155778677";"A01";"0";"7";"0";"2";"1";"1";"1";""
"202400001758";"155778679";"B01";"0";"7";"0";"2";"4";"0";"1";""
"202400001759";"155778676";"A01";"2";"7";"0";"1";"2";"15";"1";""
"202400001760";"155778675";"A01";"3";"10";"0";"1";"1";"2";"1";""
"202400001761";"155778674";"A01";"1";"7";"0";"1";"1";"9";"1";""
"202400001762";"155778669";"A01";"2";"7";"0";"2";"1";"2";"1";""
"202400001762";"155778670";"B01";"2";"7";"0";"2";"4";"2";"1";""
"202400001762";"155778672";"C01";"2";"7";"0";"2";"4";"1";"1";""
"202400001763";"155778666";"A01";"3";"10";"0";"2";"3";"19";"1";""
"202400001763";"155778668";"B01";"3";"33";"0";"2";"1";"1";"1";""
"202400001764";"155778663";"B01";"1";"50";"0";"2";"8";"1";"3";""
"202400001764";"155778664";"A01";"1";"7";"0";"2";"0";"1";"1";""
"202400001765";"155778661";"A01";"1";"33";"0";"2";"1";"1";"1";""
"202400001765";"155778662";"B01";"1";"7";"0";"2";"5";"1";"1";""
"202400001766";"155778659";"A01";"2";"7";"0";"2";"3";"1";"1";""
"202400001766";"155778660";"B01";"1";"7";"0";"2";"6";"1";"1";""
"202400001767";"155778657";"A01";"2";"7";"2";"0";"1";"1";"1";""
"202400001768";"155778653";"A01";"2";"7";"9";"0";"1";"6";"1";""
"202400001769";"155778651";"E01";"2";"7";"0";"2";"4";"1";"1";""
"202400001769";"155778652";"F01";"2";"7";"0";"2";"4";"1";"3";""
"202400001769";"155778654";"B01";"2";"7";"0";"2";"4";"1";"1";""
"202400001769";"155778655";"D01";"2";"10";"0";"2";"4";"1";"1";""
"202400001769";"155778656";"C01";"2";"7";"0";"2";"4";"1";"1";""
"202400001769";"155778658";"A01";"2";"7";"0";"2";"1";"1";"1";""
"202400001770";"155778650";"A01";"1";"99";"0";"1";"1";"15";"3";""
"202400001771";"155778648";"A01";"1";"2";"0";"2";"2";"2";"1";""
"202400001771";"155778649";"B01";"1";"7";"0";"2";"6";"23";"1";""
"202400001772";"155778646";"B01";"1";"7";"0";"2";"1";"1";"1";""
"202400001772";"155778647";"A01";"2";"80";"0";"2";"8";"19";"3";""
"202400001773";"155778644";"A01";"3";"7";"0";"1";"2";"1";"1";""
"202400001774";"155778643";"A01";"3";"7";"0";"2";"1";"1";"1";""
"202400001774";"155778645";"B01";"3";"7";"0";"2";"4";"23";"1";""
"202400001775";"155778640";"A01";"3";"7";"0";"2";"1";"1";"1";""
"202400001775";"155778642";"B01";"3";"50";"0";"2";"7";"1";"3";""
"202400001776";"155778639";"A01";"0";"7";"0";"2";"2";"1";"1";""
"202400001776";"155778641";"B01";"0";"7";"0";"2";"1";"1";"1";""
"202400001777";"155778636";"A01";"2";"7";"0";"2";"7";"1";"1";""
"202400001777";"155778637";"B01";"1";"32";"0";"2";"1";"1";"1";""
"202400001778";"155778635";"B01";"3";"7";"0";"2";"2";"15";"1";""
"202400001778";"155778638";"A01";"3";"7";"0";"2";"1";"1";"1";""
"202400001779";"155778633";"B01";"1";"15";"0";"2";"3";"2";"1";""
"202400001779";"155778634";"A01";"1";"7";"0";"2";"5";"9";"1";""
"202400001780";"155778631";"B01";"2";"7";"0";"2";"3";"1";"1";""
"202400001780";"155778632";"A01";"1";"7";"0";"2";"1";"15";"1";""
"202400001781";"155778629";"B01";"0";"7";"7";"2";"3";"1";"1";""
"202400001781";"155778630";"A01";"0";"7";"0";"2";"1";"15";"1";""
"202400001782";"155778628";"A01";"2";"7";"0";"1";"4";"20";"1";""
"202400001783";"155778626";"A01";"3";"7";"0";"2";"5";"16";"1";""
"202400001783";"155778627";"B01";"0";"1";"0";"2";"8";"1";"5";""
"202400001784";"155778624";"B01";"2";"7";"0";"2";"1";"17";"1";""
"202400001784";"155778625";"A01";"2";"7";"0";"2";"3";"15";"1";""
"202400001785";"155778622";"A01";"3";"7";"9";"2";"1";"13";"1";""
"202400001785";"155778623";"B01";"2";"7";"0";"2";"3";"1";"1";""
"202400001786";"155778619";"A01";"1";"33";"0";"2";"1";"26";"1";""
"202400001786";"155778620";"B01";"1";"7";"0";"2";"6";"15";"1";""
"202400001787";"155778618";"A01";"3";"7";"0";"2";"3";"16";"1";""
"202400001787";"155778621";"B01";"3";"10";"0";"2";"2";"1";"1";""
"202400001788";"155778615";"A01";"3";"1";"0";"2";"1";"26";"5";""
"202400001788";"155778617";"B01";"3";"7";"0";"2";"6";"20";"1";""
"202400001789";"155778614";"A01";"1";"32";"0";"2";"1";"15";"1";""
"202400001789";"155778616";"B01";"1";"7";"0";"2";"8";"1";"1";""
"202400001790";"155778611";"A01";"2";"33";"0";"2";"1";"1";"1";""
"202400001790";"155778613";"B01";"1";"7";"0";"2";"5";"15";"2";""
"202400001791";"155778612";"A01";"1";"7";"0";"1";"2";"16";"1";""
"202400001792";"155778608";"A01";"3";"7";"0";"2";"3";"23";"1";""
"202400001792";"155778610";"B01";"3";"50";"0";"2";"7";"15";"3";""
"202400001793";"155778606";"A01";"3";"7";"0";"1";"1";"15";"1";""
"202400001794";"155778604";"C01";"1";"7";"0";"2";"4";"1";"1";""
"202400001794";"155778605";"A01";"1";"7";"0";"2";"1";"1";"1";""
"202400001794";"155778607";"B01";"1";"7";"0";"2";"9";"1";"1";""
"202400001795";"155778602";"B01";"2";"30";"0";"2";"0";"1";"1";""
"202400001796";"155778601";"A01";"3";"7";"0";"2";"1";"16";"1";""
"202400001796";"155778603";"B01";"3";"1";"0";"2";"8";"19";"5";""
"202400001797";"155778598";"B01";"2";"33";"0";"2";"7";"2";"1";""
"202400001797";"155778600";"A01";"2";"7";"0";"2";"6";"20";"1";""
"202400001798";"155778597";"B01";"1";"7";"0";"2";"4";"2";"2";""
"202400001798";"155778599";"A01";"1";"31";"0";"2";"1";"2";"1";""
"202400001799";"155778596";"A01";"3";"3";"0";"0";"0";"0";"3";""
"202400001800";"155778595";"A01";"1";"7";"1";"0";"9";"15";"1";""
"202400001801";"155778593";"B01";"2";"33";"0";"2";"1";"1";"1";""
"202400001801";"155778594";"A01";"1";"7";"0";"2";"5";"15";"2";""
"202400001802";"155778591";"A01";"3";"33";"4";"0";"8";"13";"1";""
"202400001803";"155778590";"A01";"3";"10";"0";"2";"8";"24";"1";""
"202400001803";"155778592";"B01";"2";"1";"1";"0";"2";"21";"5";""
"202400001804";"155778589";"A01";"3";"33";"2";"0";"1";"21";"1";""
"202400001805";"155778587";"A01";"1";"7";"0";"2";"3";"10";"1";""
"202400001805";"155778588";"B01";"1";"33";"0";"2";"2";"1";"1";""
"202400001806";"155778586";"A01";"2";"30";"0";"0";"0";"26";"1";""
"202400001807";"155778584";"A01";"1";"50";"0";"2";"1";"16";"3";""
"202400001807";"155778585";"B01";"2";"7";"0";"9";"2";"16";"1";""
"202400001808";"155778581";"A01";"2";"32";"0";"1";"1";"7";"1";""
"202400001809";"155778582";"A01";"1";"7";"0";"2";"1";"2";"1";""
"202400001809";"155778583";"B01";"1";"7";"0";"2";"4";"1";"1";""
"202400001810";"155778579";"A01";"2";"7";"0";"1";"3";"17";"1";""
"202400001811";"155778578";"B01";"3";"1";"0";"0";"0";"1";"5";""
"202400001811";"155778580";"A01";"3";"7";"0";"2";"1";"2";"1";""
"202400001812";"155778576";"B01";"2";"7";"0";"2";"1";"1";"1";""
"202400001812";"155778577";"A01";"2";"7";"0";"2";"7";"1";"1";""
"202400001813";"155778572";"B01";"1";"7";"0";"2";"7";"1";"1";""
"202400001813";"155778575";"A01";"2";"50";"0";"2";"3";"9";"3";""
"202400001814";"155778571";"A01";"2";"7";"0";"1";"1";"1";"1";""
"202400001815";"155778569";"A01";"3";"7";"6";"0";"1";"1";"1";""
"202400001816";"155778568";"A01";"1";"33";"0";"2";"3";"26";"1";""
"202400001816";"155778570";"B01";"2";"7";"0";"2";"2";"10";"1";""
"202400001817";"155778565";"A01";"1";"1";"0";"2";"2";"1";"5";""
"202400001817";"155778566";"B01";"1";"7";"0";"2";"0";"9";" -1";""
"202400001818";"155778564";"A01";"2";"1";"0";"2";"7";"19";"5";""
"202400001818";"155778567";"B01";"2";"7";"0";"2";"2";"16";"1";""
"202400001819";"155778562";"A01";"2";"14";"0";"2";"5";"16";"1";""
"202400001819";"155778563";"B01";"3";"1";"0";"2";"0";"0";"5";""
"202400001820";"155778559";"A01";"3";"10";"0";"2";"2";"16";"1";""
"202400001820";"155778561";"B01";"3";"2";"0";"2";"8";"1";"1";""
"202400001821";"155778558";"B01";"2";"1";"0";"2";"8";"1";"5";""
"202400001821";"155778560";"A01";"3";"7";"0";"2";"8";"2";"1";""
"202400001822";"155778556";"B01";"1";"7";"0";"2";"1";"15";"1";""
"202400001822";"155778557";"A01";"1";"32";"0";"2";"1";"1";"1";""
"202400001823";"155778552";"A01";"2";"7";"0";"2";"3";"10";"1";""
"202400001823";"155778554";"B01";"2";"32";"0";"2";"1";"2";"1";""
"202400001824";"155778553";"A01";"2";"7";"0";"2";"1";"1";"1";""
"202400001824";"155778555";"B01";"2";"7";"0";"2";"4";"23";"1";""
"202400001825";"155778549";"A01";"3";"14";"0";"2";"7";"12";"1";""
"202400001825";"155778551";"B01";"3";"7";"0";"2";"8";"1";"1";""
"202400001826";"155778548";"B01";"2";"7";"0";"2";"1";"1";"1";""
"202400001826";"155778550";"A01";"1";"50";"0";"2";"7";"1";"3";""
"202400001827";"155778547";"A01";"1";"30";"1";"0";"1";"0";"1";""
"202400001828";"155778544";"A01";"1";"33";"0";"2";"1";"17";"1";""
"202400001828";"155778546";"B01";"1";"7";"0";"2";"3";"1";"1";""
"202400001829";"155778545";"A01";"1";"7";"0";"1";"4";"15";"1";""
"202400001830";"155778543";"A01";"3";"50";"0";"0";"0";"0";"3";""
"202400001831";"155778541";"A01";"1";"7";"0";"2";"1";"1";"1";""
"202400001831";"155778542";"B01";"1";"7";"0";"2";"8";"13";"1";""
"202400001832";"155778539";"A01";"1";"7";"0";"1";"1";"1";"0";""
"202400001833";"155778540";"A01";"1";"7";"0";"0";"0";"12";"1";""
"202400001834";"155778537";"B01";"1";"10";"0";"2";"4";"1";"1";""
"202400001834";"155778538";"A01";"1";"7";"0";"2";"1";"14";"1";""
"202400001835";"155778535";"A01";"1";"7";"0";"2";"1";"26";"1";""
"202400001835";"155778536";"B01";"1";"99";"0";"0";"0";"0";"3";""
"202400001836";"155778534";"A01";"0";"0";"0";"1";"2";"0";" -1";""
"202400001837";"155778532";"B01";"2";"31";"0";"2";"3";"1";"1";""
"202400001837";"155778533";"A01";"1";"2";"0";"2";"3";"5";"1";""
"202400001838";"155778531";"A01";"3";"7";"4";"0";"1";"0";"1";""
"202400001839";"155778530";"B01";"1";"2";"0";"1";"1";"1";"1";""
"202400001840";"155778528";"A01";"0";"7";"0";"2";"2";"10";"1";""
"202400001840";"155778529";"B01";"0";"32";"0";"2";"1";"1";"1";""
"202400001841";"155778527";"A01";"1";"1";"0";"0";"0";"1";"5";""
"202400001842";"155778524";"C01";"2";"1";"1";"2";"1";"2";"5";""
"202400001842";"155778525";"A01";"2";"7";"1";"9";"1";"20";"1";""
"202400001842";"155778526";"D01";"2";"7";"0";"9";"0";"1";"2";""
"202400001843";"155778522";"A01";"1";"7";"0";"2";"2";"15";"1";""
"202400001843";"155778523";"B01";"2";"32";"0";"2";"1";"1";"1";""
"202400001844";"155778520";"B01";"1";"7";"0";"2";"2";"23";"3";""
"202400001844";"155778521";"A01";"1";"2";"0";"2";"1";"18";"3";""
"202400001845";"155778517";"B01";"2";"10";"0";"2";"1";"1";"1";""
"202400001845";"155778519";"A01";"1";"10";"0";"2";"1";"13";"1";""
"202400001846";"155778516";"A01";"3";"1";"14";"0";"0";"1";"5";""
"202400001847";"155778514";"A01";"2";"1";"0";"2";"1";"2";"5";""
"202400001847";"155778515";"B01";"3";"1";"0";"2";"8";"19";"5";""
"202400001848";"155778513";"A01";"2";"33";"0";"1";"1";"7";"1";""
"202400001849";"155778511";"A01";"1";"7";"0";"2";"3";"0";"1";""
"202400001849";"155778512";"B01";"2";"7";"0";"2";"5";"1";"1";""
"202400001850";"155778510";"A01";"2";"7";"0";"0";"1";"1";"1";""
"202400001851";"155778508";"A01";"2";"7";"0";"2";"3";"9";"1";""
"202400001851";"155778509";"B01";"3";"30";"0";"2";"1";"0";"1";""
"202400001852";"155778506";"A01";"2";"7";"5";"2";"1";"1";"1";""
"202400001852";"155778507";"B01";"1";"7";"0";"2";"1";"1";"1";""
"202400001853";"155778504";"B01";"2";"7";"0";"2";"2";"17";"1";""
"202400001853";"155778505";"A01";"2";"10";"0";"2";"3";"11";"1";""
"202400001854";"155778502";"B01";"2";"31";"0";"2";"8";"1";"1";""
"202400001854";"155778503";"A01";"2";"7";"0";"2";"2";"10";"1";""
"202400001855";"155778501";"A01";"1";"7";"0";"0";"9";"14";"1";""
"202400001856";"155778500";"A01";"3";"10";"0";"1";"1";"1";"1";""
"202400001857";"155778498";"B01";"2";"7";"0";"2";"1";"1";"2";""
"202400001857";"155778499";"A01";"2";"30";"0";"2";"7";"19";"1";""
"202400001858";"155778496";"B01";"1";"2";"0";"2";"5";"17";"1";""
"202400001858";"155778497";"A01";"1";"7";"0";"0";"0";"0";"2";""
"202400001859";"155778495";"Z01";"0";"0";"0";"1";"0";"0";"0";""
"202400001860";"155778493";"A01";"2";"50";"0";"2";"1";"1";"3";""
"202400001860";"155778494";"B01";"1";"10";"0";"2";"8";"1";"1";""
"202400001861";"155778492";"A01";"3";"32";"0";"1";"1";"1";"1";""
"202400001862";"155778491";"A01";"3";"7";"0";"1";"2";"1";"1";""
"202400001863";"155778490";"A01";"0";"31";"0";"0";"0";"1";"1";""
"202400001864";"155778488";"B01";"2";"33";"0";"2";"1";"2";"1";""
"202400001864";"155778489";"A01";"2";"7";"0";"2";"6";"2";"1";""
"202400001865";"155778487";"A01";"3";"7";"6";"0";"1";"26";"1";""
"202400001866";"155778485";"B01";"1";"1";"0";"2";"1";"1";"5";""
"202400001866";"155778486";"A01";"1";"7";"0";"9";"3";"9";"1";""
"202400001867";"155778482";"A01";"2";"33";"0";"2";"1";"1";"1";""
"202400001867";"155778483";"B01";"2";"7";"0";"2";"6";"23";"1";""
"202400001867";"155778484";"C01";"1";"7";"0";"2";"3";"1";"1";""
"202400001868";"155778480";"A01";"2";"32";"6";"0";"1";"1";"1";""
"202400001869";"155778477";"B01";"3";"99";"0";"2";"1";"0";"6";""
"202400001869";"155778478";"A01";"3";"7";"0";"9";"1";"0";"1";""
"202400001870";"155778476";"A01";"1";"7";"0";"0";"0";"1";"1";""
"202400001870";"155778481";"B01";"2";"1";"0";"0";"0";"0";"5";""
"202400001871";"155778479";"A01";"2";"1";"0";"0";"0";"0";"5";""
"202400001872";"155778474";"A01";"3";"7";"0";"4";"5";"15";"1";""
"202400001872";"155778475";"B01";"3";"40";"0";"2";"1";"1";"3";""
"202400001873";"155778471";"A01";"1";"7";"0";"2";"3";"13";"1";""
"202400001873";"155778473";"B01";"2";"7";"0";"2";"3";"1";"1";""
"202400001874";"155778470";"A01";"2";"7";"0";"0";"1";"16";"1";""
"202400001875";"155778469";"A01";"2";"7";"0";"2";"7";"16";"1";""
"202400001875";"155778472";"B01";"3";"1";"0";"2";"1";"2";"5";""
"202400001876";"155778467";"A01";"0";"36";"0";"5";"1";"1";"1";""
"202400001877";"155778466";"B01";"1";"33";"0";"2";"1";"3";"1";""
"202400001877";"155778468";"A01";"1";"7";"0";"2";"2";"12";"1";""
"202400001878";"155778464";"BZ01";"1";"7";"0";"1";"1";"1";"1";""
"202400001879";"155778463";"A01";"2";"17";"0";"2";"1";"1";"1";""
"202400001879";"155778465";"B01";"1";"7";"0";"2";"1";"1";"1";""
"202400001880";"155778460";"A01";" -1";"39";"0";"1";"1";"1";" -1";""
"202400001881";"155778459";"A01";"3";"33";"0";"1";"0";"0";"0";""