"Num_Acc";"id_vehicule";"num_veh";"senc";"catv";"obs";"obsm";"choc";"manv";"motor";"occutc"
"202400001882";"155778458";"B01";"1";"7";"0";"2";"4";"2";"1";""
"202400001882";"155778461";"C01";"1";"7";"0";"2";"4";"2";"2";""
"202400001882";"155778462";"A01";"1";"7";"0";"2";"1";"2";"1";""
"202400001883";"155778456";"B01";"0";"7";"0";"2";"1";"1";"1";""
"202400001883";"155778457";"A01";" -1";"50";"0";"2";"3";"15";"3";""
"202400001884";"155778454";"A01";"3";"30";"0";"2";"1";"17";"1";""
"202400001884";"155778455";"B01";"3";"7";"0";"2";"6";"15";"1";""
"202400001885";"155778452";"A01";"3";"33";"0";"0";"0";"1";"1";""
"202400001886";"155778451";"A01";"3";"7";"0";"1";"1";"1";"1";""
"202400001887";"155778449";"B01";"3";"40";"0";"2";"1";"1";"3";""
"202400001887";"155778450";"A01";"1";"37";"0";"4";"5";"19";"2";"13"
"202400001888";"155778446";"B01";"1";"1";"0";"2";"1";"1";"5";""
"202400001888";"155778448";"A01";"2";"7";"0";"9";"3";"15";"1";""
"202400001889";"155778447";"A01";"0";"7";"0";"1";"3";"15";"1";""
"202400001890";"155778445";"A01";"1";"7";"0";"1";"2";"1";"2";""
"202400001891";"155778444";"A01";"3";"7";"0";"1";"1";"1";"1";""
"202400001892";"155778442";"A01";"3";"7";"0";"2";"2";"1";"1";""
"202400001892";"155778443";"B01";"3";"60";"0";"2";"1";"2";"5";""
"202400001893";"155778439";"A01";"1";"7";"0";"2";"8";"22";"1";""
"202400001893";"155778441";"B01";"1";"80";"1";"0";"1";"0";"3";""
"202400001894";"155778438";"A01";"2";"33";"0";"2";"3";"1";"1";""
"202400001894";"155778440";"B01";"1";"21";"0";"2";"3";"15";"1";""
"202400001895";"155778437";"A01";"2";"10";"0";"1";"1";"18";"0";""
"202400001896";"155778436";"A01";"2";"7";"2";"0";"1";"1";"1";""
"202400001897";"155778435";"Z01";"1";"50";"0";"1";"4";"25";"3";""
"202400001898";"155778434";"A01";"0";"17";"0";"1";"2";"4";"0";""
"202400001899";"155778433";"A01";"2";"37";"0";"1";"1";"2";"1";"1"
"202400001900";"155778430";"B01";"1";"33";"0";"2";"1";"17";"1";""
"202400001900";"155778432";"A01";"1";"7";"0";"2";"3";"10";"1";""
"202400001901";"155778428";"A01";"2";"7";"0";"2";"3";"23";"1";""
"202400001901";"155778431";"B01";"1";"7";"0";"2";"1";"1";"1";""
"202400001902";"155778427";"B01";"0";"50";"0";"2";"1";"5";"3";""
"202400001902";"155778429";"A01";"0";"7";"0";"2";"3";"9";"1";""
"202400001903";"155778423";"A01";"3";"7";"0";"0";"3";"15";"1";""
"202400001903";"155778425";"B01";"3";"33";"0";"0";"1";"0";"1";""
"202400001904";"155778424";"B01";"2";"33";"0";"2";"1";"2";"1";""
"202400001904";"155778426";"A01";"2";"7";"0";"2";"3";"10";"1";""
"202400001905";"155778422";"A01";"2";"7";"0";"1";"3";"1";"1";""
"202400001906";"155778420";"A01";"2";"14";"0";"1";"2";"1";"1";""
"202400001907";"155778419";"A01";"1";"1";"0";"2";"1";"1";"5";""
"202400001907";"155778421";"B01";"1";"10";"0";"2";"8";"15";"1";""
"202400001908";"155778416";"B01";"2";"1";"0";"2";"0";"0";"5";""
"202400001908";"155778417";"A01";"2";"7";"0";"2";"0";"0";"1";""
"202400001909";"155778414";"A01";"2";"43";"0";"9";"2";"1";"1";""
"202400001909";"155778418";"B01";"2";"1";"0";"2";"3";"11";"5";""
"202400001910";"155778413";"A01";"3";"33";"0";"2";"3";"18";"1";""
"202400001910";"155778415";"B01";"3";"1";"0";"2";"7";"14";"5";""
"202400001911";"155778412";"A01";"2";"10";"2";"0";"0";"1";"1";""
"202400001912";"155778407";"B01";"1";"50";"0";"2";"1";"1";"3";""
"202400001912";"155778411";"A01";"1";"7";"0";"2";"7";"26";"1";""
"202400001913";"155778409";"A01";"2";"7";"0";"2";"3";"17";"1";""
"202400001913";"155778410";"B01";"1";"1";"0";"2";"2";"17";"5";""
"202400001914";"155778406";"B01";"1";"30";"0";"2";"8";"1";"0";""
"202400001914";"155778408";"A01";"2";"7";"0";"2";"1";"15";"1";""
"202400001915";"155778404";"A01";"1";"10";"0";"1";"2";"16";"1";""
"202400001916";"155778403";"A01";"2";"30";"0";"0";"0";"26";"1";""
"202400001917";"155778402";"A01";"0";"7";"0";"2";"1";"9";"2";""
"202400001917";"155778405";"B01";"0";"1";"0";"2";"4";"12";"5";""
"202400001918";"155778398";"B01";"2";"33";"0";"2";"8";"1";"1";""
"202400001918";"155778401";"A01";"2";"7";"0";"2";"1";"1";"2";""
"202400001919";"155778399";"A01";"1";"50";"0";"1";"1";"25";"3";""
"202400001920";"155778397";"A01";"1";"43";"0";"2";"1";"2";"1";""
"202400001920";"155778400";"B01";"1";"7";"0";"2";"4";"2";"1";""
"202400001921";"155778393";"A01";"1";"7";"0";"2";"3";"15";"1";""
"202400001921";"155778395";"B01";"2";"30";"0";"2";"0";"1";"1";""
"202400001922";"155778392";"A01";"3";"33";"0";"2";"1";"12";"1";""
"202400001922";"155778396";"B01";"3";"7";"0";"2";"3";"1";"1";""
"202400001923";"155778391";"A01";"1";"33";"0";"2";"1";"1";"1";""
"202400001923";"155778394";"B01";"1";"7";"0";"2";"2";"9";"1";""
"202400001924";"155778389";"A01";"1";"30";"0";"2";"0";"9";"1";""
"202400001924";"155778390";"B01";"1";"7";"0";"2";"0";"1";"1";""
"202400001925";"155778387";"B01";"2";"1";"0";"2";"3";"1";"5";""
"202400001925";"155778388";"A01";"2";"1";"0";"2";"2";"14";"5";""
"202400001926";"155778386";"A01";"2";"7";"0";"1";"2";"1";"1";""
"202400001927";"155778383";"A01";"1";"7";"0";"2";"5";"14";"2";""
"202400001927";"155778385";"B01";"1";"1";"0";"2";"8";"1";"5";""
"202400001928";"155778382";"Z01";"3";"7";"0";"2";"1";"1";"1";""
"202400001928";"155778384";"B01";"3";"7";"0";"2";"2";"15";"1";""
"202400001929";"155778381";"A01";"2";"50";"0";"1";"1";"5";"3";""
"202400001930";"155778379";"A01";"1";"33";"0";"1";"1";"3";"1";""
"202400001931";"155778378";"B01";"1";"7";"0";"2";"4";"15";"1";""
"202400001931";"155778380";"A01";"1";"7";"0";"2";"1";"1";"1";""
"202400001932";"155778375";"Z01";"2";"7";"0";"0";"0";"18";"1";""
"202400001932";"155778377";"A01";"2";"30";"0";"0";"0";"2";"3";""
"202400001933";"155778376";"A01";"1";"50";"0";"0";"1";"1";"3";""
"202400001934";"155778374";"A01";"1";"1";"12";"2";"3";"6";"5";""
"202400001935";"155778373";"A01";"1";"7";"0";"1";"0";"14";"0";""
"202400001936";"155778372";"A01";"2";"50";"0";"0";" -1";"2";"3";""
"202400001937";"155778370";"B01";"2";"7";"0";"2";"9";"1";"1";""
"202400001937";"155778371";"A01";"1";"7";"0";"2";"2";"19";"1";""
"202400001938";"155778369";"A01";"1";"7";"0";"1";"2";"26";"1";""
"202400001939";"155778367";"A01";"2";"42";"0";"1";"8";"15";"0";""
"202400001940";"155778365";"A01";"2";"1";"0";"1";"1";"1";"5";""
"202400001941";"155778363";"B01";"3";"2";"0";"2";"1";"1";"1";""
"202400001941";"155778364";"A01";"3";"7";"0";"2";"1";"1";"1";""
"202400001942";"155778361";"B01";"0";"7";"0";"2";"1";"1";"1";""
"202400001942";"155778362";"A01";"3";"7";"0";"2";"5";"15";"1";""
"202400001943";"155778360";"A01";"2";"15";"4";"0";"1";"0";"1";""
"202400001944";"155778358";"A01";"1";"7";"0";"2";"5";"23";"1";""
"202400001944";"155778359";"B01";"1";"1";"0";"2";"1";"2";"5";""
"202400001945";"155778354";"A01";"0";"7";"0";"2";"2";"1";"1";""
"202400001945";"155778355";"B01";"0";"32";"0";"2";"1";"25";"1";""
"202400001946";"155778351";"A01";"2";"7";"0";"1";"2";"1";"1";""
"202400001947";"155778352";"B01";"2";"60";"0";"2";"1";"1";"5";""
"202400001947";"155778353";"A01";"1";"7";"0";"2";"1";"13";"1";""
"202400001948";"155778346";"A01";"1";"7";"13";"2";"8";"13";"1";""
"202400001948";"155778349";"B01";"2";"7";"0";"2";"1";"1";"1";""
"202400001949";"155778345";"C01";"1";"7";"0";"2";"4";"1";"1";""
"202400001949";"155778347";"D01";"1";"7";"0";"2";"4";"1";"1";""
"202400001949";"155778348";"A01";"1";"7";"0";"2";"1";"1";"1";""
"202400001949";"155778350";"B01";"1";"7";"0";"2";"4";"1";"1";""
"202400001950";"155778341";"A01";"1";"7";"1";"0";"2";"14";"1";""
"202400001950";"155778343";"B01";"1";"7";"1";"2";"6";"0";"1";""
"202400001951";"155778342";"B01";"1";"31";"0";"2";"7";"17";"1";""
"202400001951";"155778344";"A01";"1";"7";"0";"2";"8";"17";"1";""
"202400001952";"155778339";"A01";"3";"33";"14";"0";"1";"0";"1";""
"202400001953";"155778338";"B01";"3";"1";"0";"2";"1";"1";"5";""
"202400001953";"155778340";"A01";"1";"7";"14";"2";"2";"0";"1";""
"202400001954";"155778337";"A01";"2";"10";"0";"2";"2";"2";"1";""
"202400001955";"155778336";"A01";"3";"10";"0";"1";"2";"2";"1";""
"202400001956";"155778332";"A01";"1";"10";"0";"2";"1";"12";"1";""
"202400001956";"155778334";"B01";"1";"7";"0";"0";"4";"23";"1";""
"202400001956";"155778335";"C01";"1";"7";"0";"0";"4";"0";"1";""
"202400001957";"155778331";"B01";"1";"7";"0";"2";"1";"1";"1";""
"202400001957";"155778333";"A01";"0";"7";"0";"2";"1";"0";"1";""
"202400001958";"155778329";"B01";"3";"50";"0";"2";"1";"0";"3";""
"202400001958";"155778330";"Z01";"3";"7";"0";"9";"1";"0";"0";""
"202400001959";"155778327";"A01";"1";"7";"0";"0";"7";"15";"2";""
"202400001959";"155778328";"B01";"2";"33";"0";"2";"1";"1";"1";""
"202400001960";"155778326";"A01";"1";"33";"12";"0";"3";"16";"1";""
"202400001961";"155778323";"B01";"2";"33";"0";"2";"1";"1";"0";""
"202400001961";"155778324";"A01";"2";"0";"0";"2";"4";"18";"0";""
"202400001962";"155778320";"B01";"1";"7";"0";"2";"4";"2";"1";""
"202400001962";"155778321";"A01";"1";"7";"0";"2";"1";"2";"1";""
"202400001963";"155778319";"B01";"1";"7";"0";"2";"3";"1";"1";""
"202400001963";"155778322";"A01";"2";"7";"0";"2";"2";"15";"1";""
"202400001963";"155778325";"C01";"1";"7";"0";"0";"1";"23";"3";""
"202400001964";"155778317";"B01";"1";"7";"0";"2";"8";"15";"1";""
"202400001964";"155778318";"A01";"2";"7";"0";"2";"3";"1";"1";""
"202400001965";"155778315";"A01";"3";"10";"0";"0";"2";"1";"1";""
"202400001965";"155778316";"B01";"3";"10";"0";"2";"3";"1";"1";""
"202400001966";"155778313";"A01";"2";"7";"0";"2";"7";"15";"1";""
"202400001966";"155778314";"B01";"1";"33";"0";"2";"1";"1";"1";""
"202400001967";"155778311";"A01";"1";"7";"0";"2";"1";"17";"1";""
"202400001967";"155778312";"B01";"2";"7";"0";"2";"1";"1";"1";""
"202400001968";"155778310";"A01";"2";"7";"0";"1";"3";"1";"1";""
"202400001969";"155778309";"A01";"3";"7";"0";"1";"3";"9";"1";""
"202400001970";"155778308";"A01";"1";"32";"0";"1";"1";"1";"1";""
"202400001971";"155778306";"A01";"1";"36";"13";"0";"2";"14";"1";""
"202400001972";"155778304";"A01";"2";"10";"0";"2";"4";"2";"1";""
"202400001972";"155778305";"B01";"2";"10";"0";"2";"4";"2";"3";""
"202400001972";"155778307";"C01";"2";"10";"0";"2";"1";"2";"1";""
"202400001973";"155778302";"A01";"3";"10";"0";"2";"2";"5";"1";""
"202400001973";"155778303";"B01";"3";"43";"0";"2";"1";"0";"1";""
"202400001974";"155778300";"A01";"2";"7";"5";"0";"0";"1";"1";""
"202400001975";"155778299";"A01";"2";"14";"0";"2";"2";"17";"1";""
"202400001975";"155778301";"B01";"2";"1";"0";"2";"8";"1";"5";""
"202400001976";"155778298";"A01";"2";"33";"0";"0";"0";"2";"1";""
"202400001977";"155778295";"A01";"1";"7";"15";"9";"2";"13";"1";""
"202400001978";"155778296";"A01";"1";"7";"0";"2";"8";"19";"1";""
"202400001978";"155778297";"B01";"2";"43";"0";"2";"1";"1";"1";""
"202400001979";"155778294";"A01";"3";"33";"0";"0";"7";"15";"1";""
"202400001980";"155778292";"A01";"3";"31";"0";"0";"0";"1";"1";""
"202400001981";"155778289";"A01";"1";"7";"0";"2";"2";"15";"1";""
"202400001981";"155778291";"B01";"2";"33";"0";"2";"1";"1";"1";""
"202400001982";"155778288";"A01";"1";"7";"0";"2";"2";"26";"2";""
"202400001982";"155778290";"B01";"1";"7";"0";"2";"1";"1";"1";""
"202400001983";"155778287";"A01";"1";"1";"0";"0";"0";"1";"5";""
"202400001984";"155778285";"A01";"1";"1";"0";"2";"1";"1";"5";""
"202400001984";"155778286";"B01";"2";"34";"0";"2";"1";"1";"1";""
"202400001985";"155778283";"B01";"1";"7";"0";"0";"3";"9";"1";""
"202400001985";"155778284";"A01";"2";"2";"0";"0";"1";"1";"1";""
"202400001986";"155778282";"A01";"1";"15";"0";"1";"4";"4";"1";""
"202400001987";"155778280";"A01";"1";"7";"0";"2";"1";"1";"1";""
"202400001987";"155778281";"B01";"1";"7";"0";"2";"4";"1";"1";""
"202400001988";"155778279";"A01";"2";"10";"0";"1";"3";"1";"1";""
"202400001989";"155778277";"A01";"2";"7";"0";"2";"3";"13";"1";""
"202400001989";"155778278";"B01";"1";"7";"0";"2";"3";"1";"1";""
"202400001990";"155778275";"B01";"2";"1";"0";"2";"7";"0";"5";""
"202400001990";"155778276";"A01";"1";"7";"0";"9";"1";"0";"1";""
"202400001991";"155778274";"A01";"2";"2";"0";"1";"2";"17";"1";""
"202400001992";"155778272";"A01";"1";"33";"0";"2";"1";"17";"1";""
"202400001992";"155778273";"B01";"1";"32";"0";"2";"8";"15";"1";""
"202400001993";"155778270";"A01";"2";"7";"0";"2";"2";"12";"1";""
"202400001993";"155778271";"B01";"2";"33";"0";"2";"8";"0";"1";""
"202400001994";"155778267";"A01";"1";"10";"0";"2";"1";"19";"1";""
"202400001994";"155778268";"B01";"1";"7";"0";"2";"1";"1";"1";""
"202400001994";"155778269";"C01";"2";"7";"0";"2";"7";"1";"1";""
"202400001995";"155778266";"A01";"1";"7";"0";"1";"3";"1";"1";""
"202400001996";"155778264";"A01";"1";"7";"0";"2";"2";"15";"1";""
"202400001996";"155778265";"B01";"2";"7";"0";"2";"1";"1";"1";""
"202400001997";"155778263";"A01";"2";"33";"6";"0";"2";"17";"1";""
"202400001998";"155778262";"A01";"1";"7";"6";"0";"1";"1";"1";""
"202400001999";"155778261";"A01";"1";"1";"0";"0";"9";"0";"5";""
"202400002000";"155778260";"A01";"3";"7";"13";"0";"3";"1";"1";""
"202400002001";"155778258";"A01";"2";"7";"0";"2";"7";"17";"1";""
"202400002001";"155778259";"B01";"1";"7";"0";"2";"1";"1";"1";""
"202400002002";"155778256";"B01";"3";"10";"0";"0";"3";"19";"1";""
"202400002002";"155778257";"A01";"3";"7";"0";"2";"1";"1";"1";""
"202400002003";"155778253";"A01";"2";"7";"0";"2";"3";"5";"1";""
"202400002003";"155778254";"B01";"1";"7";"0";"2";"1";"1";"1";""
"202400002004";"155778252";"A01";"2";"7";"0";"2";"7";"17";"1";""
"202400002004";"155778255";"B01";"2";"1";"0";"2";"8";"1";"5";""
"202400002005";"155778251";"A01";"1";"7";"0";"1";"3";"2";"1";""
"202400002006";"155778250";"A01";"1";"7";"2";"0";"7";"1";"1";""
"202400002007";"155778248";"A01";"0";"7";"2";"0";"1";"1";"1";""
"202400002008";"155778247";"A01";"0";"50";"0";"2";"3";"5";"3";""
"202400002008";"155778249";"B01";"3";"7";"0";"2";"2";"1";"1";""
"202400002009";"155778243";"A01";"2";"7";"0";"2";"3";"13";"1";""
"202400002009";"155778244";"B01";"1";"7";"0";"2";"3";"1";"1";""
"202400002010";"155778242";"A01";"1";"7";"0";"2";"1";"5";"1";""
"202400002010";"155778245";"B01";"2";"33";"0";"2";"3";"1";"1";""
"202400002010";"155778246";"C01";"2";"7";"0";"2";"1";"1";"1";""
"202400002011";"155778240";"A01";"2";"7";"1";"0";"3";"10";"1";""
"202400002011";"155778241";"B01";"2";"31";"0";"0";"1";"17";"1";""
"202400002012";"155778239";"A01";"1";"1";"0";"1";"1";"1";"5";""
"202400002013";"155778235";"B01";"1";"7";"0";"9";"7";"1";"1";""
"202400002013";"155778237";"A01";"1";"50";"0";"2";"1";"19";"3";""
"202400002014";"155778234";"C01";"1";"7";"0";"2";"6";"1";"1";""
"202400002014";"155778236";"A01";"2";"7";"3";"2";"1";"5";"1";""
"202400002014";"155778238";"B01";"1";"7";"0";"2";"1";"1";"2";""
"202400002015";"155778232";"A01";"2";"7";"0";"2";"1";"1";"1";""
"202400002015";"155778233";"B01";"1";"10";"0";"2";"3";"15";"1";""
"202400002016";"155778228";"A01";"1";"33";"0";"2";"1";"13";"1";""
"202400002016";"155778230";"B01";"2";"7";"0";"2";"3";"1";"1";""
"202400002017";"155778229";"A01";"1";"31";"7";"0";"1";"14";"1";""
"202400002018";"155778226";"A01";"1";"7";"13";"0";"1";"0";"1";""
"202400002019";"155778222";"A01";"1";"34";"0";"2";"3";"26";"1";""
"202400002019";"155778224";"B01";"1";"10";"0";"2";"1";"26";"1";""
"202400002020";"155778221";"A01";"2";"7";"0";"2";"4";"2";"1";""
"202400002020";"155778223";"B01";"2";"7";"0";"2";"4";"2";"1";""
"202400002020";"155778225";"C01";"2";"7";"0";"2";"4";"2";"1";""
"202400002020";"155778227";"D01";"2";"7";"0";"2";"4";"2";"2";""
"202400002021";"155778220";"A01";"1";"7";"2";"0";"8";"14";"1";""
"202400002022";"155778219";"A01";"0";"33";"0";"0";"8";"0";"1";""
"202400002023";"155778218";"A01";"1";"7";"0";"2";"1";"13";"1";""
"202400002024";"155778215";"A01";"0";"7";"0";"0";"6";"15";"1";""
"202400002024";"155778217";"B01";"0";"33";"0";"2";"1";"11";"1";""
"202400002025";"155778214";"A01";"2";"7";"0";"2";"2";"2";"0";""
"202400002025";"155778216";"B01";"2";"33";"0";"2";"1";"3";"1";""
"202400002026";"155778213";"A01";"2";"7";"16";"6";"1";"0";"1";""
"202400002027";"155778212";"A01";"2";"7";"4";"0";"1";"13";"1";""
"202400002028";"155778209";"B01";"0";"7";"0";"2";"1";"2";"1";""
"202400002028";"155778211";"A01";"3";"7";"0";"0";"6";"2";"1";""
"202400002029";"155778207";"A01";"1";"10";"0";"2";"1";"2";"1";""
"202400002029";"155778208";"B01";"1";"7";"0";"2";"4";"2";"1";""
"202400002029";"155778210";"C01";"1";"7";"0";"2";"1";"21";"1";""
"202400002030";"155778206";"A01";"1";"7";"15";"0";"1";"1";"1";""
"202400002031";"155778204";"A01";"2";"2";"1";"0";"1";"1";"1";""
"202400002032";"155778201";"A01";"2";"7";"3";"0";"8";"13";"1";""
"202400002033";"155778202";"A01";"2";"43";"0";"2";"1";"3";"1";""
"202400002033";"155778203";"C01";"2";"7";"0";"2";"7";"1";"1";""
"202400002033";"155778205";"B01";"2";"7";"0";"2";"5";"14";"3";""
"202400002034";"155778200";"A01";"1";"7";"2";"0";"1";"1";"1";""
"202400002035";"155778199";"A01";"1";"33";"3";"0";"8";"1";"1";""
"202400002036";"155778196";"A01";"1";"7";"0";"2";"1";"1";"1";""
"202400002036";"155778198";"B01";"1";"7";"0";"0";"4";"1";"1";""
"202400002037";"155778195";"A01";"1";"7";"0";"2";"1";"1";"1";""
"202400002037";"155778197";"B01";"1";"7";"0";"2";"4";"1";"1";""
"202400002038";"155778194";"A01";"3";"7";"0";"1";"2";"1";"1";""
"202400002039";"155778192";"B01";"2";"7";"0";"2";"6";"0";"1";""
"202400002039";"155778193";"A01";"2";"43";"0";"2";"3";"1";"1";""
"202400002040";"155778190";"A01";"2";"33";"0";"2";"1";"2";"1";""
"202400002040";"155778191";"B01";"2";"7";"0";"2";"4";"2";"1";""
"202400002041";"155778189";"A01";"1";"30";"0";"0";"3";"1";"1";""
"202400002042";"155778188";"A01";"1";"31";"0";"1";"1";"26";"3";""
"202400002043";"155778185";"A01";"2";"43";"0";"2";"1";"11";"1";""
"202400002043";"155778186";"B01";"2";"10";"0";"2";"6";"23";"1";""
"202400002043";"155778187";"C01";"2";"7";"0";"2";"6";"23";"1";""
"202400002044";"155778184";"A01";"1";"31";"0";"1";"7";"14";"1";""
"202400002045";"155778179";"B01";"1";"7";"0";"2";"3";"2";"1";""
"202400002045";"155778181";"A01";"1";"7";"0";"2";"5";"2";"1";""
"202400002045";"155778182";"C01";"1";"7";"0";"2";"1";"2";"1";""
"202400002045";"155778183";"Z01";"0";"7";"0";"0";"0";"0";"0";""
"202400002046";"155778178";"A01";"1";"10";"0";"2";"7";"23";"1";""
"202400002046";"155778180";"B01";"1";"2";"0";"2";"2";"18";"1";""
"202400002047";"155778175";"B01";"1";"10";"0";"1";"3";"19";"0";""
"202400002048";"155778174";"C01";"1";"7";"0";"2";"4";"23";"1";""
"202400002048";"155778176";"A01";"1";"7";"0";"2";"1";"1";"1";""
"202400002048";"155778177";"B01";"1";"7";"1";"0";"4";"23";"1";""
"202400002049";"155778171";"B01";"1";"7";"0";"2";"1";"1";"1";""
"202400002049";"155778173";"A01";"1";"7";"0";"2";"4";"1";"2";""
"202400002050";"155778172";"A01";"1";"7";"0";"1";"3";"26";"1";""
"202400002051";"155778167";"B01";"1";"7";"0";"2";"4";"23";"1";""
"202400002051";"155778168";"C01";"1";"10";"0";"2";"4";"23";"1";""
"202400002051";"155778170";"A01";"1";"7";"0";"2";"1";"1";"1";""
"202400002052";"155778166";"A01";"2";"7";"0";"2";"1";"1";"1";""
"202400002052";"155778169";"B01";"1";"7";"0";"2";"2";"9";"1";""
"202400002053";"155778164";"A01";"2";"33";"0";"2";"7";"12";"1";""
"202400002053";"155778165";"B01";"2";"7";"0";"2";"6";"1";"1";""
"202400002054";"155778162";"B01";"3";"33";"0";"2";"8";"9";"1";""
"202400002054";"155778163";"A01";"1";"32";"0";"2";"1";"17";"1";""
"202400002055";"155778157";"A01";"2";"7";"0";"2";"3";"1";"1";""
"202400002055";"155778159";"B01";"2";"7";"0";"2";"4";"1";"1";""
"202400002055";"155778160";"C01";"2";"7";"0";"2";"4";"1";"1";""
"202400002055";"155778161";"D01";"2";"7";"0";"2";"4";"1";"1";""
"202400002056";"155778155";"C01";"2";"7";"0";"2";"3";"2";"1";""
"202400002056";"155778156";"A01";"2";"34";"0";"2";"1";"3";"1";""
"202400002056";"155778158";"B01";"1";"7";"0";"2";"3";"9";"2";""
"202400002057";"155778153";"A01";"1";"7";"0";"2";"1";"1";"1";""
"202400002057";"155778154";"B01";"1";"7";"0";"2";"4";"1";"2";""
"202400002058";"155778152";"A01";"2";"7";"0";"1";"2";"1";"1";""
"202400002059";"155778150";"A01";"1";"7";"0";"2";"2";"12";"2";""
"202400002059";"155778151";"B01";"1";"7";"0";"2";"6";"1";"2";""
"202400002060";"155778149";"A01";"2";"38";"0";"1";"3";"1";"1";"1"
"202400002061";"155778147";"A01";"1";"10";"0";"2";"5";"21";"1";""
"202400002061";"155778148";"B01";"1";"33";"0";"2";"1";"1";"1";""
"202400002062";"155778145";"A01";"2";"7";"3";"0";"3";"1";"1";""
"202400002063";"155778144";"B01";"2";"3";"0";"9";"1";"1";"0";""
"202400002063";"155778146";"A01";"2";"7";"0";"9";"2";"14";"1";""
"202400002064";"155778142";"B01";"2";"7";"0";"2";"6";"1";"1";""
"202400002064";"155778143";"A01";"2";"33";"0";"2";"1";"11";"1";""
"202400002065";"155778141";"A01";"3";"10";"0";"1";"7";"26";"3";""
"202400002066";"155778138";"A01";"1";"10";"0";"1";"2";"14";"1";""
"202400002067";"155778139";"A01";"1";"31";"0";"2";"1";"3";"1";""
"202400002067";"155778140";"B01";"1";"7";"0";"2";"8";"0";"3";""
"202400002068";"155778137";"A01";"2";"43";"1";"1";"0";"20";"1";""
"202400002069";"155778135";"Z01";"1";"7";"0";"2";"1";"2";"1";""
"202400002069";"155778136";"A01";"1";"7";"0";"2";"4";"2";"2";""
"202400002070";"155778133";"A01";"2";"7";"0";"1";"1";"1";"1";""
"202400002071";"155778131";"A01";"2";"7";"0";"2";"3";"11";"1";""
"202400002071";"155778132";"B01";"2";"33";"0";"2";"0";"1";"1";""
"202400002071";"155778134";"C01";"2";"7";"0";"2";"4";"1";"1";""
"202400002072";"155778127";"B01";"1";"15";"0";"2";"1";"1";"1";""
"202400002072";"155778129";"A01";"1";"7";"0";"2";"6";"11";"3";""
"202400002073";"155778128";"A01";"1";"7";"0";"9";"3";"1";"1";""
"202400002073";"155778130";"B01";"2";"50";"0";"2";"1";"5";"3";""
"202400002074";"155778125";"A01";"3";"10";"1";"0";"1";"1";"3";""
"202400002075";"155778124";"A01";"2";"15";"0";"2";"3";"2";"1";""
"202400002075";"155778126";"B01";"2";"1";"0";"2";"0";"0";"5";""
"202400002076";"155778122";"A01";"2";"31";"12";"0";"0";"14";"1";""
"202400002077";"155778123";"A01";"2";"7";"0";"2";"3";"17";"1";""
"202400002078";"155778120";"A01";"3";"7";"8";"0";"0";"16";"1";""
"202400002079";"155778119";"A01";"1";"30";"0";"2";"1";"17";"1";""
"202400002079";"155778121";"B01";"2";"7";"0";"2";"3";"1";"1";""
"202400002080";"155778116";"A01";"1";"7";"16";"2";"9";"13";"1";""
"202400002080";"155778118";"B01";"2";"7";"0";"2";"1";"1";"1";""
"202400002081";"155778115";"A01";"3";"50";"0";"2";"1";"8";"3";""
"202400002081";"155778117";"B01";"1";"33";"0";"2";"3";"0";"0";""
"202400002082";"155778112";"A01";"3";"30";"0";"2";"0";"0";"1";""
"202400002082";"155778114";"B01";"3";"10";"0";"2";"0";"0";"1";""
"202400002083";"155778111";"B01";"1";"2";"0";"2";"7";"1";"1";""
"202400002083";"155778113";"A01";"3";"7";"0";"2";"1";"15";"1";""
"202400002084";"155778109";"B01";"1";"7";"0";"2";"4";"1";"1";""
"202400002084";"155778110";"A01";"1";"7";"0";"2";"1";"2";"2";""
"202400002085";"155778108";"A01";"1";"30";"0";"1";"1";"13";"0";""
"202400002086";"155778105";"A01";"0";"80";"1";"2";"2";"26";"3";""
"202400002086";"155778107";"B01";"3";"7";"0";"9";"3";"23";"2";""
"202400002087";"155778104";"B01";"0";"7";"0";"2";"1";"0";"1";""
"202400002087";"155778106";"A01";"0";"7";"0";"2";"0";"26";"2";""
"202400002088";"155778102";"A01";"3";"7";"0";"1";"1";"1";"1";""
"202400002089";"155778101";"B01";"2";"7";"0";"2";"0";"0";"1";""