"Num_Acc";"id_vehicule";"num_veh";"senc";"catv";"obs";"obsm";"choc";"manv";"motor";"occutc"
"202400002089";"155778103";"A01";"1";"31";"0";"2";"1";"1";"1";""
"202400002090";"155778097";"A01";"2";"7";"0";"1";"1";"1";"1";""
"202400002091";"155778096";"A01";"1";"7";"0";"2";"1";"2";"1";""
"202400002091";"155778098";"B01";"1";"7";"0";"2";"4";"2";"1";""
"202400002091";"155778099";"C01";"1";"7";"0";"2";"4";"2";"1";""
"202400002091";"155778100";"D01";"1";"7";"0";"2";"4";"2";"2";""
"202400002092";"155778092";"A01";"2";"32";"0";"2";"1";"1";"1";""
"202400002092";"155778093";"B01";"2";"7";"0";"2";"2";"16";"1";""
"202400002093";"155778094";"A01";"1";"10";"0";"2";"7";"22";"1";""
"202400002093";"155778095";"B01";"1";"50";"0";"2";"1";"1";"3";""
"202400002094";"155778091";"A01";"0";"7";"8";"0";"1";"14";"1";""
"202400002095";"155778089";"A01";"1";"7";"0";"1";"2";"26";"1";""
"202400002096";"155778088";"A01";"1";"7";"0";"2";"1";"1";"1";""
"202400002096";"155778090";"B01";"2";"7";"0";"2";"3";"1";"1";""
"202400002097";"155778086";"A01";"3";"7";"0";"1";"2";"9";"1";""
"202400002098";"155778085";"A01";"2";"30";"0";"2";"3";"13";"1";""
"202400002098";"155778087";"B01";"1";"10";"0";"2";"8";"1";"1";""
"202400002099";"155778084";"A01";"2";"7";"0";"1";"2";"1";"2";""
"202400002100";"155778082";"B01";"3";"37";"0";"2";"3";"0";"1";"2"
"202400002100";"155778083";"A01";"3";"10";"0";"2";"2";"2";"1";""
"202400002101";"155778077";"Z01";"2";"7";"0";"1";"1";"1";"0";""
"202400002102";"155778076";"A01";"1";"7";"0";"0";"0";"0";"1";""
"202400002102";"155778079";"B01";"1";"7";"0";"0";"0";"0";"1";""
"202400002102";"155778081";"C01";"1";"7";"0";"0";"0";"0";"1";""
"202400002103";"155778078";"A01";"2";"7";"0";"2";"3";"15";"2";""
"202400002103";"155778080";"B01";"2";"33";"0";"2";"7";"1";"1";""
"202400002104";"155778075";"A01";"1";"7";"0";"9";"3";"9";"1";""
"202400002105";"155778072";"B01";"2";"7";"0";"2";"1";"0";"0";""
"202400002105";"155778074";"A01";"1";"7";"0";"2";"1";"13";"0";""
"202400002106";"155778071";"B01";"3";"7";"0";"2";"1";"1";"1";""
"202400002106";"155778073";"A01";"3";"7";"0";"2";"2";"1";"1";""
"202400002107";"155778070";"A01";"1";"7";"2";"0";"1";"2";"0";""
"202400002108";"155778069";"A01";"3";"7";"0";"1";"3";"1";"2";""
"202400002109";"155778068";"A01";"1";"7";"0";"1";"2";"1";"2";""
"202400002110";"155778066";"Z01";"2";"7";"0";"1";"1";"1";"0";""
"202400002111";"155778067";"A01";"1";"3";"0";"1";"0";"26";"1";""
"202400002112";"155778064";"A01";"2";"33";"0";"2";"2";"3";"1";""
"202400002112";"155778065";"B01";"2";"10";"0";"2";"3";"10";"1";""
"202400002113";"155778062";"A01";"3";"7";"0";"1";"1";"1";"1";""
"202400002114";"155778060";"B01";"0";"14";"0";"2";"2";"1";"1";""
"202400002114";"155778063";"A01";"0";"7";"0";"2";"6";"1";"1";""
"202400002115";"155778059";"A01";"2";"10";"0";"2";"7";"2";"1";""
"202400002115";"155778061";"B01";"2";"13";"0";"2";"8";"2";"1";""
"202400002116";"155778058";"A01";"3";"7";"0";"1";"1";"0";"1";""
"202400002117";"155778055";"A01";"2";"30";"0";"2";"1";"2";"1";""
"202400002117";"155778056";"B01";"2";"7";"0";"2";"5";"1";"1";""
"202400002118";"155778054";"A01";"1";"7";"9";"1";"2";"1";"1";""
"202400002119";"155778053";"A01";"1";"7";"0";"2";"7";"1";"1";""
"202400002119";"155778057";"B01";"3";"1";"0";"2";"1";"19";"5";""
"202400002120";"155778052";"A01";"1";"34";"6";"0";"1";"26";"1";""
"202400002121";"155778049";"A01";"1";"7";"0";"2";"1";"2";"0";""
"202400002121";"155778050";"B01";"1";"7";"0";"2";"4";"1";"1";""
"202400002122";"155778048";"C01";"0";"7";"0";"2";"1";"1";"1";""
"202400002122";"155778051";"A01";"0";"7";"1";"2";"0";"13";"1";""
"202400002123";"155778044";"A01";"2";"7";"0";"2";"2";"1";"1";""
"202400002123";"155778046";"B01";"1";"33";"0";"2";"1";"1";"1";""
"202400002124";"155778045";"B01";"0";"7";"0";"2";"4";"2";"0";""
"202400002124";"155778047";"A01";"3";"34";"0";"2";"1";"2";"0";""
"202400002125";"155778039";"A01";"1";"7";"0";"2";"6";"20";"1";""
"202400002125";"155778041";"B01";"2";"7";"0";"2";"3";"2";"1";""
"202400002126";"155778040";"A01";"3";"7";"0";"2";"3";"19";"1";""
"202400002126";"155778043";"B01";"1";"33";"0";"2";"1";"1";"1";""
"202400002127";"155778038";"B01";"0";"7";"8";"2";"3";"1";"1";""
"202400002127";"155778042";"A01";"0";"7";"0";"2";"1";"15";"1";""
"202400002128";"155778035";"Z01";"2";"7";"0";"2";"2";"16";"2";""
"202400002128";"155778037";"A01";"1";"50";"0";"2";"7";"5";"3";""
"202400002129";"155778034";"B01";"3";"50";"0";"2";"3";"1";"3";""
"202400002129";"155778036";"A01";"3";"7";"0";"2";"3";"9";"1";""
"202400002130";"155778032";"A01";"1";"32";"0";"2";"1";"1";"1";""
"202400002130";"155778033";"B01";"1";"7";"0";"2";"2";"0";"1";""
"202400002131";"155778030";"A01";"1";"1";"0";"1";"1";"0";"5";""
"202400002132";"155778031";"A01";"2";"7";"0";"1";"1";"1";"1";""
"202400002133";"155778028";"A01";"1";"2";"0";"2";"1";"2";"1";""
"202400002133";"155778029";"B01";"1";"7";"0";"2";"6";"2";"1";""
"202400002134";"155778025";"A01";"2";"10";"0";"2";"1";"15";"1";""
"202400002134";"155778027";"B01";"2";"10";"12";"0";"3";"2";"1";""
"202400002135";"155778026";"A01";"0";"10";"0";"1";"3";"1";"1";""
"202400002136";"155778024";"A01";"1";"50";"0";"1";"1";"1";"3";""
"202400002137";"155778021";"A01";"0";"7";"0";"1";"1";"14";"3";""
"202400002138";"155778020";"A01";"2";"2";"0";"2";"1";"21";"1";""
"202400002138";"155778023";"B01";"3";"7";"0";"2";"1";"1";"0";""
"202400002139";"155778019";"A01";"1";"7";"0";"2";"3";"13";"1";""
"202400002139";"155778022";"B01";"2";"7";"0";"2";"3";"1";"1";""
"202400002140";"155778015";"B01";"2";"7";"0";"2";"4";"15";"1";""
"202400002140";"155778017";"A01";"2";"32";"0";"2";"1";"2";"1";""
"202400002141";"155778010";"A01";"2";"7";"0";"2";"1";"2";"1";""
"202400002141";"155778013";"B01";"2";"7";"0";"2";"2";"14";"1";""
"202400002142";"155778009";"A01";"2";"7";"0";"2";"3";"16";"1";""
"202400002142";"155778012";"B01";"3";"1";"0";"2";"1";"19";"5";""
"202400002143";"155778008";"B01";"3";"1";"0";"2";"1";"14";"5";""
"202400002143";"155778011";"A01";"2";"7";"0";"2";"3";"13";"1";""
"202400002144";"155778006";"A01";"3";"2";"0";"2";"1";"14";"1";""
"202400002144";"155778007";"B01";"3";"7";"0";"2";"7";"23";"1";""
"202400002145";"155778004";"A01";"1";"7";"0";"1";"2";"15";"1";""
"202400002146";"155778001";"A01";"1";"50";"0";"2";"1";"13";"3";""
"202400002146";"155778003";"B01";"2";"7";"0";"2";"3";"1";"1";""
"202400002146";"155778005";"C01";"1";"7";"0";"2";"3";"1";"1";""
"202400002147";"155777999";"A01";"3";"10";"0";"1";"1";"1";"1";""
"202400002148";"155777998";"A01";"1";"7";"0";"1";"3";"1";"1";""
"202400002149";"155777996";"B01";"2";"7";"0";"2";"1";"1";"1";""
"202400002149";"155777997";"A01";"1";"7";"0";"2";"7";"17";"1";""
"202400002150";"155777994";"A01";"1";"1";"0";"0";"0";"1";"5";""
"202400002151";"155777993";"B01";"2";"10";"0";"2";"8";"15";"1";""
"202400002151";"155777995";"A01";"1";"33";"0";"2";"1";"17";"1";""
"202400002152";"155777991";"A01";"1";"7";"0";"2";"2";"1";"1";""
"202400002152";"155777992";"B01";"1";"50";"0";"2";"2";"19";"3";""
"202400002153";"155777988";"A01";"3";"7";"0";"1";"1";"18";"1";""
"202400002154";"155777989";"A01";"2";"7";"2";"0";"1";"14";"1";""
"202400002155";"155777987";"A01";"2";"30";"0";"2";"3";"17";"1";""
"202400002155";"155777990";"B01";"2";"30";"0";"2";"8";"1";"1";""
"202400002156";"155777984";"A01";"2";"7";"0";"2";"0";"0";"1";""
"202400002156";"155777986";"B01";"1";"2";"0";"0";"0";"1";"1";""
"202400002157";"155777980";"A01";"0";"50";"14";"0";"1";"1";"3";""
"202400002158";"155777979";"A01";"3";"10";"0";"2";"1";"2";"3";""
"202400002158";"155777982";"C01";"3";"10";"0";"2";"4";"2";"1";""
"202400002158";"155777983";"B01";"3";"7";"0";"2";"1";"2";"1";""
"202400002159";"155777977";"A01";"0";"7";"1";"0";"1";"1";"1";""
"202400002160";"155777976";"A01";"2";"7";"0";"2";"3";"13";"1";""
"202400002160";"155777978";"B01";"1";"7";"0";"2";"3";"1";"1";""
"202400002160";"155777981";"C01";"1";"7";"0";"2";"6";"1";"1";""
"202400002160";"155777985";"D01";"1";"33";"0";"2";"1";"1";"1";""
"202400002161";"155777975";"A01";"1";"7";"0";"1";"1";"26";"1";""
"202400002162";"155777974";"A01";"2";"33";"12";"0";"1";"15";"1";""
"202400002163";"155777972";"A01";"3";"34";"0";"5";"1";"1";"1";""
"202400002164";"155777970";"B01";"1";"7";"0";"2";"1";"1";"1";""
"202400002165";"155777968";"A01";"2";"7";"0";"2";"2";"19";"1";""
"202400002165";"155777969";"B01";"2";"33";"0";"2";"1";"1";"1";""
"202400002166";"155777967";"A01";"3";"80";"14";"0";"1";"1";"3";""
"202400002167";"155777966";"A01";"0";"7";"12";"2";"1";"21";"1";""
"202400002168";"155777965";"A01";"2";"7";"0";"1";"2";"26";"0";""
"202400002169";"155777963";"A01";"3";"7";"0";"1";"1";"1";"1";""
"202400002170";"155777962";"A01";"1";"7";"0";"4";"2";"0";"1";""
"202400002170";"155777964";"B01";"3";"39";"0";"2";"3";"1";"3";""
"202400002171";"155777960";"A01";"1";"7";"0";"1";"2";"2";"1";""
"202400002172";"155777959";"B01";"1";"33";"0";"2";"1";"2";"1";""
"202400002172";"155777961";"A01";"1";"7";"0";"2";"8";"15";"2";""
"202400002173";"155777958";"A01";"1";"2";"0";"5";"1";"1";"1";""
"202400002174";"155777956";"A01";"1";"30";"0";"2";"1";"13";"1";""
"202400002174";"155777957";"B01";"2";"7";"0";"2";"1";"13";"1";""
"202400002175";"155777954";"A01";"2";"7";"2";"0";"2";"14";"1";""
"202400002176";"155777951";"B01";"1";"7";"0";"2";"6";"15";"1";""
"202400002176";"155777953";"C01";"2";"7";"0";"2";"1";"9";"1";""
"202400002176";"155777955";"A01";"1";"3";"0";"2";"1";"9";"1";""
"202400002177";"155777949";"A01";"1";"1";"0";"2";"8";"19";"5";""
"202400002177";"155777952";"B01";"1";"7";"0";"2";"1";"1";"1";""
"202400002178";"155777950";"A01";"1";"7";"8";"0";"0";"1";"1";""
"202400002179";"155777947";"B01";"3";"1";"0";"2";"3";"9";"5";""
"202400002179";"155777948";"A01";"3";"7";"0";"9";"1";"9";"0";""
"202400002180";"155777944";"A01";"3";"7";"0";"1";"3";"14";"1";""
"202400002181";"155777943";"C01";"0";"7";"0";"2";"4";"2";"1";""
"202400002181";"155777945";"A01";"0";"7";"0";"2";"1";"2";"1";""
"202400002181";"155777946";"B01";"0";"7";"0";"2";"4";"2";"1";""
"202400002182";"155777941";"A01";"2";"50";"0";"2";"4";"1";"3";""
"202400002182";"155777942";"B01";"2";"1";"0";"2";"4";"17";"5";""
"202400002183";"155777937";"A01";"3";"7";"0";"1";"1";"16";"1";""
"202400002184";"155777935";"B01";"3";"1";"0";"2";"8";"16";"5";""
"202400002184";"155777938";"A01";"3";"37";"0";"2";"2";"16";"1";"1"
"202400002185";"155777936";"A01";"2";"10";"0";"0";"4";"23";"1";""
"202400002185";"155777939";"B01";"2";"7";"0";"0";"4";"23";"3";""
"202400002185";"155777940";"C01";"2";"7";"0";"2";"1";"1";"1";""
"202400002186";"155777933";"A01";"1";"7";"0";"2";"2";"1";"1";""
"202400002186";"155777934";"B01";"1";"7";"0";"2";"6";"1";"1";""
"202400002187";"155777931";"A01";"2";"7";"3";"0";"2";"1";"1";""
"202400002188";"155777930";"B01";"2";"30";"0";"2";"1";"1";"1";""
"202400002188";"155777932";"A01";"1";"7";"0";"2";"2";"15";"1";""
"202400002189";"155777926";"A01";"1";"7";"0";"2";"8";"15";"1";""
"202400002189";"155777929";"B01";"1";"33";"0";"2";"1";"1";"1";""
"202400002190";"155777925";"A01";"3";"7";"0";"2";"7";"14";"1";""
"202400002190";"155777927";"B01";"3";"80";"0";"2";"8";"1";"2";""
"202400002191";"155777924";"B01";"2";"7";"0";"2";"8";"19";"1";""
"202400002191";"155777928";"A01";"1";"7";"0";"2";"1";"1";"1";""
"202400002192";"155777921";"A01";"3";"10";"0";"1";"4";"4";"1";""
"202400002193";"155777922";"A01";"1";"7";"1";"2";"2";"1";"1";""
"202400002193";"155777923";"D01";"2";"7";"0";"2";"3";"1";"1";""
"202400002194";"155777919";"B01";"1";"80";"0";"2";"1";"1";"3";""
"202400002194";"155777920";"A01";"1";"7";"0";"2";"6";"9";"1";""
"202400002195";"155777914";"C01";"2";"7";"0";"2";"4";"23";"4";""
"202400002195";"155777916";"B01";"2";"7";"0";"2";"4";"23";"1";""
"202400002195";"155777918";"A01";"2";"7";"0";"2";"1";"2";"1";""
"202400002196";"155777915";"A01";"0";"7";"0";"2";"2";"15";"1";""
"202400002196";"155777917";"B01";"0";"1";"0";"2";"1";"1";"5";""
"202400002197";"155777912";"A01";"1";"7";"0";"2";"1";"5";"1";""
"202400002197";"155777913";"B01";"2";"7";"0";"2";"3";"1";"1";""
"202400002198";"155777911";"A01";"1";"7";"0";"0";"4";"13";"1";""
"202400002199";"155777909";"A01";"1";"7";"0";"2";"7";"15";"1";""
"202400002199";"155777910";"B01";"1";"2";"0";"2";"1";"18";"1";""
"202400002200";"155777907";"A01";"1";"7";"6";"0";"1";"1";"1";""
"202400002201";"155777905";"B01";"2";"7";"0";"2";"3";"15";"1";""
"202400002201";"155777908";"A01";"1";"10";"0";"2";"2";"9";"1";""
"202400002202";"155777903";"A01";"2";"33";"13";"0";"1";"1";"1";""
"202400002203";"155777904";"B01";"2";"7";"0";"2";"0";"1";"1";""
"202400002203";"155777906";"A01";"3";"7";"0";"2";"7";"19";"1";""
"202400002204";"155777900";"B01";"2";"1";"0";"2";"8";"1";"5";""
"202400002204";"155777902";"A01";"1";"7";"0";"2";"2";"1";"2";""
"202400002205";"155777899";"B01";"1";"7";"0";"2";"1";"1";"0";""
"202400002205";"155777901";"A01";"1";"10";"8";"2";"3";"1";"1";""
"202400002206";"155777898";"A01";"3";"7";"1";"0";"2";"14";"1";""
"202400002207";"155777896";"A01";"1";"7";"0";"2";"4";"4";"1";""
"202400002207";"155777897";"B01";"1";"7";"0";"2";"1";"23";"1";""
"202400002208";"155777894";"A01";"2";"7";"0";"1";"1";"26";"1";""
"202400002209";"155777893";"A01";"0";"7";"0";"1";"1";"15";"1";""
"202400002210";"155777890";"A01";"1";"7";"0";"2";"1";"2";"0";""
"202400002210";"155777892";"B01";"1";"2";"0";"2";"4";"2";"1";""
"202400002211";"155777888";"A01";"1";"7";"0";"0";"1";"1";"1";""
"202400002211";"155777891";"B01";"2";"50";"0";"2";"8";"1";"3";""
"202400002212";"155777887";"B01";"1";"1";"0";"2";"4";"1";"5";""
"202400002212";"155777889";"A01";"1";"7";"0";"2";"0";"1";"0";""
"202400002213";"155777884";"B01";"3";"7";"0";"2";"3";"9";"1";""
"202400002213";"155777886";"A01";"3";"2";"12";"2";"7";"9";"1";""
"202400002214";"155777885";"A01";"3";"7";"0";"1";"1";"26";"1";""
"202400002215";"155777883";"A01";"2";"7";"0";"1";"2";"16";"1";""
"202400002216";"155777882";"A01";"3";"2";"0";"0";"8";"1";"1";""
"202400002217";"155777879";"A01";"1";"7";"0";"0";"1";"1";"1";""
"202400002218";"155777878";"B01";"3";"50";"0";"2";"1";"1";"3";""
"202400002218";"155777881";"A01";"3";"7";"0";"2";"2";"16";"1";""
"202400002219";"155777877";"A01";"1";"7";"0";"2";"1";"1";"1";""
"202400002219";"155777880";"B01";"1";"7";"0";"2";"4";"1";"1";""
"202400002220";"155777874";"A01";"2";"7";"0";"2";"3";"5";"1";""
"202400002220";"155777876";"B01";"1";"10";"0";"2";"3";"2";"1";""
"202400002221";"155777873";"A01";"1";"7";"0";"1";"1";"1";"1";""
"202400002222";"155777872";"A01";"2";"7";"0";"2";"1";"1";"1";""
"202400002222";"155777875";"B01";"2";"1";"0";"2";"8";"1";"5";""
"202400002223";"155777870";"B01";"2";"7";"0";"2";"1";"1";"1";""
"202400002223";"155777871";"A01";"2";"7";"2";"0";"4";"11";"1";""
"202400002224";"155777869";"A01";"1";"7";"1";"0";"8";"1";"1";""
"202400002225";"155777867";"B01";"1";"30";"0";"2";"1";"1";"1";""
"202400002225";"155777868";"A01";"1";"7";"0";"2";"3";"9";"1";""
"202400002226";"155777866";"A01";"2";"7";"13";"0";"1";"26";"1";""
"202400002227";"155777864";"A01";"0";"3";"0";"9";"1";"17";"0";""
"202400002227";"155777865";"B01";"0";"60";"0";"2";"1";"1";"0";""
"202400002228";"155777863";"A01";"3";"7";"0";"1";"1";"15";"1";""
"202400002229";"155777860";"A01";"1";"2";"8";"2";"2";"2";"1";""
"202400002229";"155777862";"B01";"1";"7";"0";"2";"3";"15";"1";""
"202400002230";"155777859";"A01";"2";"50";"0";"2";"1";"1";"3";""
"202400002230";"155777861";"B01";"2";"7";"0";"2";"3";"1";"1";""
"202400002231";"155777857";"A01";"2";"7";"2";"0";"2";"26";"1";""
"202400002232";"155777854";"A01";"2";"14";"0";"2";"3";"15";"1";""
"202400002232";"155777856";"B01";"3";"7";"0";"2";"8";"1";"1";""
"202400002233";"155777851";"B01";"1";"7";"0";"2";"2";"1";"1";""
"202400002233";"155777853";"A01";"3";"7";"0";"2";"2";"9";"1";""
"202400002233";"155777855";"C01";"1";"7";"0";"2";"1";"1";"2";""
"202400002234";"155777848";"A01";"3";"7";"0";"2";"3";"13";"2";""
"202400002234";"155777850";"B01";"3";"7";"0";"2";"3";"1";"1";""
"202400002234";"155777852";"C01";"3";"7";"0";"2";"1";"2";"1";""
"202400002235";"155777847";"A01";"1";"30";"0";"2";"7";"26";"1";""
"202400002235";"155777849";"Z01";"0";"7";"0";"2";"1";"11";"0";""
"202400002236";"155777846";"A01";"1";"3";"0";"1";"1";"15";"1";""
"202400002237";"155777842";"A01";"3";"1";"0";"2";"1";"1";"5";""
"202400002237";"155777844";"B01";"3";"1";"0";"2";"1";"1";"5";""
"202400002238";"155777838";"A01";"1";"7";"0";"2";"1";"2";"1";""
"202400002238";"155777840";"C01";"1";"7";"0";"2";"4";"2";"1";""
"202400002238";"155777841";"B01";"1";"10";"0";"2";"1";"2";"1";""
"202400002239";"155777837";"D01";"2";"10";"0";"2";"6";"1";"0";""
"202400002239";"155777839";"A01";"1";"7";"0";"2";"1";"5";"1";""
"202400002239";"155777843";"B01";"2";"10";"0";"2";"1";"1";"1";""
"202400002239";"155777845";"C01";"2";"7";"0";"2";"1";"1";"1";""
"202400002240";"155777835";"A01";"2";"7";"0";"2";"5";"15";"1";""
"202400002240";"155777836";"B01";"1";"2";"0";"2";"1";"1";"3";""
"202400002241";"155777833";"A01";"1";"7";"14";"0";"1";"26";"1";""
"202400002242";"155777832";"A01";"1";"7";"2";"0";"0";"0";"1";""
"202400002242";"155777834";"B01";"2";"7";"2";"0";"0";"0";"1";""
"202400002243";"155777831";"A01";"3";"7";"12";"0";"2";"9";"1";""
"202400002244";"155777829";"A01";"3";"10";"0";"1";"3";"1";"1";""
"202400002245";"155777828";"B01";"0";"7";"0";"2";"3";"1";"1";""
"202400002245";"155777830";"A01";"0";"32";"0";"2";"1";"17";"1";""
"202400002246";"155777826";"A01";"3";"7";"0";"2";"4";"1";"1";""
"202400002246";"155777827";"B01";"3";"32";"0";"2";"1";"1";"1";""
"202400002247";"155777823";"B01";"1";"7";"0";"2";"6";"2";"1";""
"202400002247";"155777825";"A01";"1";"7";"0";"2";"2";"2";"1";""
"202400002248";"155777822";"B01";"2";"7";"0";"2";"3";"1";"1";""
"202400002248";"155777824";"A01";"1";"10";"0";"2";"1";"5";"1";""
"202400002249";"155777820";"A01";"2";"2";"0";"2";"1";"2";"1";""
"202400002250";"155777818";"A01";"1";"7";"0";"2";"1";"9";"1";""
"202400002250";"155777821";"B01";"0";"10";"0";"2";"7";"1";"1";""
"202400002251";"155777816";"B01";"1";"7";"0";"2";"4";"1";"1";""
"202400002251";"155777817";"C01";"1";"7";"0";"2";"4";"1";"1";""
"202400002251";"155777819";"A01";"1";"7";"0";"2";"1";"1";"1";""
"202400002252";"155777815";"A01";"0";"2";"9";"0";"2";"14";"1";""
"202400002253";"155777813";"A01";"0";"7";"0";"2";"1";"2";"1";""
"202400002253";"155777814";"B01";"0";"7";"0";"2";"4";"2";"1";""
"202400002254";"155777812";"A01";"1";"1";"0";"0";"0";"1";"5";""
"202400002255";"155777809";"A01";"2";"10";"0";"2";"6";"0";"1";""
"202400002255";"155777811";"B01";"2";"7";"0";"2";"2";"0";"1";""
"202400002256";"155777808";"A01";"1";"15";"0";"2";"5";"12";"1";""
"202400002256";"155777810";"B01";"1";"7";"0";"2";"3";"1";"1";""
"202400002257";"155777805";"A01";"1";"13";"0";"2";"1";"15";"1";""
"202400002257";"155777806";"B01";"1";"33";"0";"2";"2";"1";"1";""
"202400002257";"155777807";"C01";"1";"33";"0";"2";"8";"1";"1";""
"202400002258";"155777804";"A01";"2";"34";"4";"0";"7";"2";"1";""
"202400002259";"155777800";"A01";"2";"7";"4";"0";"1";"26";"1";""
"202400002260";"155777799";"A01";"1";"7";"0";"2";"1";"2";"1";""
"202400002260";"155777801";"B01";"1";"7";"0";"2";"4";"1";"1";""
"202400002261";"155777797";"A01";"3";"7";"0";"2";"6";"10";"1";""
"202400002261";"155777798";"B01";"3";"33";"0";"2";"1";"2";"1";""
"202400002262";"155777792";"A01";"1";"7";"0";"2";"1";"1";"1";""
"202400002262";"155777794";"B01";"1";"7";"0";"2";"9";"12";"1";""
"202400002262";"155777796";"C01";"1";"7";"0";"2";"4";"23";"6";""
"202400002263";"155777791";"A01";"2";"7";"0";"2";"7";"15";"1";""
"202400002263";"155777795";"B01";"1";"10";"0";"2";"2";"1";"1";""
"202400002264";"155777790";"A01";"1";"7";"0";"2";"2";"16";"1";""
"202400002264";"155777793";"B01";"2";"1";"0";"2";"1";"1";"5";""
"202400002265";"155777789";"A01";"2";"7";"0";"0";"9";"1";"1";""
"202400002266";"155777786";"A01";"1";"10";"0";"2";"3";"15";"3";""
"202400002266";"155777787";"B01";"2";"32";"0";"2";"6";"15";"1";""
"202400002267";"155777785";"A01";"2";"7";"0";"2";"0";"1";"1";""
"202400002267";"155777788";"B01";"2";"15";"0";"2";"0";"0";"1";""
"202400002268";"155777783";"A01";"3";"7";"0";"2";"3";"15";"1";""
"202400002268";"155777784";"B01";"2";"2";"0";"2";"7";"17";"1";""
"202400002269";"155777782";"A01";"1";"7";"4";"0";"1";"0";"1";""
"202400002270";"155777779";"A01";"1";"7";"0";"1";"3";"1";"1";""
"202400002271";"155777776";"Z01";"1";"7";"0";"2";"3";"11";"1";""
"202400002271";"155777778";"A01";"1";"7";"0";"2";"5";"1";"2";""
"202400002271";"155777780";"B01";"1";"10";"0";"2";"6";"1";"1";""
"202400002271";"155777781";"C01";"1";"43";"0";"2";"0";"3";"1";""
"202400002272";"155777774";"A01";"2";"7";"0";"2";"1";"19";"1";""
"202400002272";"155777775";"B01";"3";"1";"0";"2";"5";"19";"5";""
"202400002273";"155777773";"A01";"3";"7";"1";"0";"1";"1";"1";""
"202400002274";"155777771";"A01";"2";"33";"0";"2";"8";"3";"1";""
"202400002274";"155777772";"B01";"2";"7";"0";"2";"2";"12";"1";""
"202400002275";"155777769";"B01";"1";"1";"0";"2";"1";"1";"5";""
"202400002275";"155777770";"A01";"1";"7";"0";"9";"3";"15";"1";""
"202400002276";"155777768";"A01";"0";"30";"0";"1";"1";"16";"3";""
"202400002277";"155777766";"A01";"1";"7";"0";"2";"5";"12";"1";""
"202400002277";"155777767";"B01";"1";"33";"0";"2";"5";"0";"1";""
"202400002278";"155777764";"A01";"1";"37";"0";"1";"2";"1";"1";"1"
"202400002279";"155777763";"B01";"3";"7";"0";"2";"3";"9";"0";""
"202400002279";"155777765";"A01";"3";"32";"0";"2";"7";"15";"1";""
"202400002280";"155777761";"A01";"2";"43";"0";"2";"8";"13";"1";""
"202400002280";"155777762";"B01";"2";"14";"0";"2";"7";"2";"1";""
"202400002281";"155777759";"B01";"1";"7";"0";"9";"5";"16";"1";""
"202400002281";"155777760";"A01";"1";"50";"0";"2";"1";"1";"3";""
"202400002282";"155777756";"A01";"1";"7";"0";"2";"2";"17";"1";""
"202400002282";"155777758";"B01";"1";"7";"0";"2";"3";"15";"1";""
"202400002283";"155777755";"A01";"2";"33";"0";"2";"3";"3";"1";""
"202400002283";"155777757";"B01";"2";"7";"0";"2";"5";"1";"1";""
"202400002284";"155777753";"A01";"1";"7";"0";"2";"2";"2";"1";""
"202400002284";"155777754";"B01";"1";"7";"0";"2";"6";"2";"1";""
"202400002285";"155777752";"A01";"3";"50";"0";"1";"1";"5";"3";""
"202400002286";"155777750";"B01";"2";"33";"0";"2";"8";"3";"1";""
"202400002286";"155777751";"A01";"2";"7";"0";"2";"2";"12";"1";""
"202400002287";"155777748";"A01";"1";"7";"0";"2";"3";"13";"1";""
"202400002287";"155777749";"B01";"2";"7";"0";"2";"3";"0";"1";""
"202400002288";"155777747";"A01";"3";"7";"0";"1";"1";"1";"1";""
"202400002289";"155777744";"B01";"1";"7";"0";"2";"4";"1";"1";""
"202400002289";"155777746";"A01";"1";"33";"0";"2";"1";"3";"1";""
"202400002290";"155777743";"A01";"1";"10";"0";"1";"1";"1";"1";""
"202400002291";"155777742";"A01";"3";"7";"0";"2";"1";"15";"1";""
"202400002291";"155777745";"B01";"3";"7";"0";"2";"1";"1";"1";""
"202400002292";"155777740";"A01";"1";"7";"3";"0";"2";"1";"1";""
"202400002293";"155777738";"B01";"2";"2";"0";"2";"2";"0";"1";""
"202400002293";"155777741";"A01";"2";"32";"0";"2";"1";"0";"1";""
"202400002294";"155777737";"B01";"3";"10";"0";"2";"1";"16";"1";""