"Num_Acc";"id_vehicule";"num_veh";"senc";"catv";"obs";"obsm";"choc";"manv";"motor";"occutc"
"202400002294";"155777739";"A01";"3";"10";"0";"2";"1";"1";"1";""
"202400002295";"155777735";"A01";"1";"30";"0";"0";"7";"26";"1";""
"202400002296";"155777734";"A01";"1";"7";"0";"2";"5";"1";"1";""
"202400002296";"155777736";"B01";"1";"33";"0";"2";"1";"3";"1";""
"202400002297";"155777732";"A01";"1";"10";"0";"2";"7";"17";"1";""
"202400002297";"155777733";"B01";"1";"7";"0";"2";"3";"1";"1";""
"202400002298";"155777731";"A01";"1";"1";"8";"0";"1";"2";"5";""
"202400002299";"155777730";"A01";"0";"10";"0";"1";"1";"0";"1";""
"202400002300";"155777728";"A01";"2";"7";"0";"2";"1";"2";"1";""
"202400002300";"155777729";"B01";"2";"10";"0";"2";"4";"1";"3";""
"202400002301";"155777726";"A01";"1";"10";"0";"2";"2";"0";"1";""
"202400002301";"155777727";"B01";"1";"7";"0";"2";"4";"2";"1";""
"202400002302";"155777721";"A01";"2";"10";"0";"2";"1";"15";"1";""
"202400002302";"155777723";"B01";"1";"2";"0";"2";"8";"1";"1";""
"202400002303";"155777720";"A01";"1";"33";"0";"2";"1";"1";"1";""
"202400002303";"155777722";"B01";"1";"7";"0";"2";"4";"1";"1";""
"202400002304";"155777716";"B01";"1";"80";"0";"2";"3";"11";"3";""
"202400002304";"155777717";"A01";"1";"7";"0";"9";"2";"17";"1";""
"202400002305";"155777715";"A01";"1";"7";"9";"1";"1";"14";"2";""
"202400002306";"155777710";"A01";"1";"10";"0";"2";"1";"15";"1";""
"202400002306";"155777712";"B01";"2";"1";"0";"2";"1";"1";"5";""
"202400002307";"155777711";"C01";"1";"10";"0";"2";"5";"23";"2";""
"202400002307";"155777713";"B01";"1";"10";"0";"2";"6";"23";"1";""
"202400002307";"155777714";"A01";"1";"2";"0";"2";"1";"1";"3";""
"202400002308";"155777709";"A01";"1";"37";"0";"1";"1";"1";"2";"1"
"202400002309";"155777705";"B01";"3";"7";"0";"2";"3";"1";"1";""
"202400002309";"155777708";"A01";"3";"7";"0";"2";"1";"14";"1";""
"202400002310";"155777703";"B01";"2";"7";"0";"2";"8";"26";"1";""
"202400002310";"155777706";"A01";"2";"7";"0";"2";"7";"12";"1";""
"202400002311";"155777701";"A01";"2";"34";"0";"2";"2";"17";"1";""
"202400002311";"155777704";"B01";"2";"7";"0";"2";"3";"15";"1";""
"202400002312";"155777700";"B01";"3";"33";"0";"2";"1";"2";"1";""
"202400002312";"155777702";"A01";"3";"7";"0";"2";"2";"15";"1";""
"202400002313";"155777696";"A01";"2";"1";"0";"2";"1";"5";"5";""
"202400002313";"155777698";"B01";"1";"1";"0";"2";"1";"1";"5";""
"202400002314";"155777697";"A01";"1";"33";"0";"2";"2";"17";"1";""
"202400002314";"155777699";"B01";"2";"7";"0";"2";"1";"15";"1";""
"202400002315";"155777693";"C01";"1";"7";"0";"2";"4";"2";"1";""
"202400002315";"155777694";"A01";"1";"7";"0";"2";"1";"2";"1";""
"202400002315";"155777695";"B01";"1";"7";"0";"2";"4";"2";"1";""
"202400002316";"155777691";"A01";"1";"33";"0";"1";"1";"1";"1";""
"202400002317";"155777690";"B01";"1";"33";"0";"2";"4";"0";"1";""
"202400002317";"155777692";"A01";"1";"7";"0";"2";"1";"26";"1";""
"202400002318";"155777689";"A01";"2";"10";"1";"2";"2";"14";"1";""
"202400002319";"155777687";"Z01";"2";"10";"0";"1";"1";"1";"1";""
"202400002320";"155777688";"A01";"1";"2";"0";"0";"3";"26";"1";""
"202400002321";"155777685";"B01";"2";"50";"0";"2";"1";"2";"3";""
"202400002321";"155777686";"A01";"2";"7";"0";"9";"2";"16";"1";""
"202400002322";"155777682";"B01";"2";"80";"0";"2";"2";"10";"3";""
"202400002322";"155777684";"A01";"2";"32";"0";"2";"1";"1";"3";""
"202400002323";"155777681";"B01";"1";"7";"0";"2";"4";"0";"1";""
"202400002323";"155777683";"A01";"1";"33";"0";"2";"1";"2";"1";""
"202400002324";"155777680";"A01";"3";"37";"0";"1";"7";"16";"2";"1"
"202400002325";"155777674";"B01";"2";"7";"0";"2";"7";"17";"1";""
"202400002325";"155777677";"A01";"2";"7";"0";"2";"8";"1";"1";""
"202400002326";"155777675";"B01";"1";"1";"0";"2";"1";"1";"5";""
"202400002326";"155777679";"A01";"2";"50";"0";"2";"8";"15";"3";""
"202400002327";"155777672";"C01";"1";"7";"0";"2";"4";"2";"1";""
"202400002327";"155777676";"A01";"1";"13";"1";"0";"1";"2";"1";""
"202400002327";"155777678";"B01";"1";"7";"0";"2";"4";"2";"1";""
"202400002328";"155777671";"B01";"2";"7";"0";"2";"3";"15";"2";""
"202400002328";"155777673";"A01";"2";"30";"0";"2";"0";"0";"1";""
"202400002329";"155777668";"A01";"1";"10";"0";"2";"1";"2";"1";""
"202400002329";"155777670";"B01";"1";"7";"0";"2";"4";"2";"1";""
"202400002330";"155777669";"Z01";"1";"1";"0";"1";"6";"9";"5";""
"202400002331";"155777667";"A01";"1";"7";"0";"1";"7";"1";"1";""
"202400002332";"155777666";"A01";"2";"7";"4";"0";"1";"13";"1";""
"202400002333";"155777661";"C01";"1";"7";"0";"2";"6";"1";"2";""
"202400002333";"155777663";"A01";"1";"7";"0";"2";"7";"12";"2";""
"202400002333";"155777665";"B01";"1";"34";"0";"2";"1";"3";"1";""
"202400002334";"155777662";"A01";"1";"1";"0";"2";"6";"12";"5";""
"202400002334";"155777664";"B01";"1";"32";"0";"0";"6";"1";"1";""
"202400002335";"155777659";"A01";"2";"7";"0";"1";"2";"1";"2";""
"202400002336";"155777658";"B01";"2";"7";"0";"2";"6";"11";"1";""
"202400002336";"155777660";"A01";"2";"7";"0";"2";"2";"12";"1";""
"202400002337";"155777656";"A01";"1";"30";"0";"0";"1";"3";"2";""
"202400002338";"155777657";"A01";"2";"10";"0";"1";"2";"1";"1";""
"202400002339";"155777654";"A01";"1";"7";"0";"2";"7";"15";"2";""
"202400002339";"155777655";"B01";"2";"80";"0";"2";"3";"1";"3";""
"202400002340";"155777649";"A01";"2";"7";"0";"2";"2";"15";"1";""
"202400002340";"155777653";"B01";"1";"2";"0";"2";"1";"1";"1";""
"202400002341";"155777647";"A01";"1";"50";"0";"2";"4";"1";"3";""
"202400002341";"155777652";"Z01";"1";"7";"0";"2";"1";"1";"1";""
"202400002342";"155777645";"A01";"1";"7";"0";"2";"3";"15";"3";""
"202400002342";"155777648";"B01";"1";"31";"0";"2";"3";"15";"1";""
"202400002343";"155777646";"B01";"2";"33";"0";"2";"1";"1";"1";""
"202400002343";"155777650";"C01";"2";"33";"0";"2";"1";"1";"1";""
"202400002343";"155777651";"A01";"2";"37";"0";"2";"6";"1";"0";"1"
"202400002344";"155777644";"A01";"2";"33";"4";"0";"3";"1";"1";""
"202400002345";"155777642";"A01";"0";"10";"0";"2";"1";"15";"0";""
"202400002345";"155777643";"B01";"0";"10";"0";"2";"3";"1";"0";""
"202400002346";"155777640";"B01";"3";"50";"0";"2";"8";"19";"3";""
"202400002346";"155777641";"A01";"3";"7";"0";"2";"2";"1";"2";""
"202400002347";"155777639";"A01";"3";"10";"0";"1";"1";"1";"1";""
"202400002348";"155777638";"Z01";"1";"1";"0";"1";"1";"19";"5";""
"202400002349";"155777635";"A01";"2";"10";"0";"2";"2";"15";"1";""
"202400002349";"155777637";"B01";"1";"1";"0";"2";"3";"1";"5";""
"202400002350";"155777631";"A01";"1";"7";"0";"2";"1";"15";"1";""
"202400002350";"155777636";"B01";"1";"10";"0";"2";"5";"1";"1";""
"202400002351";"155777630";"A01";"3";"34";"0";"2";"4";"2";"1";""
"202400002351";"155777633";"B01";"3";"7";"0";"2";"0";"0";"0";""
"202400002352";"155777632";"B01";"2";"7";"0";"2";"2";"15";"1";""
"202400002352";"155777634";"A01";"1";"7";"0";"2";"1";"1";"1";""
"202400002353";"155777627";"A01";"1";"1";"2";"0";"1";"14";"5";""
"202400002354";"155777625";"A01";"1";"33";"0";"2";"4";"12";"1";""
"202400002354";"155777628";"B01";"1";"7";"0";"2";"1";"2";"1";""
"202400002355";"155777624";"B01";"3";"10";"12";"2";"4";"2";"1";""
"202400002355";"155777626";"A01";"3";"7";"12";"2";"1";"2";"1";""
"202400002356";"155777623";"B01";"1";"31";"0";"2";"3";"23";"1";""
"202400002356";"155777629";"A01";"2";"1";"0";"2";"1";"1";"5";""
"202400002357";"155777622";"A01";"1";"7";"1";"0";"1";"14";"1";""
"202400002358";"155777621";"A01";"2";"7";"0";"1";"3";"26";"3";""
"202400002359";"155777620";"A01";"1";"7";"10";"0";"4";"10";"1";""
"202400002360";"155777617";"B01";"0";"33";"0";"2";"1";"1";"1";""
"202400002360";"155777619";"A01";"0";"10";"0";"2";"5";"15";"3";""
"202400002361";"155777616";"B01";"2";"33";"0";"2";"2";"1";"1";""
"202400002361";"155777618";"A01";"2";"7";"0";"2";"3";"23";"1";""
"202400002362";"155777613";"A01";"3";"37";"0";"2";"5";"16";"6";"1"
"202400002362";"155777615";"B01";"3";"7";"0";"2";"3";"0";"1";""
"202400002363";"155777610";"A01";"0";"7";"0";"2";"1";"15";"1";""
"202400002363";"155777614";"B01";"0";"7";"0";"2";"1";"1";"3";""
"202400002364";"155777611";"A01";"1";"32";"4";"0";"3";"17";"1";""
"202400002365";"155777609";"B01";"3";"7";"0";"2";"1";"21";"1";""
"202400002365";"155777612";"A01";"3";"10";"0";"2";"6";"24";"1";""
"202400002366";"155777608";"A01";"0";"7";"0";"1";"2";"19";"1";""
"202400002367";"155777604";"B01";"0";"7";"0";"2";"3";"15";"1";""
"202400002367";"155777607";"A01";"2";"80";"0";"2";"1";"1";"3";""
"202400002368";"155777605";"A01";"1";"1";"0";"1";"1";"1";"5";""
"202400002369";"155777602";"A01";"1";"7";"0";"2";"3";"22";"0";""
"202400002369";"155777603";"B01";"1";"1";"1";"2";"2";"1";"5";""
"202400002370";"155777601";"A01";"2";"7";"0";"2";"8";"10";"2";""
"202400002370";"155777606";"B01";"2";"7";"0";"2";"1";"0";"2";""
"202400002371";"155777599";"A01";"1";"7";"6";"0";"1";"1";"1";""
"202400002372";"155777597";"Z01";"1";"7";"0";"1";"4";"4";"1";""
"202400002373";"155777598";"A01";"2";"80";"0";"2";"1";"5";"3";""
"202400002373";"155777600";"B01";"1";"33";"0";"2";"5";"4";"1";""
"202400002374";"155777596";"A01";"3";"10";"1";"0";"1";"1";"3";""
"202400002375";"155777593";"B01";"3";"7";"0";"2";"5";"15";"1";""
"202400002375";"155777595";"A01";"3";"32";"0";"2";"1";"1";"1";""
"202400002376";"155777594";"A01";"3";"10";"0";"1";"2";"16";"1";""
"202400002377";"155777591";"A01";"2";"7";"0";"1";"1";"1";"2";""
"202400002378";"155777590";"B01";"1";"1";"0";"2";"5";"2";"5";""
"202400002378";"155777592";"A01";"1";"10";"0";"2";"0";"1";"0";""
"202400002379";"155777589";"A01";"1";"7";"1";"0";"1";"1";"1";""
"202400002380";"155777588";"A01";"1";"1";"0";"0";"0";"1";"5";""
"202400002381";"155777586";"A01";"3";"7";"0";"1";"1";"15";"1";""
"202400002382";"155777583";"B01";"1";"33";"1";"2";"7";"1";"0";""
"202400002382";"155777585";"A01";"1";"7";"0";"2";"7";"1";"2";""
"202400002382";"155777587";"C01";"2";"7";"0";"2";"1";"0";"1";""
"202400002383";"155777582";"B01";"1";"2";"0";"2";"9";"1";"1";""
"202400002383";"155777584";"A01";"2";"7";"0";"2";"3";"15";"1";""
"202400002384";"155777580";"A01";"1";"50";"0";"0";"0";"1";"3";""
"202400002385";"155777579";"A01";"3";"1";"0";"2";"8";"19";"5";""
"202400002385";"155777581";"B01";"1";"10";"0";"2";"1";"1";"1";""
"202400002386";"155777578";"A01";"1";"7";"0";"1";"2";"2";"1";""
"202400002387";"155777576";"A01";"2";"7";"0";"2";"1";"1";"1";""
"202400002387";"155777577";"B01";"2";"1";"0";"2";"1";"1";"5";""
"202400002388";"155777573";"A01";"2";"7";"0";"2";"1";"13";"1";""
"202400002388";"155777575";"B01";"1";"7";"0";"2";"1";"1";"1";""
"202400002389";"155777572";"A01";"0";"7";"0";"0";"1";"1";"0";""
"202400002389";"155777574";"B01";"0";"1";"0";"0";"7";"19";"5";""
"202400002390";"155777570";"A01";"1";"10";"0";"1";"4";"4";"1";""
"202400002391";"155777569";"B01";"2";"1";"0";"2";"3";"15";"5";""
"202400002391";"155777571";"A01";"1";"7";"0";"2";"2";"1";"1";""
"202400002392";"155777564";"A01";"2";"7";"0";"2";"3";"15";"1";""
"202400002392";"155777566";"B01";"1";"33";"6";"2";"3";"1";"1";""
"202400002393";"155777563";"B01";"1";"50";"0";"2";"2";"1";"3";""
"202400002393";"155777568";"A01";"1";"7";"0";"2";"3";"10";"1";""
"202400002394";"155777565";"B01";"1";"7";"0";"2";"4";"1";"1";""
"202400002394";"155777567";"A01";"1";"30";"0";"2";"1";"2";"1";""
"202400002395";"155777562";"A01";"2";"7";"2";"0";"1";"1";"1";""
"202400002396";"155777560";"A01";"2";"50";"0";"1";"1";"1";"3";""
"202400002397";"155777561";"A01";" -1";"99";" -1";" -1";"7";" -1";" -1";""
"202400002398";"155777557";"A01";"3";"1";"0";"0";"0";"1";"5";""
"202400002399";"155777559";"A01";"1";"7";"13";"0";"0";"0";"1";""
"202400002400";"155777555";"A01";"2";"7";"0";"2";"1";"1";"1";""
"202400002400";"155777558";"B01";"1";"7";"0";"2";"3";"9";"1";""
"202400002401";"155777554";"A01";"1";"50";"0";"2";"1";"1";"3";""
"202400002401";"155777556";"B01";"1";"7";"0";"2";"5";"1";"1";""
"202400002402";"155777553";"A01";"3";"7";"0";"0";"9";"0";"1";""
"202400002403";"155777552";"A01";"3";"7";"0";"1";"1";"1";"1";""
"202400002404";"155777549";"A01";"2";"33";"15";"0";"3";"1";"1";""
"202400002405";"155777550";"A01";"0";"7";"0";"2";"1";"1";"1";""
"202400002405";"155777551";"B01";"0";"7";"0";"0";"4";"1";"1";""
"202400002406";"155777547";"A01";"1";"7";"0";"2";"1";"4";"1";""
"202400002406";"155777548";"B01";"2";"32";"0";"2";"1";"0";"1";""
"202400002407";"155777544";"A01";"2";"7";"0";"2";"1";"9";"1";""
"202400002407";"155777546";"B01";"1";"1";"0";"2";"1";"1";"5";""
"202400002408";"155777545";"A01";"1";"33";"0";"0";"0";"1";"1";""
"202400002409";"155777542";"B01";"3";"50";"0";"2";"7";"19";"3";""
"202400002409";"155777543";"A01";"3";"7";"0";"2";"1";"1";"2";""
"202400002410";"155777539";"A01";"2";"7";"1";"2";"1";"1";"1";""
"202400002410";"155777540";"D01";"2";"7";"0";"2";"4";"1";"1";""
"202400002410";"155777541";"B01";"2";"7";"1";"2";"4";"1";"1";""
"202400002411";"155777538";"A01";"2";"7";"13";"0";"0";"16";"1";""
"202400002412";"155777537";"A01";"1";"7";"0";"1";"3";"15";"1";""
"202400002413";"155777533";"B01";"1";"1";"0";"9";"1";"1";"5";""
"202400002413";"155777534";"A01";"2";"50";"12";"9";"1";"13";"3";""
"202400002414";"155777532";"A01";"1";"7";"0";"2";"8";"14";"1";""
"202400002414";"155777535";"B01";"2";"33";"0";"2";"8";"13";"1";""
"202400002415";"155777531";"A01";"2";"7";"0";"1";"1";"1";"0";""
"202400002416";"155777528";"A01";"1";"7";"0";"2";"1";"15";"1";""
"202400002416";"155777530";"B01";"2";"1";"0";"2";"1";"1";"5";""
"202400002417";"155777526";"B01";"1";"39";"0";"2";"3";"1";"6";""
"202400002417";"155777529";"A01";"1";"7";"8";"4";"2";"16";"1";""
"202400002418";"155777525";"A01";"2";"7";"0";"2";"3";"1";"1";""
"202400002418";"155777527";"B01";"2";"7";"0";"2";"5";"1";"1";""
"202400002419";"155777520";"Z01";"1";"1";"0";"1";"2";"1";"0";""
"202400002420";"155777522";"B01";"3";"7";"0";"2";"4";"1";"2";""
"202400002420";"155777524";"A01";"3";"7";"0";"2";"1";"2";"1";""
"202400002421";"155777521";"A01";"2";"32";"0";"2";"8";"1";"1";""
"202400002421";"155777523";"B01";"1";"10";"0";"2";"8";"1";"1";""
"202400002422";"155777519";"A01";"2";"50";"0";"0";"0";"2";"3";""
"202400002423";"155777518";"A01";"1";"7";"8";"0";"2";"14";"1";""
"202400002424";"155777516";"A01";"2";"7";"0";"9";"2";"10";"1";""
"202400002424";"155777517";"B01";"1";"1";"0";"2";"3";"1";"5";""
"202400002425";"155777513";"A01";"2";"7";"0";"2";"7";"1";"1";""
"202400002425";"155777515";"B01";"1";"43";"0";"2";"1";"1";"1";""
"202400002426";"155777512";"A01";"1";"10";"13";"0";"2";"0";"1";""
"202400002427";"155777511";"B01";"3";"60";"0";"2";"8";"1";"5";""
"202400002427";"155777514";"A01";"2";"7";"0";"9";"1";"9";"1";""
"202400002428";"155777510";"A01";"1";"33";"0";"1";"1";"1";"1";""
"202400002429";"155777508";"B01";"2";"33";"0";"2";"1";"1";"1";""
"202400002429";"155777509";"A01";"1";"7";"0";"2";"3";"13";"1";""
"202400002430";"155777506";"Z01";"2";"7";"0";"2";"2";"16";"0";""
"202400002430";"155777507";"B01";"2";"33";"0";"2";"8";"18";"1";""
"202400002431";"155777504";"A01";"1";"7";"0";"1";"2";"16";"0";""
"202400002432";"155777502";"A01";"1";"7";"0";"2";"1";"13";"1";""
"202400002432";"155777505";"B01";"2";"7";"0";"2";"1";"1";"1";""
"202400002433";"155777503";"A01";"1";"7";"0";"1";"0";"1";"1";""
"202400002434";"155777499";"A01";"3";"10";"0";"1";"2";"0";"0";""
"202400002435";"155777498";"B01";"1";"7";"0";"2";"5";"15";"1";""
"202400002435";"155777500";"A01";"2";"33";"0";"2";"1";"1";"1";""
"202400002436";"155777497";"A01";"1";"10";"0";"2";"6";"22";"1";""
"202400002436";"155777501";"B01";"1";"33";"1";"0";"1";"1";"1";""
"202400002437";"155777495";"A01";"3";"7";"2";"0";"1";"14";"1";""
"202400002438";"155777494";"B01";"1";"7";"0";"0";"4";"1";"1";""
"202400002438";"155777496";"A01";"1";"7";"0";"2";"1";"1";"1";""
"202400002439";"155777492";"B01";"1";"60";"0";"2";"3";"0";"5";""
"202400002439";"155777493";"A01";"1";"10";"0";"2";"2";"16";"2";""
"202400002440";"155777490";"A01";"1";"7";"1";"1";"2";"1";"1";""
"202400002441";"155777487";"A01";"2";"7";"0";"2";"1";"2";"1";""
"202400002441";"155777489";"B01";"2";"7";"0";"2";"1";"2";"1";""
"202400002441";"155777491";"Z01";"2";"7";"0";"2";"4";"2";"0";""
"202400002442";"155777486";"A01";"3";"10";"0";"2";"1";"1";"1";""
"202400002442";"155777488";"B01";"3";"7";"0";"2";"1";"1";"1";""
"202400002443";"155777484";"B01";"3";"2";"13";"2";"8";"15";"1";""
"202400002443";"155777485";"A01";"1";"7";"13";"2";"1";"1";"1";""
"202400002444";"155777482";"A01";"1";"7";"6";"0";"3";"11";"1";""
"202400002445";"155777479";"A01";"1";"7";"0";"0";"6";"23";"1";""
"202400002445";"155777481";"B01";"1";"7";"1";"0";"2";"1";"1";""
"202400002445";"155777483";"C01";"1";"7";"13";"0";"4";"2";"1";""
"202400002446";"155777478";"A01";"2";"7";"0";"2";"1";"1";"1";""
"202400002446";"155777480";"B01";"1";"2";"0";"2";"1";"1";"1";""
"202400002447";"155777476";"A01";"1";"50";"0";"2";"1";"21";"3";""
"202400002447";"155777477";"B01";"0";"7";"0";"2";"2";"15";"1";""
"202400002448";"155777475";"A01";"0";"7";"8";"0";"0";"1";"1";""
"202400002449";"155777474";"A01";"2";"7";"0";"1";"2";"16";"1";""
"202400002450";"155777472";"A01";"2";"30";"0";"2";"1";"3";"1";""
"202400002450";"155777473";"B01";"1";"10";"0";"2";"1";"1";"1";""
"202400002451";"155777469";"B01";"2";"7";"0";"2";"8";"15";"1";""
"202400002451";"155777470";"A01";"2";"33";"0";"2";"1";"17";"1";""
"202400002452";"155777467";"B01";"3";"7";"0";"2";"8";"1";"1";""
"202400002452";"155777471";"A01";"3";"7";"0";"2";"1";"1";"1";""
"202400002453";"155777466";"A01";"1";"10";"0";"2";"1";"15";"1";""
"202400002453";"155777468";"B01";"2";"7";"0";"0";"0";"0";"3";""
"202400002454";"155777464";"A01";"1";"7";"0";"2";"3";"13";"1";""
"202400002454";"155777465";"B01";"2";"17";"0";"2";"8";"1";"1";""
"202400002455";"155777462";"B01";"3";"39";"0";"2";"1";"1";"1";""
"202400002455";"155777463";"A01";"3";"36";"0";"4";"8";"1";"1";""
"202400002456";"155777461";"A01";"1";"7";"8";"0";"1";"1";"1";""
"202400002457";"155777459";"A01";"2";"7";"0";"1";"4";"4";"1";""
"202400002458";"155777457";"A01";"2";"1";"14";"0";"3";"1";"5";""
"202400002459";"155777456";"C01";"2";"7";"0";"2";"8";"0";"1";""
"202400002459";"155777458";"A01";"1";"7";"0";"2";"1";"17";"1";""
"202400002459";"155777460";"B01";"2";"7";"0";"2";"1";"1";"1";""
"202400002460";"155777452";"B01";"2";"37";"0";"0";"0";"1";"1";"1"
"202400002460";"155777455";"A01";"1";"33";"12";"0";"7";"1";"1";""
"202400002461";"155777453";"A01";"1";"33";"6";"0";"0";"1";"1";""
"202400002462";"155777451";"B01";"2";"7";"0";"2";"6";"13";"1";""
"202400002462";"155777454";"A01";"2";"7";"0";"2";"2";"1";"1";""
"202400002463";"155777450";"A01";"2";"7";"13";"0";"1";"21";"1";""
"202400002464";"155777448";"A01";"2";"7";"0";"2";"3";"15";"1";""
"202400002464";"155777449";"B01";"2";"2";"0";"2";"2";"17";"3";""
"202400002465";"155777447";"A01";"1";"0";"0";"1";"0";"0";"0";""
"202400002466";"155777446";"A01";"1";"7";"13";"0";"7";"3";"1";""
"202400002467";"155777443";"A01";"1";"2";"0";"0";"9";"1";"1";""
"202400002468";"155777444";"A01";"1";"7";"0";"2";"8";"22";"2";""
"202400002468";"155777445";"B01";"1";"80";"0";"2";"1";"1";"3";""
"202400002469";"155777441";"B01";"2";"7";"0";"2";"1";"1";"1";""
"202400002469";"155777442";"A01";"1";"7";"0";"2";"7";"15";"1";""
"202400002470";"155777438";"A01";"1";"7";"0";"2";"1";"2";"1";""
"202400002470";"155777440";"B01";"1";"2";"0";"2";"4";"1";"1";""
"202400002471";"155777437";"B01";"2";"10";"1";"2";"5";"24";"1";""
"202400002471";"155777439";"A01";"2";"7";"0";"2";"2";"2";"2";""
"202400002472";"155777436";"A01";"1";"7";"7";"0";"3";"13";"2";""
"202400002473";"155777434";"A01";"1";"7";"0";"0";"9";"14";"1";""
"202400002474";"155777433";"A01";"1";"2";"0";"0";"0";"15";"3";""
"202400002475";"155777435";"A01";"2";"7";"0";"0";"0";"1";"1";""
"202400002476";"155777430";"A01";"2";"7";"0";"2";"3";"2";"1";""
"202400002476";"155777431";"B01";"2";"7";"0";"2";"3";"17";"1";""
"202400002476";"155777432";"C01";"2";"7";"0";"2";"5";"17";"3";""
"202400002477";"155777428";"A01";"1";"10";"0";"2";"1";"1";"1";""
"202400002477";"155777429";"B01";"0";"10";"0";"2";"8";"19";"1";""
"202400002478";"155777425";"A01";"2";"7";"1";"0";"1";"2";"1";""
"202400002478";"155777427";"B01";"2";"7";"0";"2";"4";"1";"1";""
"202400002479";"155777423";"B01";"1";"1";"0";"2";"1";"15";"5";""
"202400002479";"155777426";"A01";"1";"7";"0";"2";"3";"9";"1";""
"202400002480";"155777422";"B01";"2";"7";"0";"2";"1";"1";"1";""
"202400002480";"155777424";"A01";"1";"10";"0";"2";"1";"13";"1";""
"202400002481";"155777421";"A01";"2";"1";"0";"0";"0";"0";"5";""
"202400002482";"155777418";"B01";"1";"1";"0";"2";"6";"1";"5";""
"202400002482";"155777420";"A01";"1";"7";"0";"2";"2";"17";"0";""
"202400002483";"155777416";"A01";"1";"7";"16";"0";"7";"16";"1";""
"202400002484";"155777417";"A01";"1";"7";"0";"2";"2";"26";"1";""
"202400002484";"155777419";"B01";"1";"7";"0";"2";"2";"26";"1";""
"202400002485";"155777415";"A01";"1";"7";"15";"0";"2";"0";"3";""
"202400002486";"155777414";"A01";"3";"33";"0";"1";"3";"1";"1";""
"202400002487";"155777411";"B01";"1";"7";"0";"2";"3";"13";"1";""
"202400002487";"155777413";"A01";"2";"7";"0";"2";"3";"1";"1";""
"202400002488";"155777410";"B01";"3";"7";"0";"2";"4";"1";"1";""
"202400002488";"155777412";"A01";"0";"7";"0";"2";"1";"1";"1";""
"202400002489";"155777406";"A01";"2";"2";"13";"0";"1";"0";"1";""
"202400002490";"155777407";"B01";"1";"33";"0";"2";"3";"0";"1";""
"202400002490";"155777409";"A01";"1";"7";"0";"2";"1";"15";"1";""
"202400002491";"155777404";"C01";"1";"7";"0";"2";"6";"1";"1";""
"202400002491";"155777405";"A01";"1";"31";"0";"2";"1";"5";"1";""
"202400002491";"155777408";"B01";"2";"10";"0";"2";"3";"1";"1";""
"202400002492";"155777402";"A01";"1";"10";"0";"2";"2";"2";"1";""
"202400002493";"155777400";"A01";"1";"7";"0";"2";"3";"20";"1";""
"202400002493";"155777403";"B01";"1";"32";"0";"2";"0";"1";"1";""
"202400002494";"155777399";"A01";"1";"7";"15";"4";"7";"1";"1";""
"202400002494";"155777401";"B01";"3";"39";"0";"2";"1";"1";"1";""
"202400002495";"155777398";"A01";"1";"7";"13";"0";"1";"13";"1";""
"202400002496";"155777397";"A01";"3";"7";"1";"1";"4";"20";"1";""
"202400002497";"155777394";"A01";"2";"7";"0";"9";"3";"9";"0";""
"202400002497";"155777396";"B01";"2";"1";"0";"2";"5";"1";"5";""
"202400002498";"155777393";"A01";"1";"7";"8";"0";"1";"14";"1";""
"202400002499";"155777392";"A01";"2";"7";"0";"2";"3";"13";"1";""
"202400002499";"155777395";"B01";"1";"7";"0";"2";"3";"1";"1";""
"202400002500";"155777386";"A01";"2";"7";"0";"2";"1";"15";"2";""
"202400002500";"155777390";"B01";"1";"7";"0";"2";"1";"1";"1";""
"202400002501";"155777388";"B01";"1";"7";"0";"2";"3";"1";"1";""
"202400002501";"155777391";"A01";"2";"7";"0";"2";"2";"15";"1";""
"202400002502";"155777384";"A01";"2";"31";"0";"2";"1";"17";"1";""
"202400002502";"155777385";"B01";"1";"33";"0";"2";"1";"17";"1";""
"202400002502";"155777387";"C01";"1";"33";"0";"2";"1";"21";"1";""
"202400002502";"155777389";"D01";"1";"7";"0";"2";"8";"1";"1";""
"202400002503";"155777383";"A01";"0";"1";"1";"0";"3";"26";"5";""
"202400002504";"155777380";"A01";"2";"7";"0";"2";"6";"15";"1";""
"202400002504";"155777382";"B01";"2";"2";"0";"2";"1";"1";"1";""
"202400002505";"155777379";"B01";"2";"1";"0";"2";"5";"2";"5";""