"Num_Acc";"id_vehicule";"num_veh";"senc";"catv";"obs";"obsm";"choc";"manv";"motor";"occutc"
"202400002505";"155777381";"A01";"2";"7";"0";"2";"3";"2";"1";""
"202400002506";"155777377";"B01";"2";"7";"0";"0";"8";"1";"2";""
"202400002506";"155777378";"A01";"2";"7";"9";"2";"1";"1";"1";""
"202400002507";"155777375";"A01";"1";"33";"10";"0";"9";"1";"1";""
"202400002508";"155777374";"A01";"1";"7";"1";"1";"1";"1";"2";""
"202400002509";"155777373";"A01";"2";"7";"2";"0";"8";"13";"1";""
"202400002510";"155777372";"A01";"3";"2";"6";"0";"8";"1";"1";""
"202400002511";"155777369";"A01";"2";"32";"0";"2";"4";"15";"1";""
"202400002511";"155777371";"B01";"2";"7";"0";"2";"1";"2";"2";""
"202400002512";"155777368";"A01";"3";"7";"0";"2";"3";"13";"1";""
"202400002512";"155777370";"B01";"3";"7";"0";"2";"3";"1";"1";""
"202400002513";"155777367";"A01";"2";"7";"0";"1";"5";"14";"0";""
"202400002514";"155777365";"B01";"3";"21";"0";"2";"3";"1";"1";""
"202400002514";"155777366";"A01";"3";"7";"0";"2";"3";"13";"1";""
"202400002515";"155777362";"B01";"1";"80";"0";"2";"7";"1";"3";""
"202400002515";"155777364";"A01";"1";"7";"0";"2";"8";"22";"1";""
"202400002516";"155777361";"A01";"1";"32";"0";"2";"3";"13";"1";""
"202400002516";"155777363";"B01";"1";"7";"0";"2";"7";"17";"1";""
"202400002517";"155777360";"A01";"2";"2";"2";"0";"1";"1";"1";""
"202400002518";"155777358";"A01";"1";"7";"2";"0";"2";"0";"2";""
"202400002519";"155777357";"A01";"1";"7";"6";"0";"9";"1";"1";""
"202400002520";"155777356";"B01";"2";"7";"0";"2";"1";"26";"1";""
"202400002520";"155777359";"A01";"2";"31";"0";"2";"4";"26";"1";""
"202400002521";"155777354";"A01";"3";"7";"2";"0";"3";"1";"1";""
"202400002522";"155777353";"B01";"2";"1";"0";"0";"8";"1";"5";""
"202400002522";"155777355";"A01";"2";"7";"0";"2";"8";"0";"1";""
"202400002523";"155777350";"A01";"1";"33";"0";"0";"8";"1";"1";""
"202400002524";"155777349";"A01";"1";"7";"0";"2";"8";"1";"1";""
"202400002524";"155777352";"B01";"1";"7";"0";"2";"1";"19";"1";""
"202400002525";"155777351";"A01";"2";"17";"13";"0";"7";"1";"1";""
"202400002526";"155777348";"A01";"2";"7";"7";"0";"1";"2";"1";""
"202400002527";"155777345";"A01";"2";"1";"0";"2";"1";"19";"5";""
"202400002527";"155777346";"B01";"1";"7";"0";"2";"1";"1";"1";""
"202400002528";"155777342";"A01";"1";"7";"0";"0";"4";"1";"1";""
"202400002528";"155777344";"B01";"1";"7";"0";"2";"4";"1";"1";""
"202400002528";"155777347";"C01";"1";"7";"0";"2";"1";"1";"1";""
"202400002529";"155777341";"A01";"2";"2";"0";"2";"1";"19";"1";""
"202400002529";"155777343";"B01";"2";"7";"0";"2";"6";"15";"1";""
"202400002530";"155777339";"A01";"2";"3";"0";"2";"3";"5";"1";""
"202400002530";"155777340";"B01";"2";"7";"0";"2";"2";"2";"1";""
"202400002531";"155777337";"B01";"1";"7";"0";"0";"2";"1";"1";""
"202400002531";"155777338";"A01";"1";"2";"0";"2";"1";"19";"1";""
"202400002532";"155777336";"A01";"2";"10";"0";"1";"2";"2";"1";""
"202400002533";"155777334";"A01";"2";"7";"7";"0";"1";"1";"1";""
"202400002534";"155777333";"A01";"3";"7";"15";"0";"3";"14";"2";""
"202400002535";"155777332";"A01";"2";"7";"0";"2";"1";"15";"1";""
"202400002535";"155777335";"B01";"1";"10";"0";"2";"1";"1";"1";""
"202400002536";"155777330";"A01";"3";"2";"0";"0";"7";"2";"1";""
"202400002537";"155777328";"A01";"1";"33";"0";"2";"1";"1";"1";""
"202400002537";"155777331";"B01";"2";"7";"0";"2";"3";"1";"1";""
"202400002538";"155777327";"B01";"2";"33";"0";"0";"1";"17";"1";""
"202400002538";"155777329";"A01";"2";"10";"0";"0";"3";"15";"1";""
"202400002539";"155777326";"A01";"1";"7";"0";"0";"2";"2";"1";""
"202400002540";"155777324";"A01";"1";"7";"0";"2";"1";"2";"1";""
"202400002540";"155777325";"B01";"1";"7";"0";"2";"4";"2";"1";""
"202400002541";"155777321";"A01";"2";"7";"13";"0";"2";"14";"1";""
"202400002542";"155777320";"A01";"3";"7";"3";"2";"1";"1";"1";""
"202400002542";"155777322";"B01";"3";"10";"3";"2";"1";"1";"1";""
"202400002543";"155777317";"B01";"2";"7";"0";"2";"2";"1";"1";""
"202400002543";"155777319";"A01";"2";"7";"0";"2";"3";"19";"1";""
"202400002544";"155777316";"A01";"1";"7";"0";"2";"3";"13";"1";""
"202400002544";"155777318";"B01";"2";"14";"0";"2";"3";"1";"1";""
"202400002545";"155777315";"A01";"3";"30";"14";"0";"6";"1";"3";""
"202400002546";"155777312";"A01";"1";"14";"17";"0";"2";"14";"1";""
"202400002547";"155777311";"B01";"2";"21";"0";"2";"3";"15";"1";""
"202400002547";"155777313";"A01";"2";"7";"0";"2";"2";"17";"1";""
"202400002548";"155777308";"A01";"1";"7";"4";"2";"9";"0";"1";""
"202400002548";"155777310";"B01";"1";"7";"0";"2";"6";"1";"1";""
"202400002549";"155777309";"A01";"1";"7";"13";"0";"3";"0";"1";""
"202400002550";"155777305";"A01";"2";"7";"1";"0";"1";"13";"0";""
"202400002550";"155777307";"B01";"1";"10";"0";"2";"1";"24";"1";""
"202400002551";"155777304";"B01";"2";"2";"0";"0";"6";"1";"1";""
"202400002551";"155777306";"A01";"1";"10";"0";"2";"3";"15";"1";""
"202400002552";"155777302";"A01";"3";"7";"15";"0";"1";"1";"1";""
"202400002553";"155777301";"A01";"2";"10";"0";"2";"3";"1";"1";""
"202400002553";"155777303";"B01";"1";"7";"0";"2";"3";"13";"1";""
"202400002554";"155777298";"B01";"1";"7";"0";"2";"2";"1";"1";""
"202400002554";"155777300";"A01";"1";"7";"0";"2";"7";"16";"1";""
"202400002555";"155777297";"A01";"2";"7";"13";"0";"7";"1";"1";""
"202400002556";"155777296";"B01";"1";"10";"0";"2";"2";"0";"0";""
"202400002556";"155777299";"A01";"2";"7";"0";"2";"2";"0";"1";""
"202400002557";"155777292";"A01";"1";"7";"0";"2";"3";"2";"1";""
"202400002557";"155777294";"B01";"1";"30";"0";"2";"4";"13";"1";""
"202400002558";"155777293";"B01";"2";"7";"0";"2";"3";"1";"1";""
"202400002558";"155777295";"A01";"1";"7";"0";"2";"3";"15";"1";""
"202400002559";"155777291";"A01";"2";"7";"2";"0";"1";"13";"1";""
"202400002560";"155777290";"A01";"0";"7";"0";"6";"1";"0";"1";""
"202400002561";"155777289";"A01";"1";"33";"13";"0";"0";"1";"1";""
"202400002562";"155777287";"A01";"2";"7";"0";"2";"1";"15";"1";""
"202400002562";"155777288";"B01";"1";"7";"0";"2";"1";"1";"1";""
"202400002563";"155777286";"A01";"3";"36";"13";"0";"1";"1";"1";""
"202400002564";"155777285";"A01";"2";"33";"0";"0";"0";"0";"1";""
"202400002565";"155777283";"B01";"3";"7";"0";"2";"1";"13";"1";""
"202400002565";"155777284";"A01";"3";"7";"0";"2";"1";"1";"2";""
"202400002566";"155777278";"A01";"1";"7";"0";"0";"2";"1";"1";""
"202400002566";"155777280";"B01";"1";"7";"0";"0";"6";"0";"1";""
"202400002567";"155777279";"A01";"1";"2";"0";"2";"1";"2";"1";""
"202400002567";"155777281";"B01";"1";"7";"0";"2";"4";"2";"1";""
"202400002568";"155777277";"A01";"1";"1";"0";"0";"9";"1";"5";""
"202400002569";"155777276";"A01";"1";"7";"0";"1";"1";"15";"1";""
"202400002570";"155777274";"A01";"1";"7";"0";"0";"9";"1";"1";""
"202400002571";"155777273";"A01";"3";"10";"0";"2";"2";"15";"1";""
"202400002571";"155777275";"B01";"1";"33";"0";"2";"1";"1";"1";""
"202400002572";"155777272";"A01";"2";"31";"13";"0";"1";"1";"1";""
"202400002573";"155777269";"B01";"1";"15";"0";"2";"8";"15";"1";""
"202400002573";"155777270";"A01";"1";"7";"0";"2";"7";"17";"2";""
"202400002574";"155777268";"B01";"0";"33";"0";"2";"3";"15";"1";""
"202400002574";"155777271";"A01";"0";"7";"0";"2";"2";"1";"1";""
"202400002575";"155777266";"A01";"3";"33";"1";"0";"1";"21";"1";""
"202400002576";"155777265";"A01";"3";"7";"0";"2";"2";"17";"1";""
"202400002576";"155777267";"B01";"3";"1";"0";"2";"0";"1";"5";""
"202400002577";"155777264";"A01";"2";"7";"4";"0";"1";"13";"1";""
"202400002578";"155777262";"B01";"1";"7";"0";"2";"3";"1";"1";""
"202400002578";"155777263";"A01";"2";"7";"0";"2";"3";"15";"1";""
"202400002579";"155777261";"A01";"1";"7";"2";"0";"1";"13";"1";""
"202400002580";"155777260";"A01";"2";"7";"3";"0";"3";"1";"1";""
"202400002581";"155777257";"A01";"2";"33";"0";"2";"1";"13";"1";""
"202400002581";"155777259";"B01";"1";"7";"0";"2";"1";"15";"1";""
"202400002582";"155777256";"A01";"2";"33";"0";"2";"1";"12";"1";""
"202400002582";"155777258";"B01";"2";"7";"0";"2";"5";"12";"1";""
"202400002583";"155777255";"A01";"2";"2";"8";"0";"1";"1";"1";""
"202400002584";"155777251";"A01";"1";"7";"0";"2";"1";"1";"1";""
"202400002584";"155777253";"B01";"1";"7";"0";"2";"4";"1";"1";""
"202400002584";"155777254";"C01";"1";"7";"0";"2";"4";"1";"1";""
"202400002585";"155777250";"B01";"1";"32";"0";"2";"2";"1";"1";""
"202400002585";"155777252";"A01";"1";"7";"0";"9";"7";"11";"1";""
"202400002586";"155777247";"A01";"1";"7";"0";"2";"1";"1";"1";""
"202400002586";"155777249";"B01";"1";"7";"0";"2";"6";"1";"2";""
"202400002587";"155777246";"B01";"2";"15";"0";"2";"8";"2";"1";""
"202400002587";"155777248";"A01";"1";"10";"3";"2";"8";"2";"1";""
"202400002588";"155777245";"A01";"1";"33";"0";"0";"1";"0";"1";""
"202400002589";"155777244";"A01";"1";"7";"3";"0";"8";"0";"1";""
"202400002590";"155777241";"A01";"1";"10";"0";"2";"1";"2";"1";""
"202400002590";"155777243";"B01";"1";"7";"0";"2";"4";"2";"1";""
"202400002591";"155777240";"B01";"1";"7";"4";"2";"8";"1";"1";""
"202400002591";"155777242";"A01";"1";"7";"0";"2";"1";"17";"1";""
"202400002592";"155777238";"B01";"1";"7";"0";"2";"6";"2";"1";""
"202400002592";"155777239";"A01";"1";"33";"0";"2";"1";"2";"1";""
"202400002593";"155777237";"A01";"3";"2";"0";"0";"0";"1";"1";""
"202400002594";"155777234";"A01";"2";"7";"0";"2";"1";"5";"1";""
"202400002594";"155777236";"B01";"1";"7";"0";"2";"3";"5";"1";""
"202400002595";"155777233";"B01";"2";"7";"0";"2";"3";"2";"1";""
"202400002595";"155777235";"A01";"2";"33";"0";"2";"1";"14";"1";""
"202400002596";"155777230";"B01";"2";"7";"0";"2";"1";"1";"1";""
"202400002596";"155777232";"A01";"1";"7";"0";"2";"2";"15";"1";""
"202400002597";"155777231";"A01";"2";"7";"3";"9";"1";"1";"1";""
"202400002598";"155777229";"A01";"2";"17";"4";"0";"8";"1";"1";""
"202400002599";"155777227";"A01";"2";"31";"16";"0";"7";"1";"1";""
"202400002600";"155777225";"B01";"0";"1";"0";"0";"4";"2";"5";""
"202400002600";"155777226";"A01";"0";"7";"0";"2";"1";"2";"2";""
"202400002601";"155777223";"A01";"2";"7";"0";"0";"1";"1";"1";""
"202400002601";"155777224";"B01";"1";"7";"0";"2";"1";"1";"1";""
"202400002602";"155777222";"A01";"1";"33";"0";"1";"7";"17";"1";""
"202400002603";"155777220";"A01";"1";"32";"2";"0";"0";"0";"1";""
"202400002604";"155777219";"A01";"1";"7";"0";"9";"5";"15";"1";""
"202400002604";"155777221";"B01";"2";"1";"0";"2";"1";"1";"5";""
"202400002605";"155777216";"A01";"1";"7";"0";"2";"2";"2";"1";""
"202400002605";"155777218";"B01";"1";"1";"0";"2";"4";"2";"5";""
"202400002606";"155777215";"A01";"1";"32";"0";"2";"7";"15";"1";""
"202400002606";"155777217";"B01";"1";"7";"0";"2";"1";"2";"1";""
"202400002607";"155777214";"A01";"2";"33";"14";"0";"9";"1";"1";""
"202400002608";"155777212";"B01";"2";"7";"0";"2";"1";"13";"1";""
"202400002608";"155777213";"A01";"1";"7";"0";"2";"1";"1";"1";""
"202400002609";"155777209";"A01";"1";"7";"0";"2";"1";"1";"1";""
"202400002609";"155777211";"B01";"1";"50";"0";"2";"7";"26";"3";""
"202400002610";"155777208";"A01";"1";"7";"0";"2";"1";"1";"1";""
"202400002610";"155777210";"B01";"2";"7";"0";"2";"1";"1";"1";""
"202400002611";"155777206";"A01";"2";"1";"0";"0";"0";"0";"5";""
"202400002612";"155777207";"A01";"1";"7";"4";"0";"1";"0";"1";""
"202400002613";"155777203";"B01";"2";"7";"0";"2";"7";"17";"1";""
"202400002613";"155777205";"A01";"2";"2";"0";"2";"8";"2";"1";""
"202400002614";"155777202";"A01";"1";"7";"8";"2";"8";"0";"1";""
"202400002614";"155777204";"B01";"1";"7";"0";"2";"1";"1";"2";""
"202400002615";"155777199";"A01";"1";"7";"1";"0";"1";"14";"1";""
"202400002615";"155777200";"B01";"1";"20";"0";"2";"4";"23";"1";""
"202400002616";"155777198";"B01";"2";"7";"0";"2";"5";"1";"1";""
"202400002616";"155777201";"A01";"2";"1";"0";"2";"8";"1";"5";""
"202400002617";"155777196";"A01";"2";"7";"0";"2";"6";"11";"1";""
"202400002617";"155777197";"B01";"2";"33";"0";"2";"1";"3";"1";""
"202400002618";"155777194";"B01";"1";"7";"0";"2";"1";"1";"1";""
"202400002618";"155777195";"A01";"1";"30";"0";"2";"8";"1";"1";""
"202400002619";"155777192";"B01";"2";"33";"0";"2";"8";"0";"1";""
"202400002619";"155777193";"A01";"2";"10";"0";"2";"2";"14";"1";""
"202400002620";"155777189";"A01";"1";"7";"3";"2";"6";"18";"1";""
"202400002620";"155777191";"B01";"1";"7";"0";"2";"3";"0";"2";""
"202400002621";"155777188";"A01";"1";"10";"0";"2";"8";"20";"1";""
"202400002621";"155777190";"B01";"1";"7";"0";"2";"2";"1";"1";""
"202400002622";"155777184";"A01";"3";"7";"0";"2";"1";"2";"1";""
"202400002622";"155777187";"B01";"3";"7";"0";"2";"4";"11";"1";""
"202400002623";"155777183";"A01";"2";"7";"0";"2";"3";"11";"1";""
"202400002623";"155777185";"B01";"2";"7";"0";"2";"7";"1";"1";""
"202400002623";"155777186";"C01";"2";"7";"4";"2";"5";"1";"1";""
"202400002624";"155777180";"A01";"1";"7";"0";"2";"8";"11";"1";""
"202400002624";"155777181";"B01";"1";"33";"0";"2";"2";"3";"1";""
"202400002625";"155777179";"A01";"3";"7";"0";"2";"7";"2";"3";""
"202400002625";"155777182";"B01";"1";"7";"0";"2";"1";"2";"1";""
"202400002626";"155777178";"A01";"2";"33";"4";"0";"3";"15";"1";""
"202400002627";"155777176";"B01";"1";"34";"0";"2";"1";"1";"1";""
"202400002627";"155777177";"A01";"1";"7";"0";"2";"2";"1";"1";""
"202400002628";"155777172";"A01";"2";"7";"0";"2";"3";"11";"1";""
"202400002628";"155777174";"C01";"2";"7";"0";"2";"4";"1";"1";""
"202400002628";"155777175";"B01";"2";"33";"0";"2";"1";"3";"1";""
"202400002629";"155777173";"A01";"2";"1";"0";"0";"1";"26";"5";""
"202400002630";"155777171";"A01";"2";"32";"0";"0";"7";"1";"1";""
"202400002631";"155777169";"A01";"2";"7";"0";"2";"1";"15";"1";""
"202400002631";"155777170";"B01";"1";"7";"0";"2";"8";"1";"2";""
"202400002632";"155777167";"B01";"1";"10";"0";"2";"2";"14";"1";""
"202400002632";"155777168";"A01";"1";"33";"0";"2";"3";"3";"1";""
"202400002633";"155777166";"A01";"1";"30";"0";"0";"8";"26";"1";""
"202400002634";"155777164";"A01";"1";"33";"0";"1";"2";"1";"1";""
"202400002635";"155777163";"A01";"2";"7";"0";"2";"7";"12";"1";""
"202400002635";"155777165";"B01";"2";"32";"0";"2";"3";"3";"1";""
"202400002636";"155777162";"A01";"1";"50";"0";"1";"1";"1";"3";""
"202400002637";"155777158";"A01";"1";"7";"0";"2";"1";"12";"1";""
"202400002637";"155777160";"B01";"1";"7";"4";"2";"8";"1";"1";""
"202400002637";"155777161";"C01";"1";"7";"4";"2";"8";"1";"1";""
"202400002638";"155777157";"A01";"1";"7";"0";"2";"1";"13";"1";""
"202400002638";"155777159";"B01";"1";"31";"0";"2";"7";"17";"1";""
"202400002639";"155777154";"B01";"1";"33";"0";"2";"7";"3";"1";""
"202400002639";"155777156";"A01";"1";"7";"0";"2";"8";"13";"1";""
"202400002640";"155777151";"A01";"3";"7";"0";"1";"1";"16";"1";""
"202400002641";"155777147";"B01";"2";"2";"0";"2";"7";"1";"1";""
"202400002641";"155777149";"A01";"2";"7";"0";"2";"1";"9";"0";""
"202400002642";"155777144";"A01";"1";"33";"0";"6";"1";"0";"1";""
"202400002643";"155777145";"C01";"1";"7";"0";"2";"1";"1";"1";""
"202400002643";"155777146";"A01";"1";"7";"0";"2";"4";"1";"1";""
"202400002643";"155777148";"B01";"1";"7";"0";"2";"1";"1";"1";""
"202400002643";"155777150";"D01";"1";"7";"0";"2";"1";"2";"1";""
"202400002643";"155777152";"E01";"1";"7";"0";"2";"1";"2";"1";""
"202400002644";"155777141";"B01";"2";"7";"0";"0";"7";"26";"1";""
"202400002644";"155777143";"A01";"2";"7";"0";"2";"1";"1";"1";""
"202400002645";"155777142";"A01";"1";"10";"8";"0";"1";"13";"1";""
"202400002646";"155777140";"A01";"1";"7";"1";"2";"2";"14";"1";""
"202400002647";"155777139";"A01";"3";"7";"4";"0";"1";"13";"1";""
"202400002648";"155777137";"A01";"1";"30";"0";"2";"1";"1";"1";""
"202400002648";"155777138";"B01";"1";"7";"0";"2";"6";"0";"1";""
"202400002649";"155777136";"A01";"1";"7";"13";"0";"1";"14";"2";""
"202400002650";"155777135";"A01";"0";"7";"2";"0";"9";"16";"1";""
"202400002651";"155777134";"A01";"1";"10";"15";"0";"9";"6";"1";""
"202400002652";"155777132";"B01";"2";"7";"0";"2";"1";"1";"3";""
"202400002652";"155777133";"A01";"1";"7";"0";"2";"2";"19";"1";""
"202400002653";"155777131";"A01";"0";"7";"0";"1";"1";"11";"0";""
"202400002654";"155777129";"A01";"1";"7";"0";"2";"3";"1";"1";""
"202400002654";"155777130";"B01";"2";"7";"0";"2";"3";"13";"1";""
"202400002655";"155777128";"A01";"1";"32";"0";"1";"0";"0";"3";""
"202400002656";"155777124";"A01";"1";"33";"0";"2";"2";"14";"1";""
"202400002656";"155777125";"B01";"1";"7";"0";"0";"5";"2";"1";""
"202400002657";"155777122";"B01";"2";"7";"0";"2";"4";"1";"1";""
"202400002657";"155777123";"A01";"2";"10";"0";"2";"5";"1";"1";""
"202400002658";"155777121";"A01";"1";"37";"0";"1";"1";"15";"1";"1"
"202400002659";"155777119";"B01";"2";"1";"1";"0";"3";"21";"5";""
"202400002659";"155777120";"A01";"2";"7";"1";"2";"5";"22";"2";""
"202400002660";"155777117";"B01";"2";"7";"0";"2";"5";"1";"1";""
"202400002660";"155777118";"A01";"2";"33";"0";"2";"1";"9";"1";""
"202400002661";"155777116";"A01";"2";"7";"1";"0";"7";"1";"2";""
"202400002662";"155777114";"A01";"2";"1";"0";"2";"1";"1";"5";""
"202400002662";"155777115";"B01";"1";"80";"0";"2";"1";"1";"3";""
"202400002663";"155777112";"B01";"1";"50";"6";"0";"2";"19";"3";""
"202400002663";"155777113";"A01";"1";"7";"6";"0";"1";"19";"2";""
"202400002664";"155777110";"A01";"2";"50";"0";"2";"5";"15";"3";""
"202400002664";"155777111";"B01";"2";"2";"0";"2";"3";"15";"3";""
"202400002665";"155777109";"A01";"2";"80";"0";"1";"1";"1";"3";""
"202400002666";"155777107";"B01";"3";"33";"0";"2";"0";"2";"0";""
"202400002666";"155777108";"A01";"3";"33";"0";"2";"0";"0";"1";""
"202400002667";"155777106";"A01";"2";"31";"0";"2";"1";"1";"1";""
"202400002668";"155777104";"B01";"0";"7";"0";"2";"0";"0";"1";""
"202400002668";"155777105";"A01";"1";"7";"0";"2";"1";"9";"1";""
"202400002669";"155777102";"A01";"2";"7";"0";"2";"3";"22";"2";""
"202400002669";"155777103";"B01";"2";"1";"0";"2";"1";"1";"5";""
"202400002670";"155777101";"A01";"2";"7";"2";"0";"7";"1";"1";""
"202400002671";"155777100";"A01";"2";"2";"0";"0";"0";"1";"1";""
"202400002672";"155777098";"A01";"1";"33";"0";"2";"5";"17";"1";""
"202400002672";"155777099";"B01";"1";"7";"0";"2";"3";"1";"1";""
"202400002673";"155777097";"A01";"2";"7";"7";"0";"2";"1";"1";""
"202400002674";"155777095";"A01";"2";"7";"0";"2";"5";"19";"1";""
"202400002674";"155777096";"B01";"1";"7";"0";"2";"2";"1";"3";""
"202400002675";"155777094";"B01";"1";"7";"3";"0";"7";"17";"1";""
"202400002676";"155777093";"A01";"0";"36";"2";"0";"2";"0";"1";""
"202400002677";"155777092";"A01";"2";"7";"15";"0";"1";"1";"1";""
"202400002678";"155777091";"A01";"1";"2";"12";"0";"0";"14";"1";""
"202400002679";"155777090";"A01";"1";"7";"3";"0";"1";"1";"1";""
"202400002680";"155777089";"A01";"1";"33";"0";"0";"7";"1";"1";""
"202400002681";"155777087";"A01";"2";"7";"0";"4";"8";"26";"1";""
"202400002681";"155777088";"B01";"1";"39";"0";"2";"1";"0";"3";""
"202400002682";"155777084";"A01";"1";"7";"0";"2";"1";"17";"1";""
"202400002682";"155777085";"C01";"2";"7";"0";"2";"1";"1";"1";""
"202400002682";"155777086";"B01";"1";"7";"0";"2";"8";"1";"2";""
"202400002683";"155777083";"A01";"2";"7";"0";"0";"1";"21";"1";""
"202400002684";"155777081";"B01";"1";"1";"0";"2";"1";"1";"5";""
"202400002684";"155777082";"A01";"2";"7";"0";"2";"2";"19";"1";""
"202400002685";"155777079";"A01";"2";"33";"0";"2";"7";"1";"1";""
"202400002685";"155777080";"B01";"2";"7";"0";"2";"3";"9";"1";""
"202400002686";"155777078";"A01";"1";"7";"0";"1";"2";"1";"1";""
"202400002687";"155777077";"A01";"1";"50";"0";"0";"1";"1";"3";""
"202400002688";"155777076";"A01";"1";"33";"13";"0";"8";"1";"1";""
"202400002689";"155777074";"A01";"2";"33";"0";"2";"1";"21";"1";""
"202400002689";"155777075";"B01";"2";"7";"0";"2";"3";"9";"1";""
"202400002690";"155777072";"A01";"1";"33";"0";"0";"9";"2";"1";""
"202400002691";"155777070";"A01";"1";"32";"0";"2";"1";"13";"1";""
"202400002691";"155777071";"B01";"2";"7";"0";"2";"3";"1";"1";""
"202400002692";"155777069";"A01";"2";"7";"13";"0";"2";"0";"1";""
"202400002693";"155777068";"A01";"3";"7";"0";"1";"6";"1";"1";""
"202400002694";"155777067";"A01";"1";"15";"0";"1";"3";"1";"1";""
"202400002695";"155777065";"A01";"1";"7";"0";"2";"2";"1";"1";""
"202400002695";"155777066";"B01";"2";"7";"0";"2";"3";"5";"1";""
"202400002696";"155777063";"A01";"1";"7";"0";"2";"1";"9";"1";""
"202400002696";"155777064";"B01";"1";"7";"0";"2";"3";"1";"1";""
"202400002697";"155777062";"A01";"3";"2";"15";"0";"1";"14";"1";""
"202400002698";"155777061";"A01";"1";"21";"0";"0";"0";"2";"1";""
"202400002699";"155777060";"A01";"2";"7";"13";"0";"1";"1";"0";""
"202400002700";"155777059";"A01";"1";"33";"16";"0";"6";"1";"1";""
"202400002701";"155777057";"A01";"1";"7";"0";"0";"3";"19";"1";""
"202400002701";"155777058";"B01";"1";"7";"0";"0";"1";"1";"1";""
"202400002702";"155777056";"A01";"1";"7";"2";"9";"1";"2";"1";""
"202400002703";"155777055";"A01";"1";"7";"8";"0";"2";"1";"1";""
"202400002704";"155777053";"B01";"2";"34";"0";"0";"4";"1";"1";""
"202400002704";"155777054";"A01";"2";"34";"0";"2";"1";"2";"1";""
"202400002705";"155777052";"A01";"1";"33";"13";"0";"1";"26";"1";""
"202400002706";"155777050";"A01";"2";"7";"0";"9";"2";"19";"1";""
"202400002706";"155777051";"B01";"2";"1";"0";"2";"8";"15";"5";""
"202400002707";"155777049";"A01";"1";"7";"13";"0";"2";"14";"1";""
"202400002708";"155777048";"A01";"2";"7";"0";"0";"9";"14";"1";""
"202400002709";"155777047";"A01";"1";"10";"3";"0";"1";"14";"1";""
"202400002710";"155777046";"A01";"2";"10";"4";"0";"3";"1";"1";""
"202400002711";"155777044";"B01";"1";"7";"0";"2";"3";"1";"1";""
"202400002711";"155777045";"A01";"2";"1";"0";"2";"4";"13";"5";""
"202400002712";"155777043";"A01";"1";"7";"0";"1";"3";"1";"0";""
"202400002713";"155777042";"A01";"1";"7";"4";"0";"3";"11";"1";""
"202400002714";"155777039";"B01";"1";"15";"0";"2";"6";"1";"1";""
"202400002714";"155777040";"A01";"1";"7";"0";"2";"2";"0";"1";""
"202400002714";"155777041";"C01";"1";"10";"0";"2";"1";"1";"1";""
"202400002715";"155777037";"A01";"1";"7";"0";"2";"5";"1";"1";""
"202400002715";"155777038";"B01";"1";"33";"0";"2";"1";"1";"1";""
"202400002716";"155777035";"A01";"2";"33";"0";"2";"2";"16";"1";""
"202400002716";"155777036";"B01";"2";"7";"0";"2";"3";"1";"1";""
"202400002717";"155777033";"A01";"1";"2";"0";"2";"4";"16";"1";""
"202400002717";"155777034";"B01";"1";"7";"0";"2";"2";"0";"0";""
"202400002718";"155777032";"A01";"3";"34";"0";"0";"0";"1";"0";""
"202400002719";"155777031";"A01";"2";"2";"0";"0";"2";"1";"1";""
"202400002720";"155777030";"A01";"1";"7";"7";"0";"1";"0";"1";""
"202400002721";"155777029";"A01";"1";"7";"0";"1";"0";"15";"1";""
"202400002722";"155777028";"A01";"2";"7";"0";"1";"0";"16";"1";""
"202400002723";"155777027";"A01";"1";"7";"0";"1";"0";"1";"0";""
"202400002724";"155777025";"B01";"1";"1";"0";"2";"1";"1";"5";""
"202400002724";"155777026";"A01";"1";"7";"0";"2";"0";"26";"1";""
"202400002725";"155777023";"A01";"1";"17";"0";"2";"0";"0";"1";""
"202400002725";"155777024";"B01";"1";"1";"0";"2";"0";"0";"5";""
"202400002726";"155777021";"A01";"3";"7";"0";"2";"5";"0";"1";""
"202400002726";"155777022";"B01";"0";"7";"0";"2";"1";"0";"1";""
"202400002727";"155777018";"A01";" -1";"7";" -1";" -1";" -1";" -1";" -1";""
"202400002727";"155777019";"B01";" -1";"7";" -1";" -1";" -1";" -1";" -1";""
"202400002727";"155777020";"C01";" -1";"7";" -1";" -1";" -1";" -1";" -1";""