"Num_Acc";"id_vehicule";"num_veh";"senc";"catv";"obs";"obsm";"choc";"manv";"motor";"occutc"
"202400002728";"155777016";"A01";"2";"7";"0";"2";"6";"1";"1";""
"202400002728";"155777017";"B01";"2";"7";"3";"2";"2";"0";"1";""
"202400002729";"155777015";"A01";"0";"37";"0";"1";"5";"0";"1";"1"
"202400002730";"155777014";"A01";"0";"7";"2";"0";"8";"1";"1";""
"202400002731";"155777012";"A01";"1";"7";"0";"2";"6";"19";"1";""
"202400002731";"155777013";"B01";"1";"7";"0";"2";"1";"1";"2";""
"202400002732";"155777011";"A01";"1";"7";"0";"0";"9";"1";"1";""
"202400002733";"155777009";"A01";"2";"7";"0";"2";"1";"13";"1";""
"202400002733";"155777010";"B01";"1";"7";"0";"2";"1";"1";"1";""
"202400002734";"155777008";"A01";"1";"7";"0";"1";"2";"14";"1";""
"202400002735";"155777006";"A01";"1";"7";"0";"2";"3";"13";"1";""
"202400002735";"155777007";"B01";"2";"7";"0";"2";"3";"1";"1";""
"202400002736";"155777004";"A01";"2";"21";"0";"0";"8";"15";"1";""
"202400002736";"155777005";"B01";"1";"15";"0";"0";"1";"1";"1";""
"202400002737";"155777003";"A01";"1";"7";"8";"0";"1";"5";"1";""
"202400002738";"155777002";"A01";"1";"33";"0";"9";"0";"26";"1";""
"202400002739";"155777000";"A01";"2";"7";"0";"2";"1";"2";"1";""
"202400002739";"155777001";"B01";"2";"15";"0";"0";"4";"1";"1";""
"202400002740";"155776998";"A01";"3";"2";"0";"2";"1";"15";"1";""
"202400002740";"155776999";"B01";"3";"7";"0";"2";"2";"1";"1";""
"202400002741";"155776997";"A01";"2";"15";"3";"0";"2";"1";"1";""
"202400002742";"155776996";"A01";"2";"7";"15";"9";"1";"11";"6";""
"202400002743";"155776995";"A01";"1";"7";"0";"1";"2";"0";"1";""
"202400002744";"155776992";"B01";"2";"7";"0";"2";"1";"1";"1";""
"202400002744";"155776993";"C01";"2";"7";"0";"2";"3";"1";"1";""
"202400002744";"155776994";"A01";"1";"7";"0";"2";"1";"17";"1";""
"202400002745";"155776991";"A01";"1";"10";"0";"1";"2";"1";"1";""
"202400002746";"155776989";"A01";"1";"7";"0";"2";"1";"5";"2";""
"202400002746";"155776990";"B01";"2";"7";"0";"2";"1";"5";"2";""
"202400002747";"155776988";"A01";"1";"7";"4";"0";"9";"1";"1";""
"202400002748";"155776987";"A01";"0";"7";"0";"1";"4";"20";"2";""
"202400002749";"155776985";"B01";"1";"7";"0";"2";"1";"1";"1";""
"202400002749";"155776986";"A01";"2";"10";"0";"2";"1";"13";"1";""
"202400002750";"155776984";"A01";"1";"7";"1";"0";"0";"0";"1";""
"202400002751";"155776983";"A01";"1";"32";"8";"0";"1";"1";"1";""
"202400002752";"155776981";"A01";"1";"7";"0";"0";"8";"15";"1";""
"202400002752";"155776982";"B01";"1";"7";"0";"2";"1";"1";"1";""
"202400002753";"155776980";"A01";"1";"7";"15";"0";"3";"0";"1";""
"202400002754";"155776978";"B01";"1";"33";"0";"2";"1";"1";"1";""
"202400002754";"155776979";"A01";"2";"7";"0";"2";"3";"15";"1";""
"202400002755";"155776976";"B01";"2";"1";"0";"2";"1";"1";"5";""
"202400002755";"155776977";"A01";"2";"7";"0";"2";"2";"12";"1";""
"202400002756";"155776975";"A01";"0";"0";"0";"1";"0";"0";"1";""
"202400002757";"155776974";"A01";"2";"2";"5";"0";"7";"1";"1";""
"202400002758";"155776973";"A01";"3";"2";"6";"0";"1";"1";"0";""
"202400002759";"155776972";"A01";"2";"7";"0";"0";"9";"1";"1";""
"202400002760";"155776970";"A01";"3";"7";"0";"2";"2";"5";"1";""
"202400002760";"155776971";"B01";"3";"32";"0";"2";"1";"1";"1";""
"202400002761";"155776968";"A01";"2";"33";"0";"2";"1";"17";"1";""
"202400002761";"155776969";"B01";"1";"10";"0";"2";"2";"9";"1";""
"202400002762";"155776965";"A01";"3";"7";"0";"2";"1";"15";"1";""
"202400002762";"155776966";"B01";"3";"1";"0";"0";"4";"0";"5";""
"202400002762";"155776967";"C01";"3";"1";"0";"0";"4";"24";"5";""
"202400002763";"155776964";"A01";"1";"33";"0";"0";"0";"26";"1";""
"202400002764";"155776963";"Z01";"3";"7";"0";"1";"1";"19";"0";""
"202400002765";"155776962";"A01";"1";"33";"0";"6";"8";"21";"1";""
"202400002766";"155776960";"A01";"2";"7";"0";"2";"7";"15";"2";""
"202400002766";"155776961";"B01";"1";"33";"0";"2";"7";"1";"1";""
"202400002767";"155776958";"B01";"1";"7";"0";"2";"1";"1";"1";""
"202400002767";"155776959";"A01";"2";"10";"0";"2";"1";"19";"1";""
"202400002768";"155776956";"A01";"1";"7";"0";"2";"1";"13";"1";""
"202400002768";"155776957";"B01";"2";"7";"0";"2";"1";"1";"3";""
"202400002769";"155776954";"A01";"2";"7";"0";"0";"3";"15";"1";""
"202400002769";"155776955";"B01";"2";"7";"6";"0";"9";"17";"1";""
"202400002770";"155776952";"A01";"1";"7";"0";"2";"6";"1";"1";""
"202400002770";"155776953";"B01";"1";"32";"0";"2";"9";"1";"1";""
"202400002771";"155776951";"A01";"3";"10";"2";"0";"3";"1";"1";""
"202400002772";"155776949";"B01";"2";"10";"0";"2";"1";"1";"1";""
"202400002772";"155776950";"A01";"1";"10";"0";"2";"5";"1";"1";""
"202400002773";"155776948";"A01";"1";"7";"7";"0";"1";"1";"1";""
"202400002774";"155776947";"A01";"1";"7";"15";"0";"1";"26";"1";""
"202400002775";"155776945";"A01";"2";"33";"13";"0";"1";"1";"1";""
"202400002776";"155776944";"A01";"1";"30";"0";"2";"3";"1";"1";""
"202400002776";"155776946";"B01";"1";"7";"0";"2";"3";"15";"1";""
"202400002777";"155776943";"A01";"2";"2";"0";"0";"0";"1";"1";""
"202400002778";"155776942";"A01";"1";"7";"0";"1";"2";"1";"1";""
"202400002779";"155776941";"A01";"1";"2";"2";"0";"5";"1";"1";""
"202400002780";"155776939";"A01";"2";"2";"6";"0";"1";"1";"3";""
"202400002781";"155776938";"A01";"1";"7";"0";"2";"1";"18";"1";""
"202400002781";"155776940";"B01";"2";"7";"0";"2";"2";"15";"1";""
"202400002782";"155776936";"A01";"3";"10";"0";"2";"2";"15";"1";""
"202400002782";"155776937";"B01";"3";"1";"0";"2";"1";"1";"5";""
"202400002783";"155776935";"A01";"1";"7";"9";"0";"9";"26";"1";""
"202400002784";"155776934";"A01";"1";"7";"0";"1";"2";"19";"1";""
"202400002785";"155776932";"A01";"1";"7";"0";"2";"1";"16";"1";""
"202400002785";"155776933";"B01";"2";"34";"0";"2";"7";"1";"1";""
"202400002786";"155776930";"A01";"1";"33";"0";"2";"1";"1";"1";""
"202400002786";"155776931";"B01";"2";"7";"0";"2";"8";"15";"1";""
"202400002787";"155776927";"A01";"2";"50";"0";"0";"2";"1";"3";""
"202400002788";"155776925";"A01";"1";"7";"0";"1";"1";"2";"1";""
"202400002789";"155776922";"D01";"2";"7";"0";"2";"7";"1";"1";""
"202400002789";"155776924";"E01";"2";"7";"0";"2";"5";"24";"1";""
"202400002789";"155776926";"A01";"2";"7";"0";"2";"8";"22";"1";""
"202400002789";"155776928";"B01";"2";"7";"1";"2";"9";"1";"1";""
"202400002789";"155776929";"C01";"2";"7";"0";"2";"4";"0";"1";""
"202400002790";"155776921";"A01";"3";"30";"9";"2";"1";"1";"1";""
"202400002790";"155776923";"B01";"3";"10";"13";"0";"3";"0";"1";""
"202400002791";"155776920";"Z01";"1";"30";"0";"0";"0";"16";"1";""
"202400002792";"155776919";"A01";"1";"7";"1";"0";"2";"1";"1";""
"202400002793";"155776918";"A01";"1";"7";"0";"1";"1";"1";"1";""
"202400002794";"155776916";"B01";"0";"7";"0";"2";"3";" -1";"1";""
"202400002794";"155776917";"A01";"1";"7";"0";"2";"3";"15";"1";""
"202400002795";"155776914";"A01";"1";"7";"0";"2";"3";"15";"1";""
"202400002795";"155776915";"B01";"1";"7";"0";"2";"7";"17";"1";""
"202400002796";"155776912";"A01";"1";"7";"0";"1";"2";"1";"1";""
"202400002797";"155776911";"A01";"1";"7";"14";"0";"1";"26";"2";""
"202400002798";"155776908";"A01";"1";"2";"0";"0";"4";"1";"1";""
"202400002798";"155776910";"B01";"1";"7";"0";"2";"1";"1";"2";""
"202400002799";"155776909";"A01";"1";"7";"0";"1";"1";"15";"1";""
"202400002800";"155776903";"B01";"1";"10";"0";"2";"1";"1";"1";""
"202400002800";"155776904";"C01";"2";"7";"0";"2";"3";"1";"1";""
"202400002800";"155776906";"A01";"1";"7";"0";"2";"4";"1";"2";""
"202400002801";"155776902";"A01";"2";"10";"0";"1";"1";"1";"0";""
"202400002802";"155776901";"A01";"2";"7";"2";"0";"1";"1";"1";""
"202400002803";"155776900";"A01";"3";"7";"6";"0";"3";"13";"1";""
"202400002804";"155776899";"A01";"1";"37";"0";"1";"1";"19";"1";"1"
"202400002805";"155776897";"A01";"2";"7";"0";"2";"3";"1";"1";""
"202400002805";"155776898";"B01";"2";"10";"0";"2";"3";"9";"1";""
"202400002806";"155776895";"A01";"2";"7";"0";"2";"3";"9";"1";""
"202400002806";"155776896";"B01";"1";"7";"0";"2";"3";"1";"1";""
"202400002807";"155776894";"A01";"1";"7";"14";"0";"1";"14";"1";""
"202400002808";"155776893";"A01";"0";"7";"0";"1";"3";"1";"2";""
"202400002809";"155776891";"A01";"2";"16";"0";"0";"8";"9";"1";""
"202400002809";"155776892";"B01";"1";"10";"0";"2";"1";"2";"1";""
"202400002810";"155776889";"A01";"0";"7";"0";"2";"7";"13";"1";""
"202400002810";"155776890";"B01";"0";"7";"0";"2";"1";"1";"1";""
"202400002811";"155776887";"A01";"1";"7";"2";"2";"3";"1";"1";""
"202400002811";"155776888";"B01";"2";"7";"0";"2";"1";"1";"1";""
"202400002812";"155776886";"A01";"1";"30";"6";"0";"1";"26";"1";""
"202400002813";"155776885";"A01";"2";"0";"0";"1";"7";"17";" -1";""
"202400002814";"155776884";"A01";"2";"10";"6";"0";"3";"1";"1";""
"202400002815";"155776880";"A01";"2";"7";"0";"2";"1";"2";"1";""
"202400002815";"155776882";"B01";"2";"7";"0";"0";"4";"2";"1";""
"202400002816";"155776881";"A01";"2";"7";"0";"2";"3";"17";"1";""
"202400002816";"155776883";"B01";"1";"2";"0";"2";"1";"26";"1";""
"202400002817";"155776879";"A01";"1";"10";"0";"1";"1";"2";"0";""
"202400002818";"155776877";"A01";"1";"7";"0";"2";"3";"15";"1";""
"202400002818";"155776878";"B01";"1";"33";"0";"2";"7";"1";"1";""
"202400002819";"155776876";"Z01";"1";"7";"0";"1";"1";"16";"1";""
"202400002820";"155776874";"A01";"1";"33";"8";"0";"1";"26";"1";""
"202400002820";"155776875";"B01";"1";"33";"0";"2";"4";"26";"1";""
"202400002821";"155776871";"A01";"1";"10";"0";"2";"1";"1";"3";""
"202400002821";"155776873";"B01";"3";"7";"0";"2";"2";"1";"1";""
"202400002822";"155776869";"A01";"2";"10";"0";"2";"1";"13";"1";""
"202400002822";"155776870";"B01";"1";"33";"0";"2";"1";"1";"1";""
"202400002822";"155776872";"C01";"1";"33";"0";"2";"1";"1";"1";""
"202400002823";"155776868";"A01";"3";"7";"3";"0";"1";"1";"2";""
"202400002824";"155776866";"A01";"1";"7";"0";"9";"1";"0";"1";""
"202400002824";"155776867";"B01";"2";"1";"0";"2";"8";"21";"5";""
"202400002825";"155776865";"A01";"1";"7";"1";"0";"1";"1";"1";""
"202400002826";"155776863";"A01";"2";"7";"1";"0";"0";"2";"1";""
"202400002827";"155776862";"A01";"2";"7";"0";"0";"2";"15";"1";""
"202400002827";"155776864";"B01";"1";"1";"0";"2";"1";"1";"5";""
"202400002828";"155776861";"A01";"2";"50";"8";"0";"2";"1";"3";""
"202400002829";"155776860";"A01";"3";"7";"0";"1";"1";"1";"1";""
"202400002830";"155776859";"A01";"2";"33";"0";"1";"6";"1";"1";""
"202400002831";"155776855";"A01";"2";"33";"0";"2";"3";"1";"1";""
"202400002831";"155776857";"B01";"1";"7";"0";"2";"3";"1";"1";""
"202400002832";"155776854";"A01";"1";"7";"0";"2";"3";"13";"1";""
"202400002832";"155776856";"B01";"2";"7";"0";"2";"3";"1";"1";""
"202400002832";"155776858";"C01";"2";"7";"0";"2";"8";"1";"1";""
"202400002833";"155776853";"A01";"0";"7";"0";"1";"1";"0";"1";""
"202400002834";"155776847";"A01";"2";"7";"0";"2";"1";"2";"1";""
"202400002834";"155776848";"B01";"2";"7";"0";"2";"6";"1";"1";""
"202400002834";"155776851";"C01";"1";"7";"0";"2";"4";"1";"1";""
"202400002834";"155776852";"D01";"1";"7";"14";"0";"1";"0";"1";""
"202400002835";"155776845";"A01";"2";"7";"13";"0";"2";"1";"1";""
"202400002836";"155776844";"A01";"3";"7";"0";"2";"2";"1";"1";""
"202400002836";"155776846";"B01";"3";"80";"0";"2";"7";"1";"3";""
"202400002837";"155776842";"A01";"1";"33";"0";"2";"1";"1";"1";""
"202400002837";"155776843";"B01";"1";"7";"0";"2";"2";"23";"0";""
"202400002838";"155776840";"A01";"0";"7";"0";"2";"1";"15";"1";""
"202400002838";"155776841";"B01";"0";"2";"0";"2";"2";"1";"1";""
"202400002839";"155776838";"A01";"1";"33";"4";"0";"0";"0";"1";""
"202400002839";"155776839";"B01";"1";"30";"4";"0";"0";"2";"1";""
"202400002840";"155776837";"A01";"3";"30";"0";"0";"8";"1";"1";""
"202400002841";"155776834";"A01";"1";"7";"0";"2";"1";"5";"1";""
"202400002841";"155776836";"B01";"1";"7";"0";"2";"1";"1";"1";""
"202400002842";"155776833";"B01";"1";"2";"14";"0";"1";"2";"1";""
"202400002842";"155776835";"A01";"1";"10";"0";"2";"3";"16";"1";""
"202400002843";"155776830";"A01";"3";"30";"0";"2";"8";"26";"1";""
"202400002843";"155776832";"B01";"3";"0";"0";"2";"1";"0";"0";""
"202400002844";"155776829";"A01";"2";"7";"0";"2";"5";"16";"1";""
"202400002844";"155776831";"B01";"2";"1";"0";"2";"4";"1";"5";""
"202400002845";"155776827";"A01";"2";"10";"0";"2";"1";"2";"1";""
"202400002845";"155776828";"B01";"2";"10";"0";"2";"4";"2";"1";""
"202400002846";"155776826";"A01";"2";"7";"0";"1";"3";"2";"1";""
"202400002847";"155776825";"A01";"1";"7";"13";" -1";"1";"1";"1";""
"202400002848";"155776824";"A01";"1";"7";"1";"1";"2";"1";"1";""
"202400002849";"155776823";"A01";"1";"31";"9";"0";"1";"0";"1";""
"202400002850";"155776820";"A01";"1";"10";"0";"9";"0";"2";"1";""
"202400002850";"155776821";"B01";"1";"7";"0";"2";"4";"2";"1";""
"202400002850";"155776822";"C01";"1";"33";"0";"2";"4";"2";"1";""
"202400002851";"155776817";"A01";"3";"7";"0";"1";"7";"24";"1";""
"202400002852";"155776818";"B01";"1";"7";"0";"2";"1";"1";"1";""
"202400002852";"155776819";"A01";"2";"7";"0";"0";"2";"26";"1";""
"202400002853";"155776814";"A01";"1";"7";"0";"2";"2";"2";"1";""
"202400002853";"155776816";"B01";"1";"1";"0";"2";"8";"13";"5";""
"202400002854";"155776812";"A01";"3";"7";"0";"2";"3";"11";"1";""
"202400002854";"155776813";"C01";"3";"7";"0";"2";"8";"1";"1";""
"202400002854";"155776815";"B01";"3";"14";"0";"2";"2";"1";"0";""
"202400002855";"155776811";"A01";"1";"33";"1";"0";"1";"26";"1";""
"202400002856";"155776809";"A01";"3";"7";"0";"1";"6";"15";"1";""
"202400002857";"155776808";"B01";"1";"2";"0";"2";"1";"5";"1";""
"202400002857";"155776810";"A01";"1";"7";"0";"2";"2";"15";"2";""
"202400002858";"155776807";"A01";"3";"37";"0";"1";"6";"24";"1";"1"
"202400002859";"155776805";"B01";"2";"7";"0";"2";"2";"15";"1";""
"202400002859";"155776806";"A01";"1";"30";"0";"2";"1";"1";"1";""
"202400002860";"155776801";"A01";"1";"7";"0";"1";"1";"1";"1";""
"202400002861";"155776797";"D01";"1";"10";"0";"2";"1";"2";"1";""
"202400002861";"155776799";"F01";"1";"10";"3";"2";"3";"1";"1";""
"202400002861";"155776800";"B01";"1";"7";"0";"2";"1";"2";"1";""
"202400002861";"155776802";"C01";"1";"7";"0";"2";"1";"2";"1";""
"202400002861";"155776803";"E01";"1";"10";"0";"2";"1";"2";"1";""
"202400002861";"155776804";"A01";"1";"7";"0";"2";"4";"2";"1";""
"202400002862";"155776795";"A01";"1";"7";"0";"2";"1";"1";"2";""
"202400002862";"155776796";"B01";"1";"7";"0";"2";"5";"1";"1";""
"202400002862";"155776798";"C01";"1";"7";"0";"2";"2";"1";"1";""
"202400002863";"155776793";"A01";"1";"7";"0";"2";"8";"9";"1";""
"202400002863";"155776794";"B01";"1";"7";"0";"2";"3";"1";"1";""
"202400002864";"155776792";"A01";"3";"37";"0";"1";"2";"15";"1";"1"
"202400002865";"155776791";"B01";"1";"33";"16";"0";"0";"1";"1";""
"202400002866";"155776789";"B01";"2";"7";"0";"2";"1";"1";"1";""
"202400002866";"155776790";"A01";"1";"30";"0";"2";"1";"5";"1";""
"202400002867";"155776787";"B01";"3";"7";"0";"2";"0";"0";"1";""
"202400002867";"155776788";"A01";"1";"0";"0";"2";"0";"0";"0";""
"202400002868";"155776785";"B01";"2";"30";"0";"0";"0";"14";"1";""
"202400002868";"155776786";"Z01";"2";"7";"0";"2";"8";"12";"0";""
"202400002869";"155776783";"B01";"1";"10";"0";"2";"2";"1";"1";""
"202400002869";"155776784";"A01";"2";"7";"0";"2";"2";"5";"1";""
"202400002870";"155776780";"A01";"1";"7";"4";"0";"1";"1";"1";""
"202400002871";"155776779";"B01";"1";"2";"0";"2";"4";"23";"3";""
"202400002871";"155776781";"C01";"1";"7";"0";"2";"4";"1";"2";""
"202400002871";"155776782";"A01";"1";"7";"0";"2";"1";"1";"1";""
"202400002872";"155776778";"A01";"1";"7";"0";"1";"2";"1";"1";""
"202400002873";"155776777";"A01";"3";"7";"0";"1";"3";"15";"0";""
"202400002874";"155776776";"A01";"3";"7";"0";"1";"1";"1";" -1";""
"202400002875";"155776775";"A01";"1";"1";"8";"0";"1";"26";"5";""
"202400002876";"155776773";"A01";"0";"7";"0";"2";"1";"15";"1";""
"202400002876";"155776774";"B01";"0";"50";"0";"2";"1";"1";"3";""
"202400002877";"155776772";"A01";"1";"10";"0";"1";"1";"1";"1";""
"202400002878";"155776770";"A01";"1";"33";"0";"2";"2";"2";"1";""
"202400002878";"155776771";"B01";"2";"7";"0";"2";"3";"1";"1";""
"202400002879";"155776769";"A01";"2";"37";"0";"1";"3";"15";"1";"1"
"202400002880";"155776767";"B01";"1";"13";"0";"2";"2";"0";"1";""
"202400002880";"155776768";"A01";"1";"7";"0";"2";"6";"1";"1";""
"202400002881";"155776765";"B01";"1";"10";"0";"2";"3";"1";"1";""
"202400002881";"155776766";"A01";"1";"1";"0";"2";"7";"1";"5";""
"202400002882";"155776762";"A01";"1";"7";"0";"2";"8";"1";"1";""
"202400002882";"155776764";"B01";"1";"7";"0";"2";"5";"15";"1";""
"202400002883";"155776761";"A01";"2";"7";"0";"2";"4";"2";"1";""
"202400002883";"155776763";"B01";"2";"7";"0";"2";"1";"2";"1";""
"202400002884";"155776758";"A01";"1";"10";"0";"2";"1";"1";"1";""
"202400002884";"155776760";"B01";"2";"7";"0";"2";"1";"1";"1";""
"202400002885";"155776757";"A01";"1";"7";"0";"2";"1";"19";"1";""
"202400002885";"155776759";"B01";"1";"7";"0";"2";"1";"2";"1";""
"202400002886";"155776756";"A01";"2";"7";"0";"1";"3";"26";"1";""
"202400002887";"155776754";"A01";"2";"7";"0";"2";"6";"16";"1";""
"202400002887";"155776755";"B01";"2";"7";"0";"2";"6";"23";"1";""
"202400002888";"155776751";"A01";"2";"50";"0";"2";"1";"1";"3";""
"202400002888";"155776753";"B01";"1";"7";"0";"2";"5";"1";"2";""
"202400002889";"155776750";"B01";"0";"1";"0";"2";"2";"1";"5";""
"202400002889";"155776752";"A01";"0";"7";"0";"9";"3";"9";"1";""
"202400002890";"155776749";"A01";"1";"7";"0";"1";"4";"4";"1";""
"202400002891";"155776748";"A01";"3";"39";"0";"1";"1";"26";"3";""
"202400002892";"155776747";"A01";"1";"7";"0";"1";"1";"1";"1";""
"202400002893";"155776745";"A01";"1";"33";"0";"2";"1";"1";"1";""
"202400002893";"155776746";"B01";"2";"7";"0";"2";"3";"15";"1";""
"202400002894";"155776744";"A01";"1";"7";"0";"1";"5";"15";"1";""
"202400002895";"155776742";"A01";"3";"7";"0";"9";"1";"1";"1";""
"202400002895";"155776743";"B01";"3";"50";"0";"2";"1";"26";"3";""
"202400002896";"155776740";"A01";"1";"7";"0";"2";"1";"1";"1";""
"202400002896";"155776741";"B01";"1";"7";"0";"2";"6";"1";"1";""
"202400002897";"155776739";"A01";"2";"7";"8";"0";"1";"1";"1";""
"202400002898";"155776738";"A01";"1";"7";"8";"0";"1";"15";"1";""
"202400002899";"155776735";"A01";"3";"7";"0";"2";"8";"15";"1";""
"202400002899";"155776736";"B01";"3";"33";"0";"2";"7";"17";"1";""
"202400002900";"155776734";"A01";"3";"7";"0";"2";"3";"15";"1";""
"202400002900";"155776737";"B01";"3";"33";"0";"2";"1";"1";"1";""
"202400002901";"155776732";"A01";"2";"50";"13";"0";"1";"0";"3";""
"202400002902";"155776731";"A01";"1";"7";"0";"9";"1";"15";"1";""
"202400002902";"155776733";"B01";"1";"1";"0";"2";"8";"1";"5";""
"202400002903";"155776730";"A01";"3";"7";"2";"0";"2";"0";"1";""
"202400002904";"155776729";"A01";"1";"10";"0";"1";"1";"1";"0";""
"202400002905";"155776728";"A01";"2";"7";"13";"0";"1";"1";"2";""
"202400002906";"155776726";"A01";"3";"33";"3";"0";"3";"13";"1";""
"202400002907";"155776725";"B01";"1";"1";"0";"0";"0";"0";"5";""
"202400002907";"155776727";"A01";"0";"7";"0";"2";"1";"1";"1";""
"202400002908";"155776722";"B01";"2";"10";"0";"2";"1";"12";"1";""
"202400002908";"155776724";"A01";"2";"13";"3";"0";"5";"1";"1";""
"202400002909";"155776721";"A01";"3";"40";"0";"2";"7";"1";"3";""
"202400002909";"155776723";"B01";"3";"1";"0";"4";"8";"13";"5";""
"202400002910";"155776720";"A01";"1";"7";"6";"0";"1";"0";"1";""
"202400002911";"155776718";"A01";"1";"7";"0";"1";"1";"1";"1";""
"202400002912";"155776717";"A01";"3";"2";"0";"2";"1";"2";"1";""
"202400002912";"155776719";"B01";"3";"2";"0";"0";"4";"2";"1";""
"202400002913";"155776713";"B01";"1";"50";"0";"2";"1";"0";"3";""
"202400002913";"155776715";"A01";"1";"7";"0";"2";"3";"9";"1";""
"202400002914";"155776714";"A01";"1";"33";"0";"2";"1";"5";"0";""
"202400002914";"155776716";"B01";"2";"7";"0";"2";"3";"0";"1";""
"202400002915";"155776710";"B01";"1";"7";"0";"0";"0";"23";"3";""
"202400002915";"155776712";"A01";"1";"33";"0";"2";"0";"26";"1";""
"202400002916";"155776709";"A01";"2";"7";"0";"2";"1";"5";"1";""
"202400002916";"155776711";"B01";"1";"7";"0";"2";"1";"1";"1";""
"202400002917";"155776708";"A01";"0";"50";"0";"0";"0";"1";"3";""
"202400002918";"155776707";"A01";"2";"7";"13";"0";"3";"0";"1";""
"202400002919";"155776706";"A01";"1";"1";"0";"9";"0";"1";"5";""
"202400002920";"155776705";"A01";"1";"7";"0";"1";"1";"26";"3";""
"202400002921";"155776704";"A01";"2";"7";"2";"0";"2";"1";"1";""
"202400002922";"155776701";"A01";"1";"7";"2";"0";"3";"0";"1";""
"202400002923";"155776700";"A01";"2";"7";"8";"0";"1";"14";"1";""
"202400002924";"155776697";"A01";"1";"7";"0";"0";"0";"0";"1";""
"202400002925";"155776695";"A01";"1";"7";"13";"0";"0";"1";"1";""
"202400002926";"155776694";"B01";"1";"7";"0";"2";"0";"0";"1";""
"202400002926";"155776696";"A01";"1";"30";"0";"2";"1";"1";"1";""
"202400002927";"155776693";"A01";"1";"7";"13";"0";"0";"1";"1";""
"202400002928";"155776692";"A01";"1";"7";"16";"0";"2";"10";"1";""
"202400002929";"155776690";"A01";"2";"2";"0";"2";"4";"1";"1";""
"202400002929";"155776691";"B01";"2";"7";"0";"2";"2";"2";"1";""
"202400002930";"155776688";"A01";"2";"7";"2";"0";"2";"14";"1";""
"202400002931";"155776687";"A01";"1";"7";"0";"2";"1";"15";"1";""
"202400002931";"155776689";"B01";"1";"1";"0";"2";"8";"1";"5";""
"202400002932";"155776686";"A01";"1";"7";"16";"0";"9";"0";"1";""
"202400002933";"155776684";"A01";"1";"7";"0";"2";"1";"13";"1";""
"202400002933";"155776685";"B01";"2";"15";"0";"2";"1";"21";"1";""
"202400002934";"155776683";"A01";"1";"20";"8";"0";"7";"13";"1";""
"202400002935";"155776680";"B01";"3";"10";"0";"2";"3";"0";" -1";""
"202400002935";"155776682";"A01";"3";"30";"0";"2";"3";"15";" -1";""
"202400002936";"155776681";"A01";"3";"10";"10";"0";"2";"26";"0";""
"202400002937";"155776677";"A01";"3";"7";"0";"2";"3";"13";"1";""
"202400002937";"155776679";"B01";"3";"7";"0";"2";"0";"0";"3";""
"202400002938";"155776676";"A01";"0";"7";"0";"2";"1";"19";"1";""
"202400002938";"155776678";"B01";"1";"7";"0";"2";"2";"1";"1";""
"202400002939";"155776673";"A01";"2";"7";"0";"2";"3";"1";"1";""
"202400002939";"155776675";"B01";"1";"7";"0";"2";"3";"1";"1";""
"202400002940";"155776671";"A01";"2";"7";"8";"0";"1";"1";"1";""
"202400002941";"155776669";"A01";"1";"7";"13";"0";"1";"1";"1";""
"202400002942";"155776667";"A01";"1";"7";"0";"2";"1";"2";"1";""
"202400002942";"155776668";"C01";"1";"7";"0";"2";"4";"2";"1";""
"202400002943";"155776666";"A01";"2";"7";"0";"0";"2";"0";"1";""
"202400002944";"155776664";"A01";"2";"7";"3";"0";"1";"2";"1";""
"202400002945";"155776663";"A01";"2";"7";"0";"2";"3";"1";"1";""
"202400002945";"155776665";"B01";"1";"10";"0";"2";"3";"1";"1";""
"202400002946";"155776660";"A01";"2";"7";"0";"2";"1";"2";"3";""
"202400002946";"155776662";"B01";"2";"7";"0";"0";"4";"1";"1";""
"202400002947";"155776659";"A01";"3";"33";"0";"2";"1";"2";"1";""
"202400002947";"155776661";"B01";"3";"7";"0";"2";"6";"15";"1";""
"202400002948";"155776657";"A01";"0";"7";"2";"1";"3";"1";"1";""
"202400002949";"155776656";"A01";"1";"7";"0";"2";"0";"2";"1";""
"202400002949";"155776658";"B01";"1";"50";"0";"2";"4";"0";"3";""
"202400002950";"155776654";"A01";"0";"10";"0";"2";"1";"1";"1";""
"202400002950";"155776655";"B01";"0";"7";"0";"2";"1";"13";"1";""