"Num_Acc";"id_vehicule";"num_veh";"senc";"catv";"obs";"obsm";"choc";"manv";"motor";"occutc"
"202400002951";"155776651";"A01";"0";"10";"0";"1";"4";"4";"1";""
"202400002952";"155776650";"A01";"3";"7";"0";"2";"1";"2";"1";""
"202400002952";"155776652";"B01";"3";"7";"0";"2";"4";"2";"1";""
"202400002952";"155776653";"C01";"3";"7";"0";"2";"4";"2";"1";""
"202400002953";"155776649";"A01";"2";"7";"4";"0";"3";"11";"1";""
"202400002954";"155776648";"A01";"3";"7";"0";"1";"1";"16";"1";""
"202400002955";"155776645";"A01";"1";"32";"5";"0";"2";"0";"1";""
"202400002956";"155776644";"A01";"2";"7";"0";"2";"3";"13";"1";""
"202400002956";"155776646";"B01";"1";"10";"0";"2";"3";"1";"1";""
"202400002957";"155776640";"A01";"2";"7";"0";"2";"3";"19";"1";""
"202400002957";"155776642";"B01";"2";"7";"0";"2";"1";"1";"1";""
"202400002958";"155776639";"A01";"2";"7";"13";"2";"9";"2";"1";""
"202400002958";"155776641";"C01";"2";"7";"0";"2";"0";"1";"1";""
"202400002958";"155776643";"B01";"2";"7";"0";"2";"6";"1";"2";""
"202400002959";"155776636";"B01";"1";"33";"0";"2";"1";"1";"1";""
"202400002959";"155776638";"A01";"2";"10";"0";"0";"8";"19";"1";""
"202400002960";"155776635";"A01";"1";"3";"0";"2";"1";"13";"1";""
"202400002960";"155776637";"B01";"2";"14";"0";"2";"2";"1";"1";""
"202400002961";"155776633";"A01";"2";"33";"4";"0";"2";"1";"1";""
"202400002962";"155776632";"B01";"0";"7";"0";"2";"3";"23";"1";""
"202400002962";"155776634";"A01";"2";"7";"0";"0";"2";"19";"1";""
"202400002963";"155776630";"A01";"2";"7";"0";"1";"3";"0";"1";""
"202400002964";"155776631";"A01";"3";"7";"2";"0";"1";"0";"1";""
"202400002965";"155776627";"A01";"3";"7";"0";"2";"1";"15";"1";""
"202400002965";"155776629";"B01";"1";"33";"0";"0";"7";"1";"1";""
"202400002966";"155776625";"A01";"2";"7";"0";"2";"1";"11";"1";""
"202400002966";"155776626";"B01";"1";"7";"0";"2";"1";"1";"1";""
"202400002966";"155776628";"C01";"1";"7";"0";"2";"3";"1";"1";""
"202400002967";"155776624";"A01";"3";"7";"0";"0";"9";"1";"1";""
"202400002968";"155776622";"A01";"1";"7";"8";"0";"1";"1";"1";""
"202400002969";"155776621";"A01";"1";"7";"0";"1";"1";"1";"1";""
"202400002970";"155776623";"A01";"3";"33";"0";"0";"1";"26";"0";""
"202400002971";"155776617";"A01";"2";"10";"0";"2";"1";"15";"1";""
"202400002971";"155776618";"B01";"1";"2";"0";"2";"3";"15";"1";""
"202400002972";"155776616";"B01";"1";"1";"0";"2";"7";"1";"5";""
"202400002972";"155776619";"A01";"1";"7";"0";"2";"1";"9";"1";""
"202400002973";"155776615";"A01";"1";"2";"1";"0";"1";"17";"1";""
"202400002974";"155776613";"B01";"1";"7";"0";"2";"1";"2";"1";""
"202400002974";"155776614";"A01";"1";"17";"0";"0";"7";"16";"1";""
"202400002975";"155776612";"A01";"2";"7";"3";"0";"1";"13";" -1";""
"202400002976";"155776611";"A01";"2";"7";"4";"0";"3";"1";"1";""
"202400002977";"155776609";"A01";"3";"1";"0";"2";"8";"1";"5";""
"202400002977";"155776610";"B01";"3";"7";"0";"2";"3";"15";"0";""
"202400002978";"155776608";"A01";"2";"7";"4";"0";"2";"1";"1";""
"202400002979";"155776607";"A01";"2";"7";"0";"0";"9";"1";"1";""
"202400002980";"155776604";"B01";"1";"17";"0";"2";"2";"1";"1";""
"202400002980";"155776605";"C01";"1";"7";"0";"2";"4";"11";"1";""
"202400002980";"155776606";"A01";"1";"10";"0";"2";"4";"11";"1";""
"202400002981";"155776602";"A01";"1";"7";"0";"4";"8";"15";" -1";""
"202400002981";"155776603";"B01";"1";"40";"0";"2";"2";"1";" -1";""
"202400002982";"155776599";"A01";"1";"7";"0";"2";"3";"1";"1";""
"202400002982";"155776601";"B01";"1";"7";"0";"2";"4";"1";"1";""
"202400002983";"155776598";"A01";"1";"7";"0";"0";"8";"19";"1";""
"202400002983";"155776600";"B01";"2";"33";"0";"0";"1";"17";"1";""
"202400002984";"155776597";"A01";"1";"33";"6";"0";"1";"26";"1";""
"202400002985";"155776595";"A01";"2";"2";"0";"2";"1";"1";"1";""
"202400002985";"155776596";"B01";"2";"15";"0";"2";"4";"26";"1";""
"202400002986";"155776594";"A01";"2";"7";"0";"2";"1";"0";"1";""
"202400002987";"155776592";"A01";"1";"7";"0";"2";"2";"14";"1";""
"202400002987";"155776593";"B01";"1";"7";"0";"2";"6";"2";"1";""
"202400002988";"155776590";"A01";"1";"7";"4";"0";"1";"26";"1";""
"202400002989";"155776591";"A01";"2";"7";"0";"2";"1";"1";"1";""
"202400002990";"155776588";"A01";"2";"7";"4";"2";"4";"1";"1";""
"202400002990";"155776589";"B01";"2";"33";"4";"2";"1";"1";"1";""
"202400002991";"155776585";"A01";"2";"7";"13";"2";"3";"0";"1";""
"202400002991";"155776587";"B01";"1";"7";"13";"2";"3";"1";"1";""
"202400002992";"155776586";"A01";"1";"7";"3";"0";"2";"14";"1";""
"202400002993";"155776583";"A01";"1";"7";"0";"2";"1";"1";"1";""
"202400002993";"155776584";"B01";"1";"7";" -1";" -1";" -1";"0";" -1";""
"202400002994";"155776578";"C01";"1";"10";"0";"2";"4";"15";"1";""
"202400002994";"155776579";"A01";"1";"7";"0";"2";"1";"1";"1";""
"202400002994";"155776581";"B01";"1";"7";"0";"2";"4";"2";"1";""
"202400002995";"155776576";"B01";"1";"7";"1";"0";"1";"2";"1";""
"202400002995";"155776577";"A01";"1";"7";"0";"2";"4";"23";"0";""
"202400002996";"155776580";"B01";"2";"7";"0";"2";"4";"2";"1";""
"202400002996";"155776582";"A01";"2";"7";"0";"2";"1";"2";"1";""
"202400002997";"155776574";"A01";"1";"7";"0";"0";"0";"15";"1";""
"202400002998";"155776573";"B01";"0";"10";"0";"2";"3";"1";"1";""
"202400002998";"155776575";"A01";"2";"7";"0";"2";"1";"1";"1";""
"202400002999";"155776571";"A01";"2";"7";"0";"2";"1";"0";"1";""
"202400002999";"155776572";"B01";"2";"15";"9";"2";"4";"23";"1";""
"202400003000";"155776567";"A01";"1";"7";"0";"2";"3";"13";"1";""
"202400003000";"155776568";"B01";"2";"7";"0";"2";"1";"1";"1";""
"202400003001";"155776566";"A01";"2";"7";"0";"2";"1";"2";"1";""
"202400003001";"155776569";"B01";"2";"7";"0";"2";"1";"2";"1";""
"202400003001";"155776570";"C01";"2";"7";"0";"2";"4";"2";"1";""
"202400003002";"155776565";"A01";"1";"7";"0";"0";"1";"1";"1";""
"202400003003";"155776563";"A01";"2";"10";"0";"2";"6";"11";"1";""
"202400003003";"155776564";"B01";"1";"31";"0";"2";"8";"0";"3";""
"202400003004";"155776561";"A01";"1";"2";"0";"2";"2";"2";"1";""
"202400003004";"155776562";"B01";"1";"7";"0";"2";"7";"1";"1";""
"202400003005";"155776559";"A01";"1";"33";"0";"2";"1";"17";"1";""
"202400003005";"155776560";"B01";"1";"7";"0";"2";"4";"15";"1";""
"202400003006";"155776557";"B01";"1";"7";"0";"2";"5";"0";"1";""
"202400003006";"155776558";"A01";"1";"50";"0";"2";"8";"13";"3";""
"202400003007";"155776556";"A01";"1";"7";"0";"1";"1";"0";"1";""
"202400003008";"155776553";"A01";"1";"7";"14";"2";"4";"26";"1";""
"202400003008";"155776554";"B01";"1";"7";"14";"0";"4";"2";"1";""
"202400003009";"155776552";"B01";"1";"7";"0";"2";"5";"16";"1";""
"202400003009";"155776555";"A01";"1";"2";"0";"2";"8";"18";"1";""
"202400003010";"155776551";"A01";"1";"0";"0";"0";"0";"26";"0";""
"202400003011";"155776550";"A01";"2";"50";"0";"1";"8";"13";"3";""
"202400003012";"155776548";"A01";"2";"7";"0";"2";"7";"15";"2";""
"202400003012";"155776549";"B01";"1";"7";"0";"2";"0";"0";"1";""
"202400003013";"155776546";"B01";"1";"1";"0";"2";"2";"1";"5";""
"202400003013";"155776547";"A01";"1";"14";"0";"2";"2";"16";"1";""
"202400003014";"155776545";"A01";"1";"7";"0";"0";"2";"14";"1";""
"202400003015";"155776542";"A01";"1";"7";"0";"0";"1";"13";"1";""
"202400003015";"155776544";"B01";"1";"7";"0";"2";"0";"5";"0";""
"202400003016";"155776541";"A01";"1";"34";"0";"2";"1";"26";"1";""
"202400003016";"155776543";"B01";"2";"7";"0";"2";"3";"2";"1";""
"202400003017";"155776539";"B01";"1";"7";"0";"2";"2";"1";"1";""
"202400003017";"155776540";"A01";"1";"33";"0";"2";"4";"18";"1";""
"202400003018";"155776537";"B01";"1";"7";"0";"2";"6";"13";"2";""
"202400003018";"155776538";"AA01";"1";"32";"0";"2";"2";"2";"1";""
"202400003019";"155776536";"A01";"1";"7";"0";"1";"6";"20";"1";""
"202400003020";"155776533";"A01";"2";"31";"0";"2";"5";"3";"0";""
"202400003020";"155776535";"B01";"2";"7";"0";"2";"2";"15";"1";""
"202400003021";"155776531";"B01";"1";"7";"0";"2";"1";"15";"2";""
"202400003021";"155776534";"A01";"2";"0";"0";"2";"1";"1";"0";""
"202400003022";"155776530";"A01";"1";"7";"0";"9";"3";"2";"1";""
"202400003022";"155776532";"B01";"1";"1";"0";"2";"5";"2";"5";""
"202400003023";"155776527";"B01";"2";"32";"0";"2";"8";"1";"1";""
"202400003023";"155776529";"A01";"2";"7";"0";"2";"6";"15";"2";""
"202400003024";"155776525";"A01";"2";"7";"0";"0";"5";"2";"2";""
"202400003024";"155776526";"B01";"2";"7";"0";"2";"3";"2";"1";""
"202400003024";"155776528";"C01";"2";"7";"0";"2";"2";"2";"1";""
"202400003025";"155776524";"A01";"2";"7";"0";"1";"1";"0";"1";""
"202400003026";"155776522";"A01";"1";"7";"0";"2";"3";"2";"1";""
"202400003026";"155776523";"B01";"2";"32";"0";"2";"4";"2";"1";""
"202400003027";"155776521";"A01";"1";"7";"0";"1";"2";"1";"1";""
"202400003028";"155776519";"A01";"1";"7";"13";"2";"6";"9";"1";""
"202400003028";"155776520";"B01";"1";"7";"0";"2";"2";"13";"1";""
"202400003029";"155776517";"A01";"3";"7";"9";"0";"3";"9";"1";""
"202400003029";"155776518";"B01";"3";"7";"9";"2";"1";"9";"1";""
"202400003030";"155776516";"A01";"1";"10";"0";"1";"1";"26";"1";""
"202400003031";"155776514";"A01";"0";"10";"0";"2";"3";"15";"1";""
"202400003031";"155776515";"B01";"0";"33";"0";"2";"1";"1";"1";""
"202400003032";"155776512";"A01";"1";"7";"0";"9";"1";"1";"1";""
"202400003033";"155776511";"B01";"2";"7";"0";"2";"3";"1";"1";""
"202400003033";"155776513";"A01";"1";"10";"0";"2";"3";"0";"1";""
"202400003034";"155776510";"A01";"1";"7";"0";"1";"1";"13";"1";""
"202400003035";"155776506";"A01";"2";"7";"0";"2";"2";"12";"1";""
"202400003035";"155776508";"B01";"2";"33";"0";"2";"8";"3";"1";""
"202400003036";"155776504";"A01";"3";"36";"0";"2";"6";"1";"1";""
"202400003036";"155776505";"B01";"3";"7";"0";"2";"1";"1";"1";""
"202400003037";"155776500";"A01";"2";"33";"0";"2";"1";"3";"0";""
"202400003037";"155776503";"B01";"2";"7";"0";"2";"5";"1";"0";""
"202400003038";"155776499";"B01";"0";"1";"0";"2";"1";"1";"5";""
"202400003038";"155776502";"A01";"0";"7";"0";"2";"8";"26";"1";""
"202400003039";"155776498";"A01";"3";"2";"0";"2";"0";"10";"1";""
"202400003039";"155776501";"B01";"3";"33";"0";"2";"0";"1";"1";""
"202400003040";"155776495";"B01";"1";"33";"0";"2";"8";"3";"1";""
"202400003040";"155776497";"A01";"1";"7";"0";"2";"5";"12";"1";""
"202400003041";"155776493";"A01";"1";"10";"0";"2";"1";"1";"1";""
"202400003041";"155776496";"B01";"1";"1";"0";"2";"4";"2";"5";""
"202400003042";"155776492";"B01";"2";"7";"0";"2";"3";"1";"1";""
"202400003042";"155776494";"A01";"1";"33";"0";"2";"3";"26";"1";""
"202400003043";"155776489";"A01";"1";"7";"12";"0";"2";"26";"1";""
"202400003044";"155776490";"A01";"1";"7";"14";"0";"1";"0";"1";""
"202400003044";"155776491";"B01";"1";"10";"0";"0";"4";"0";"1";""
"202400003045";"155776488";"A01";"1";"30";"0";"1";"1";"1";"1";""
"202400003046";"155776484";"Z01";"1";"1";"0";"2";"1";"26";"5";""
"202400003046";"155776487";"A01";"1";"10";"0";"2";"7";"1";"1";""
"202400003047";"155776483";"A01";"3";"7";"0";"2";"1";"9";"1";""
"202400003047";"155776486";"B01";"3";"2";"0";"2";"2";"26";"1";""
"202400003048";"155776482";"B01";"1";"10";"4";"2";"4";"1";"1";""
"202400003048";"155776485";"A01";"1";"20";"4";"2";"1";"1";"1";""
"202400003049";"155776478";"A01";"3";"7";"0";"2";"2";"2";"1";""
"202400003049";"155776481";"B01";"3";"2";"0";"2";"9";"2";"1";""
"202400003050";"155776477";"A01";"3";"17";"0";"2";"5";"1";"0";""
"202400003050";"155776480";"B01";"3";"1";"0";"2";"6";"23";"5";""
"202400003051";"155776476";"A01";"2";"7";"0";"2";"1";"1";"1";""
"202400003051";"155776479";"B01";"2";"10";"0";"2";"4";"1";"1";""
"202400003052";"155776475";"A01";"1";"7";"0";"1";"2";"1";"1";""
"202400003053";"155776472";"A01";"1";"10";"0";"2";"1";"2";"1";""
"202400003053";"155776473";"B01";"1";"10";"0";"2";"4";"2";"1";""
"202400003054";"155776471";"A01";"1";"7";"0";"2";"1";"9";"1";""
"202400003054";"155776474";"B01";"1";"7";"0";"2";"4";"1";"1";""
"202400003055";"155776469";"A01";"1";"7";"0";"2";"3";"0";"1";""
"202400003055";"155776470";"B01";"0";"7";"0";"0";"0";"0";"1";""
"202400003056";"155776463";"A01";"0";"7";"0";"1";"2";"26";"1";""
"202400003057";"155776464";"A01";"2";"33";"0";"2";"1";"3";"1";""
"202400003057";"155776466";"B01";"2";"10";"0";"2";"5";"1";"1";""
"202400003057";"155776468";"C01";"2";"15";"0";"2";"0";"1";"1";""
"202400003058";"155776465";"A01";"3";"1";"0";"2";"3";"13";"0";""
"202400003058";"155776467";"B01";"3";"37";"0";"2";"2";"2";"0";"1"
"202400003059";"155776461";"A01";"1";"7";"0";"2";"6";"16";"2";""
"202400003059";"155776462";"B01";"1";"7";"0";"2";"1";"1";"1";""
"202400003060";"155776458";"A01";"1";"7";"0";"1";"3";"15";"1";""
"202400003061";"155776459";"A01";"1";"7";"1";"2";"1";"1";"1";""
"202400003061";"155776460";"B01";"1";"7";"0";"2";"4";"24";"1";""
"202400003062";"155776455";"A01";"2";"33";"0";"2";"2";"21";"1";""
"202400003062";"155776457";"B01";"2";"7";"0";"2";"6";"0";"1";""
"202400003063";"155776448";"A01";"2";"7";"14";"0";"2";"15";"1";""
"202400003064";"155776445";"A01";"3";"7";"3";"2";"0";"21";"1";""
"202400003064";"155776449";"E01";"1";"1";"0";"2";"0";"1";"5";""
"202400003064";"155776451";"B01";"1";"1";"0";"2";"0";"1";"5";""
"202400003064";"155776453";"C01";"1";"1";"0";"2";"0";"1";"5";""
"202400003064";"155776456";"D01";"1";"1";"0";"2";"0";"1";"5";""
"202400003065";"155776446";"B01";"1";"7";"0";"2";"6";"15";"1";""
"202400003065";"155776450";"A01";"2";"33";"0";"2";"1";"1";"1";""
"202400003066";"155776444";"B01";"1";"7";"0";"2";"2";"1";"1";""
"202400003066";"155776447";"A01";"1";"7";"0";"2";"8";"9";"2";""
"202400003067";"155776442";"A01";"1";"7";"0";"2";"3";"20";"2";""
"202400003067";"155776443";"B01";"1";"7";"0";"9";"3";"1";"1";""
"202400003068";"155776440";"A01";"3";"33";"0";"0";"0";"1";"1";""
"202400003069";"155776438";"A01";"2";"7";"0";"4";"8";"15";"1";""
"202400003069";"155776441";"B01";"2";"40";"0";"2";"2";"1";"3";""
"202400003070";"155776439";"A01";"3";"7";"0";"1";"8";"4";"1";""
"202400003071";"155776435";"B01";"0";"7";"0";"2";"8";"1";"1";""
"202400003071";"155776437";"A01";"0";"7";"0";"2";"1";"9";"1";""
"202400003072";"155776433";"A01";"3";"7";"0";"1";"2";"20";"2";""
"202400003073";"155776434";"A01";"2";"7";"0";"2";"7";"9";"1";""
"202400003073";"155776436";"B01";"2";"50";"0";"2";"8";"2";"3";""
"202400003074";"155776432";"A01";"3";"33";"0";"9";"1";"0";"1";""
"202400003075";"155776430";"A01";"3";"7";"2";"0";"1";"1";"1";""
"202400003076";"155776428";"A01";"1";"7";"0";"2";"2";"9";"1";""
"202400003076";"155776431";"B01";"1";"7";"0";"2";"4";"1";"1";""
"202400003077";"155776426";"A01";"1";"7";"0";"2";"1";"9";"1";""
"202400003077";"155776429";"B01";"2";"50";"0";"2";"8";"5";"3";""
"202400003078";"155776424";"A01";"1";"7";"0";"2";"5";"1";"1";""
"202400003078";"155776427";"B01";"1";"7";"0";"2";"1";"15";"2";""
"202400003079";"155776422";"A01";"1";"7";"0";"2";"3";"15";"3";""
"202400003079";"155776423";"B01";"0";"60";"0";"2";"1";"1";"5";""
"202400003080";"155776421";"A01";"1";"7";"0";"2";"1";"2";"1";""
"202400003080";"155776425";"B01";"1";"10";"13";"0";"4";"2";"1";""
"202400003081";"155776419";"B01";"2";"31";"0";"2";"1";"3";"1";""
"202400003081";"155776420";"A01";"2";"10";"0";"2";"3";"15";"1";""
"202400003082";"155776416";"A01";"2";"7";"0";"2";"1";"0";"2";""
"202400003082";"155776418";"B01";"2";"7";"0";"0";"8";"0";"1";""
"202400003083";"155776414";"A01";"1";"7";"0";"1";"1";"1";"1";""
"202400003084";"155776412";"A01";"1";"7";"1";"2";"7";"17";"1";""
"202400003084";"155776415";"C01";"1";"7";"0";"2";"8";"24";"1";""
"202400003084";"155776417";"B01";"1";"7";"0";"2";"8";"1";"1";""
"202400003085";"155776411";"B01";"1";"7";"0";"2";"7";"1";"1";""
"202400003085";"155776413";"A01";"1";"7";"0";"2";"1";"1";"1";""
"202400003086";"155776409";"A01";"2";"50";"0";"1";"1";"1";"3";""
"202400003087";"155776407";"A01";"1";"7";"0";"2";"1";"2";"1";""
"202400003087";"155776408";"B01";"1";"7";"0";"2";"4";"1";"1";""
"202400003088";"155776406";"A01";"2";"2";"0";"2";"1";"17";"1";""
"202400003088";"155776410";"B01";"2";"10";"0";"2";"8";"11";"1";""
"202400003089";"155776405";"A01";"1";"7";"0";"1";"7";"1";"1";""
"202400003090";"155776404";"A01";"2";"30";"8";"2";"0";"2";"1";""
"202400003091";"155776403";"A01";"3";"7";"6";"0";"1";"0";"1";""
"202400003092";"155776399";"B01";"2";"7";"0";"2";"2";"1";"1";""
"202400003092";"155776401";"A01";"1";"7";"0";"2";"5";"4";"1";""
"202400003093";"155776400";"A01";"2";"7";"0";"2";"7";"15";"1";""
"202400003093";"155776402";"B01";"1";"80";"0";"2";"1";"1";"3";""
"202400003094";"155776397";"A01";"3";"7";"0";"1";"1";"0";"1";""
"202400003095";"155776394";"A01";"1";"7";"0";"1";"1";"26";"1";""
"202400003096";"155776395";"Z01";"3";"7";"0";"1";"2";"0";"1";""
"202400003097";"155776396";"B01";"2";"31";"0";"2";"1";"1";"1";""
"202400003097";"155776398";"A01";"2";"7";"0";"2";"2";"9";"1";""
"202400003098";"155776388";"B01";"1";"33";"0";"2";"2";"13";"1";""
"202400003098";"155776391";"A01";"2";"7";"0";"2";"1";"15";"1";""
"202400003099";"155776390";"B01";"3";"7";"0";"2";"8";"15";"1";""
"202400003099";"155776392";"A01";"3";"33";"0";"2";"1";"17";"1";""
"202400003100";"155776389";"B01";"0";"50";"0";"2";"3";"2";"3";""
"202400003100";"155776393";"A01";"0";"10";"0";"2";"2";"2";"1";""
"202400003101";"155776387";"A01";"1";"7";"3";"0";"0";"1";"1";""
"202400003102";"155776384";"A01";"2";"7";"0";"2";"7";"15";"1";""
"202400003102";"155776386";"B01";"1";"33";"0";"2";"1";"1";"1";""
"202400003103";"155776381";"A01";"0";"7";"0";"1";"1";"15";"1";""
"202400003104";"155776383";"A01";"1";"7";"0";"2";"1";"1";"1";""
"202400003104";"155776385";"B01";"1";"7";"15";"2";"7";"1";"1";""
"202400003105";"155776379";"A01";"2";"7";"0";"1";"3";"26";"1";""
"202400003106";"155776378";"A01";"0";"7";"0";"0";"8";"1";"1";""
"202400003107";"155776375";"C01";"1";"7";"0";"2";"4";"1";"1";""
"202400003107";"155776376";"B01";"1";"7";"0";"2";"4";"2";"1";""
"202400003107";"155776377";"A01";"1";"10";"0";"2";"1";"2";"3";""
"202400003108";"155776372";"B01";"1";"50";"0";"2";"1";"15";"3";""
"202400003108";"155776373";"A01";"1";"7";"0";"2";"2";"1";"1";""
"202400003109";"155776371";"A01";"2";"33";"0";"2";"1";"1";"1";""
"202400003109";"155776374";"B01";"1";"7";"0";"2";"2";"21";"2";""
"202400003110";"155776369";"B01";"3";"7";"0";"2";"2";"9";"1";""
"202400003110";"155776370";"A01";"0";"7";"0";"2";"3";"1";"1";""
"202400003111";"155776366";"A01";"3";"10";"6";"1";"4";"26";"1";""
"202400003112";"155776363";"B01";"2";"32";"0";"0";"0";"0";"1";""
"202400003112";"155776365";"A01";"1";"10";"0";"2";"3";"13";"1";""
"202400003113";"155776364";"A01";"2";"7";"0";"2";"1";"1";"1";""
"202400003113";"155776367";"B01";"2";"7";"0";"2";"1";"1";"1";""
"202400003113";"155776368";"C01";"2";"7";"0";"2";"4";"23";"1";""
"202400003114";"155776361";"A01";"1";"7";"2";"0";"2";"1";"1";""
"202400003115";"155776360";"A01";"1";"7";"0";"0";"1";"0";"0";""
"202400003116";"155776359";"B01";"1";"1";"0";"2";"3";"23";"5";""
"202400003116";"155776362";"A01";"2";"7";"0";"2";"3";"15";"1";""
"202400003117";"155776357";"A01";"2";"33";"0";"2";"0";"26";"1";""
"202400003117";"155776358";"B01";"1";"7";"0";"0";"8";"1";"1";""
"202400003118";"155776352";"A01";"3";"7";"0";"2";"1";"9";"1";""
"202400003118";"155776354";"B01";"0";"1";"0";"2";"7";"0";"5";""
"202400003119";"155776351";"B01";"1";"31";"0";"2";"7";"1";"1";""
"202400003119";"155776356";"A01";"1";"7";"0";"2";"2";"9";"1";""
"202400003120";"155776353";"B01";"0";"7";"0";"2";"0";"0";"1";""
"202400003120";"155776355";"A01";"0";"32";"0";"0";"0";"0";"1";""
"202400003121";"155776350";"A01";"1";"7";"0";"1";"1";"1";"1";""
"202400003122";"155776349";"A01";"1";"7";"0";"1";"1";"0";"1";""
"202400003123";"155776348";"A01";"1";"7";"2";"0";"0";"1";"1";""
"202400003124";"155776346";"A01";"3";"50";"0";"2";"3";"19";"3";""
"202400003124";"155776347";"B01";"1";"14";"0";"2";"1";"1";"1";""
"202400003125";"155776345";"A01";"3";"1";"13";"0";"1";"25";"5";""
"202400003126";"155776342";"A01";"2";"7";"0";"2";"2";"1";"1";""
"202400003126";"155776344";"B01";"2";"7";"0";"2";"3";"9";"1";""
"202400003127";"155776341";"A01";"2";"7";"0";"2";"8";"1";"1";""
"202400003127";"155776343";"B01";"1";"7";"0";"2";"1";"1";"1";""
"202400003128";"155776338";"B01";"1";"7";"7";"2";"2";"1";"2";""
"202400003128";"155776339";"A01";"1";"7";"0";"2";"3";"11";"1";""
"202400003129";"155776333";"A01";"1";"7";"0";"2";"6";"2";"1";""
"202400003129";"155776336";"B01";"1";"10";"0";"2";"1";"2";"1";""
"202400003130";"155776334";"A01";"2";"7";"0";"2";"1";"1";"1";""
"202400003130";"155776340";"B01";"2";"7";"0";"2";"3";"1";"1";""
"202400003131";"155776335";"B01";"1";"33";"0";"2";"1";"1";"1";""
"202400003131";"155776337";"A01";"2";"7";"0";"2";"8";"15";"1";""
"202400003132";"155776332";"A01";"2";"10";"0";"1";"1";"15";"1";""
"202400003133";"155776330";"A01";"2";"7";"0";"1";"4";"21";"1";""
"202400003134";"155776331";"A01";"1";"7";"3";"0";"1";"1";"2";""
"202400003135";"155776326";"A01";"1";"7";"2";"0";"1";"13";"1";""
"202400003136";"155776322";"A01";"2";"7";"0";"2";"1";"1";"1";""
"202400003136";"155776325";"B01";"2";"7";"0";"2";"4";"1";"1";""
"202400003136";"155776328";"C01";"2";"7";"0";"2";"4";"1";"1";""
"202400003136";"155776329";"D01";"2";"7";"0";"2";"4";"1";"1";""
"202400003137";"155776320";"A01";"3";"33";"0";"2";"1";"1";"1";""
"202400003137";"155776323";"B01";"2";"7";"0";"2";"5";"15";"1";""
"202400003138";"155776319";"B01";"3";"7";"0";"2";"8";"1";"1";""
"202400003138";"155776321";"C01";"3";"7";"0";"2";"1";"1";"3";""
"202400003138";"155776324";"A01";"3";"7";"0";"2";"1";"1";"1";""
"202400003138";"155776327";"D01";"3";"7";"0";"2";"1";"1";"3";""
"202400003139";"155776316";"A01";"1";"31";"0";"2";"1";"1";"1";""
"202400003139";"155776318";"B01";"1";"1";"0";"2";"0";"0";"5";""
"202400003140";"155776315";"B01";"2";"80";"0";"2";"1";"1";"2";""
"202400003140";"155776317";"A01";"2";"3";"0";"9";"7";"16";"1";""
"202400003141";"155776313";"B01";"2";"7";"0";"2";"2";"1";"1";""
"202400003141";"155776314";"A01";"1";"10";"0";"2";"2";"13";"1";""
"202400003142";"155776310";"A01";"3";"7";"0";"9";"1";"26";"1";""
"202400003142";"155776311";"B01";"3";"60";"0";"2";"1";"19";"5";""
"202400003143";"155776309";"B01";"1";"7";"0";"2";"5";"2";"1";""
"202400003143";"155776312";"A01";"1";"7";"0";"2";"3";"2";"1";""
"202400003144";"155776306";"A01";"2";"7";"0";"2";"7";"15";"1";""
"202400003144";"155776307";"B01";"1";"1";"0";"2";"1";"1";"5";""
"202400003145";"155776304";"A01";"2";"7";"0";"9";"3";"1";"1";""
"202400003145";"155776308";"B01";"2";"1";"0";"2";"2";"15";"5";""
"202400003146";"155776302";"A01";"2";"30";"0";"2";"1";"2";"1";""
"202400003146";"155776303";"B01";"2";"7";"0";"2";"4";"23";"1";""
"202400003147";"155776300";"B01";"2";"7";"0";"9";"1";"16";"1";""
"202400003147";"155776305";"Z01";"2";"7";"0";"9";"1";"16";"1";""
"202400003148";"155776297";"B01";"3";"31";"0";"2";"1";"1";"1";""
"202400003148";"155776299";"A01";"3";"7";"0";"2";"3";"15";"2";""
"202400003149";"155776298";"A01";"3";"1";"0";"2";"1";"19";"5";""
"202400003149";"155776301";"B01";"3";"7";"0";"2";"2";"2";"1";""
"202400003150";"155776294";"A01";"1";"32";"0";"2";"1";"2";"1";""
"202400003150";"155776296";"B01";"3";"7";"0";"2";"4";"2";"1";""
"202400003151";"155776293";"A01";"1";"7";"0";"1";"2";"5";"1";""