"Num_Acc";"id_vehicule";"num_veh";"senc";"catv";"obs";"obsm";"choc";"manv";"motor";"occutc"
"202400003152";"155776292";"B01";"1";"7";"0";"2";"2";"1";"1";""
"202400003152";"155776295";"A01";"2";"30";"0";"2";"1";"1";"1";""
"202400003153";"155776290";"B01";"3";"10";"0";"2";"4";"26";"1";""
"202400003153";"155776291";"A01";"3";"7";"1";"2";"4";"4";"1";""
"202400003154";"155776287";"A01";"1";"14";"0";"2";"6";"12";"0";""
"202400003154";"155776289";"B01";"1";"7";"0";"2";"6";"1";"1";""
"202400003155";"155776285";"A01";"2";"14";"0";"2";"1";"1";"1";""
"202400003155";"155776288";"B01";"1";"17";"0";"2";"3";"1";"1";""
"202400003156";"155776284";"A01";"1";"7";"0";"2";"2";"26";"1";""
"202400003156";"155776286";"B01";"1";"31";"0";"2";"8";"1";"1";""
"202400003157";"155776283";"A01";"3";"7";"0";"1";"2";"21";"1";""
"202400003158";"155776280";"A01";"3";"1";"0";"2";"3";"9";"5";""
"202400003158";"155776282";"B01";"2";"7";"0";"2";"2";"2";"1";""
"202400003159";"155776281";"A01";"1";"33";"6";"0";"1";"1";"1";""
"202400003160";"155776277";"A01";"3";"7";"0";"2";"1";"9";"2";""
"202400003160";"155776279";"B01";"3";"32";"0";"2";"7";"1";"1";""
"202400003161";"155776276";"A01";"3";"7";"0";"1";"1";"14";"1";""
"202400003162";"155776274";"C01";"1";"7";"0";"2";"3";"1";"1";""
"202400003162";"155776275";"A01";"2";"7";"0";"2";"3";"17";"1";""
"202400003162";"155776278";"B01";"2";"7";"0";"2";"3";"1";"1";""
"202400003163";"155776272";"B01";"1";"80";"0";"2";"1";"19";"3";""
"202400003163";"155776273";"A01";"2";"7";"0";"2";"0";"1";"1";""
"202400003164";"155776270";"A01";"3";"14";"0";"1";"1";"1";"1";""
"202400003165";"155776269";"A01";"2";"7";"0";"2";"1";"2";"1";""
"202400003165";"155776271";"B01";"2";"7";"0";"2";"4";"2";"1";""
"202400003166";"155776267";"A01";"1";"7";"0";"2";"3";"9";"1";""
"202400003166";"155776268";"B01";"1";"1";"0";"2";"1";"0";"5";""
"202400003167";"155776263";"B01";"0";"7";"0";"1";"1";"1";"1";""
"202400003168";"155776262";"A01";"1";"33";"0";"2";"1";"3";"1";""
"202400003168";"155776264";"B01";"1";"7";"0";"2";"5";"2";"2";""
"202400003169";"155776256";"B01";"1";"7";"0";"2";"2";"1";"1";""
"202400003169";"155776260";"A01";"2";"50";"0";"2";"1";"16";"3";""
"202400003170";"155776257";"A01";"2";"33";"3";"0";"2";"3";"1";""
"202400003170";"155776258";"B01";"2";"10";"0";"2";"6";"11";"1";""
"202400003171";"155776254";"A01";"0";"10";"0";"2";"1";"2";"1";""
"202400003171";"155776255";"B01";"3";"7";"0";"2";"4";"2";"1";""
"202400003172";"155776251";"B01";"3";"1";"0";"2";"1";"1";"5";""
"202400003172";"155776253";"A01";"3";"7";"0";"2";"3";"9";"1";""
"202400003173";"155776252";"A01";"2";"10";"4";"0";"1";"1";"1";""
"202400003174";"155776250";"A01";"1";"3";"0";"1";"1";"1";"1";""
"202400003175";"155776249";"A01";"2";"33";"3";"0";"8";"1";"1";""
"202400003176";"155776245";"A01";"2";"50";"0";"1";"1";"13";"3";""
"202400003177";"155776244";"A01";"1";"7";"0";"2";"2";"9";"1";""
"202400003177";"155776247";"B01";"1";"7";"9";"2";"0";"1";"1";""
"202400003178";"155776243";"C01";"1";"10";"1";"0";"1";"1";"1";""
"202400003178";"155776246";"B01";"1";"7";"1";"0";"1";"1";"2";""
"202400003178";"155776248";"A01";"1";"7";"1";"0";"4";"23";"1";""
"202400003179";"155776240";"A01";"1";"30";"0";"2";"2";"15";"1";""
"202400003179";"155776242";"B01";"2";"32";"0";"2";"1";"1";"1";""
"202400003180";"155776239";"B01";"2";"7";"0";"2";"1";"1";"1";""
"202400003180";"155776241";"A01";"1";"7";"0";"2";"2";"15";"1";""
"202400003181";"155776237";"B01";"2";"33";"0";"2";"1";"3";"1";""
"202400003181";"155776238";"A01";"2";"7";"0";"2";"2";"12";"2";""
"202400003182";"155776234";"A01";"1";"10";"0";"2";"1";"1";"1";""
"202400003182";"155776236";"B01";"1";"7";"0";"2";"4";"1";"1";""
"202400003183";"155776233";"A01";"1";"2";"0";"2";"2";"17";"1";""
"202400003183";"155776235";"B01";"1";"7";"0";"2";"8";"15";"1";""
"202400003184";"155776231";"A01";"1";"37";"0";"1";"1";"1";"1";"1"
"202400003185";"155776230";"B01";"2";"43";"0";"2";"8";"1";"1";""
"202400003185";"155776232";"A01";"2";"7";"0";"2";"2";"12";"1";""
"202400003186";"155776227";"B01";"1";"7";"0";"2";"8";"11";"1";""
"202400003186";"155776229";"A01";"1";"32";"0";"2";"7";"1";"1";""
"202400003187";"155776226";"B01";"1";"7";"0";"2";"1";"2";"1";""
"202400003187";"155776228";"A01";"2";"7";"0";"2";"1";"13";"1";""
"202400003188";"155776224";"B01";"1";"7";"0";"2";"4";"1";"1";""
"202400003188";"155776225";"A01";"1";"7";"0";"2";"1";"1";"1";""
"202400003189";"155776222";"A01";"3";"30";"0";"1";"1";"7";"3";""
"202400003190";"155776221";"A01";"2";"50";"0";"2";"1";"1";"3";""
"202400003190";"155776223";"B01";"2";"7";"0";"2";"1";"1";"1";""
"202400003191";"155776220";"A01";"1";"33";"0";"0";"9";"26";"1";""
"202400003192";"155776216";"A01";"1";"10";"1";"0";"1";"20";"1";""
"202400003192";"155776217";"B01";"1";"10";"1";"2";"4";"24";"1";""
"202400003193";"155776214";"A01";"2";"30";"0";"1";"2";"1";"1";""
"202400003194";"155776215";"B01";"2";"7";"0";"2";"6";"1";"1";""
"202400003194";"155776218";"A01";"2";"7";"0";"2";"1";"17";"1";""
"202400003194";"155776219";"C01";"2";"33";"0";"2";"4";"1";"1";""
"202400003195";"155776211";"A01";"2";"7";"0";"2";"2";"15";"1";""
"202400003195";"155776213";"B01";"1";"7";"0";"2";"1";"1";"1";""
"202400003196";"155776210";"A01";"2";"3";"0";"2";"3";"13";"1";""
"202400003196";"155776212";"B01";"2";"7";"0";"2";"3";"1";"1";""
"202400003197";"155776209";"A01";"1";"33";"0";"0";"9";"21";"1";""
"202400003198";"155776207";"A01";"3";"7";"0";"2";"3";"26";"1";""
"202400003198";"155776208";"B01";"3";"1";"0";"2";"7";"1";"5";""
"202400003199";"155776205";"A01";"1";"7";"0";"2";"8";"9";"1";""
"202400003199";"155776206";"B01";"1";"10";"0";"2";"1";"1";"1";""
"202400003200";"155776204";"A01";"2";"7";"0";"1";"1";"19";"1";""
"202400003201";"155776200";"B01";"1";"17";"0";"2";"5";"1";"1";""
"202400003201";"155776202";"A01";"1";"7";"0";"2";"8";"11";"1";""
"202400003202";"155776201";"A01";"1";"7";"0";"1";"3";"0";"1";""
"202400003203";"155776198";"A01";"2";"7";"0";"1";"6";"18";"1";""
"202400003204";"155776199";"B01";"2";"7";"0";"2";"2";"19";"1";""
"202400003204";"155776203";"A01";"1";"7";"0";"2";"3";"1";"1";""
"202400003205";"155776193";"A01";"1";"37";"0";"2";"3";"1";"1";"2"
"202400003205";"155776194";"Z01";"1";"7";"0";"2";"2";"16";"2";""
"202400003206";"155776191";"A01";"1";"7";"14";"1";"4";"26";"0";""
"202400003207";"155776190";"A01";"2";"7";"0";"2";"1";"2";"1";""
"202400003207";"155776192";"B01";"2";"7";"0";"2";"4";"2";"1";""
"202400003208";"155776189";"A01";"2";"33";"0";"1";"2";"17";"1";""
"202400003209";"155776187";"A01";"0";"1";"0";"2";"1";"19";"5";""
"202400003209";"155776188";"B01";"0";"7";"0";"2";"8";"1";"1";""
"202400003210";"155776185";"A01";"2";"7";"0";"1";"0";"1";"1";""
"202400003211";"155776183";"B01";"2";"2";"0";"2";"3";"1";"3";""
"202400003211";"155776186";"A01";"1";"7";"0";"2";"3";"13";"1";""
"202400003212";"155776182";"B01";"3";"7";"0";"2";"2";"1";"1";""
"202400003212";"155776184";"A01";"3";"50";"0";"2";"5";"19";"3";""
"202400003213";"155776180";"A01";"1";"7";"0";"1";"2";"16";"1";""
"202400003214";"155776178";"B01";"1";"50";"0";"2";"6";"2";"3";""
"202400003214";"155776179";"Z01";"1";"10";"0";"2";"2";"2";"0";""
"202400003215";"155776177";"B01";"1";"30";"0";"2";"1";"16";"1";""
"202400003215";"155776181";"A01";"2";"7";"0";"2";"6";"15";"1";""
"202400003216";"155776175";"A01";"0";"10";"0";"2";"3";"2";"1";""
"202400003216";"155776176";"B01";"0";"37";"0";"2";"4";"1";"1";"1"
"202400003217";"155776173";"B01";"1";"1";"0";"2";"7";"1";"5";""
"202400003217";"155776174";"A01";"1";"10";"0";"2";"3";"1";"1";""
"202400003218";"155776171";"A01";"2";"30";"0";"2";"1";"14";"1";""
"202400003218";"155776172";"Z01";"2";"7";"0";"2";"1";"16";"1";""
"202400003219";"155776169";"A01";"1";"7";"0";"1";"1";"26";"1";""
"202400003220";"155776166";"A01";"1";"7";"0";"1";"1";"26";"1";""
"202400003220";"155776168";"B01";"2";"7";"0";"2";"4";"23";"2";""
"202400003221";"155776164";"A01";"1";"7";"0";"2";"0";"0";"1";""
"202400003221";"155776167";"C01";"1";"7";"0";"2";"0";"0";"1";""
"202400003221";"155776170";"B01";"1";"7";"0";"2";"0";"0";"1";""
"202400003222";"155776163";"Y01";"3";"1";"0";"0";"0";"1";"5";""
"202400003222";"155776165";"A01";"3";"7";"0";"9";"1";"9";"1";""
"202400003223";"155776160";"A01";"1";"10";"0";"1";"1";"16";"1";""
"202400003224";"155776161";"A01";"3";"1";"0";"2";"1";"1";"5";""
"202400003224";"155776162";"B01";"2";"7";"0";"9";"1";"1";"1";""
"202400003225";"155776159";"A01";"1";"1";"0";"0";"0";"1";"5";""
"202400003226";"155776157";"B01";"1";"7";"0";"2";"4";"1";"1";""
"202400003226";"155776158";"A01";"1";"7";"0";"2";"1";"2";"1";""
"202400003227";"155776154";"A01";"1";"7";"1";"0";"1";"7";"1";""
"202400003227";"155776156";"B01";"1";"37";"0";"2";"4";"23";"1";"1"
"202400003228";"155776153";"B01";"2";"7";"0";"2";"2";"1";"1";""
"202400003228";"155776155";"A01";"2";"30";"0";"2";"1";"1";"1";""
"202400003229";"155776149";"A01";"2";"50";"0";"1";"1";"1";"3";""
"202400003230";"155776143";"A01";"1";"7";"0";"2";"1";"13";"1";""
"202400003230";"155776144";"B01";"2";"1";"0";"2";"1";"1";"5";""
"202400003230";"155776146";"C01";"2";"1";"0";"2";"1";"1";"5";""
"202400003230";"155776147";"D01";"2";"1";"0";"2";"1";"1";"5";""
"202400003230";"155776148";"E01";"2";"1";"0";"2";"1";"1";"5";""
"202400003230";"155776150";"G01";"2";"1";"0";"2";"1";"1";"5";""
"202400003230";"155776151";"F01";"2";"1";"0";"2";"1";"1";"5";""
"202400003230";"155776152";"H01";"2";"1";"0";"2";"1";"1";"5";""
"202400003231";"155776142";"A01";"1";"7";"6";"2";"5";"1";"1";""
"202400003231";"155776145";"Z01";"1";"7";"1";"2";"0";"0";"1";""
"202400003232";"155776139";"B01";"1";"33";"0";"2";"1";"1";"1";""
"202400003232";"155776141";"A01";"2";"37";"0";"2";"1";"15";"1";"1"
"202400003233";"155776138";"A01";"1";"7";"0";"2";"0";"0";"0";""
"202400003233";"155776140";"B01";"1";"50";"0";"0";"0";"5";"3";""
"202400003234";"155776136";"A01";"3";"7";"0";"1";"3";"15";"1";""
"202400003235";"155776134";"A01";"1";"7";"0";"2";"1";"1";"1";""
"202400003235";"155776135";"B01";"2";"7";"0";"2";"5";"15";"1";""
"202400003235";"155776137";"C01";"1";"10";"0";"2";"1";"16";"1";""
"202400003236";"155776132";"A01";"3";"15";"0";"2";"8";"16";"0";""
"202400003236";"155776133";"B01";"3";"33";"16";"2";"3";"26";"1";""
"202400003237";"155776130";"A01";"2";"7";"0";"2";"5";"0";"1";""
"202400003237";"155776131";"B01";"1";"33";"0";"2";"1";"0";"1";""
"202400003238";"155776128";"B01";"3";"7";"0";"2";"8";"1";"1";""
"202400003238";"155776129";"A01";"3";"7";"1";"2";"3";"16";"2";""
"202400003239";"155776127";"A01";"2";"7";"0";"1";"7";"1";"1";""
"202400003240";"155776125";"A01";"1";"7";"0";"1";"1";"15";"1";""
"202400003241";"155776124";"B01";"2";"7";"0";"2";"2";"1";"1";""
"202400003241";"155776126";"A01";"2";"7";"0";"2";"3";"15";"1";""
"202400003242";"155776122";"A01";"1";"10";"0";"2";"3";"19";"0";""
"202400003242";"155776123";"B01";"1";"31";"0";"2";"2";"1";"1";""
"202400003243";"155776120";"A01";"1";"33";"0";"2";"0";"1";"1";""
"202400003243";"155776121";"B01";"1";"31";"0";"2";"0";"15";"1";""
"202400003244";"155776119";"A01";"1";"7";"0";"1";"3";"0";"0";""
"202400003245";"155776116";"A01";"3";"30";"0";"2";"7";"2";"0";""
"202400003245";"155776118";"B01";"1";"0";"0";"2";"1";"15";"0";""
"202400003246";"155776115";"B01";"2";"33";"0";"2";"0";"1";"1";""
"202400003246";"155776117";"A01";"1";"7";"0";"2";"0";"9";"1";""
"202400003247";"155776112";"B01";"1";"7";"0";"2";"1";"0";"1";""
"202400003247";"155776114";"A01";"2";"10";"0";"2";"1";"13";"1";""
"202400003248";"155776111";"A01";"1";"10";"0";"2";"2";"9";"1";""
"202400003248";"155776113";"B01";"2";"1";"0";"2";"1";"1";"5";""
"202400003249";"155776109";"A01";"2";"50";"8";"0";"1";"1";"3";""
"202400003250";"155776104";"C01";"2";"10";"0";"2";"4";"1";"0";""
"202400003250";"155776106";"A01";"2";"7";"0";"2";"4";"1";"1";""
"202400003250";"155776107";"B01";"2";"7";"0";"2";"4";"1";"1";""
"202400003250";"155776108";"D01";"2";"7";"0";"2";"4";"0";"1";""
"202400003250";"155776110";"E01";"2";"10";"0";"2";"1";"1";"1";""
"202400003251";"155776105";"A01";"2";"7";"0";"1";"3";"15";"1";""
"202400003252";"155776101";"A01";"2";"10";"0";"2";"1";"2";"1";""
"202400003252";"155776103";"B01";"2";"7";"0";"2";"4";"1";"1";""
"202400003253";"155776100";"A01";"1";"7";"0";"2";"3";"9";"2";""
"202400003253";"155776102";"B01";"2";"33";"0";"2";"1";"1";"1";""
"202400003254";"155776099";"A01";"1";"7";"0";"1";"3";"1";"1";""
"202400003255";"155776096";"B01";"3";"7";"0";"2";"1";"1";"1";""
"202400003255";"155776098";"A01";"3";"7";"0";"2";"7";"15";"1";""
"202400003256";"155776094";"B01";"1";"7";"0";"2";"4";"2";"1";""
"202400003256";"155776095";"C01";"1";"7";"0";"2";"4";"2";"1";""
"202400003256";"155776097";"A01";"1";"10";"0";"2";"1";"1";"1";""
"202400003257";"155776093";"A01";"2";"7";"0";"1";"1";"1";"0";""
"202400003258";"155776091";"A01";"3";"7";"0";"2";"3";"19";"1";""
"202400003258";"155776092";"B01";"3";"30";"0";"2";"1";"21";"1";""
"202400003259";"155776090";"A01";"2";"7";"6";"0";"1";"14";"1";""
"202400003260";"155776089";"A01";"1";"7";"0";"1";"3";"1";"2";""
"202400003261";"155776088";"A01";"0";"10";"0";"1";"1";"1";"1";""
"202400003262";"155776086";"B01";"2";"7";"0";"2";"3";"1";"1";""
"202400003262";"155776087";"A01";"1";"7";"0";"2";"2";"15";"1";""
"202400003263";"155776085";"A01";"2";"7";"0";"1";"2";"1";"1";""
"202400003264";"155776083";"A01";"1";"7";"0";"2";"4";"17";"1";""
"202400003264";"155776084";"B01";"1";"33";"0";"2";"1";"1";"1";""
"202400003265";"155776080";"A01";"3";"7";"0";"2";"1";"1";"1";""
"202400003265";"155776082";"B01";"3";"7";"0";"2";"8";"1";"1";""
"202400003266";"155776079";"B01";"3";"50";"0";"2";"1";"1";"3";""
"202400003266";"155776081";"A01";"3";"7";"0";"2";"3";"22";"2";""
"202400003267";"155776077";"Z01";"1";"1";"0";"1";"0";"1";"5";""
"202400003268";"155776076";"B01";"2";"60";"0";"2";"0";"19";"5";""
"202400003268";"155776078";"A01";"2";"7";"0";"2";"3";"1";"2";""
"202400003269";"155776075";"A01";"1";"1";"0";"1";"1";"1";"5";""
"202400003270";"155776073";"A01";"1";"10";"14";"0";"1";"26";"1";""
"202400003270";"155776074";"B01";"1";"7";"0";"2";"4";"23";"1";""
"202400003271";"155776071";"A01";"1";"38";"0";"1";"1";"1";"1";"1"
"202400003272";"155776070";"B01";"2";"1";"0";"2";"4";"1";"5";""
"202400003272";"155776072";"A01";"2";"10";"0";"2";"1";"0";"1";""
"202400003273";"155776067";"B01";"2";"7";"0";"2";"3";"10";"1";""
"202400003273";"155776069";"A01";"2";"32";"0";"2";"1";"5";"3";""
"202400003274";"155776066";"A01";"1";"7";"0";"2";"1";"14";"0";""
"202400003274";"155776068";"B01";"1";"7";"0";"2";"5";"0";"1";""
"202400003275";"155776063";"A01";"2";"1";"0";"2";"1";"5";"5";""
"202400003275";"155776065";"B01";"1";"32";"0";"2";"1";"1";"1";""
"202400003276";"155776062";"A01";"1";"7";"0";"2";"1";"2";"1";""
"202400003276";"155776064";"B01";"1";"7";"0";"2";"4";"2";"2";""
"202400003277";"155776060";"B01";"3";"32";"0";"2";"1";"17";"1";""
"202400003277";"155776061";"A01";"3";"7";"0";"2";"3";"10";"1";""
"202400003278";"155776058";"A01";"3";"7";"0";"2";"7";"15";"1";""
"202400003278";"155776059";"B01";"3";"7";"0";"2";"1";"1";"1";""
"202400003279";"155776056";"A01";"2";"7";"0";"2";"2";"16";"3";""
"202400003279";"155776057";"B01";"2";"1";"0";"2";"1";"1";"5";""
"202400003280";"155776054";"A01";"2";"1";"0";"1";"1";"17";"5";""
"202400003281";"155776053";"A01";"3";"7";"0";"2";"3";"9";"1";""
"202400003281";"155776055";"B01";"3";"7";"15";"2";"7";"1";"1";""
"202400003282";"155776050";"B01";"1";"10";"0";"2";"8";"15";"1";""
"202400003282";"155776052";"A01";"1";"34";"0";"2";"8";"17";"1";""
"202400003283";"155776049";"A01";"3";"7";"0";"2";"1";"1";"1";""
"202400003283";"155776051";"B01";"3";"10";"0";"2";"5";"1";"1";""
"202400003284";"155776047";"A01";"1";"1";"0";"2";"1";"1";"5";""
"202400003284";"155776048";"B01";"2";"1";"0";"2";"1";"1";"5";""
"202400003285";"155776045";"A01";"3";"7";"0";"2";"1";"1";"1";""
"202400003285";"155776046";"B01";"3";"7";"0";"2";"4";"23";"1";""
"202400003286";"155776043";"A01";"1";"33";"0";"2";"2";"1";"1";""
"202400003286";"155776044";"B01";"1";"1";"0";"2";"3";"15";"5";""
"202400003287";"155776041";"A01";"3";"7";"0";"2";"1";"15";"1";""
"202400003287";"155776042";"B01";"3";"7";"0";"2";"3";"1";"1";""
"202400003288";"155776039";"A01";"1";"14";"0";"2";"3";"22";"1";""
"202400003288";"155776040";"B01";"1";"1";"0";"2";"7";"1";"5";""
"202400003289";"155776037";"A01";"2";"7";"0";"2";"8";"13";"1";""
"202400003289";"155776038";"B01";"2";"43";"0";"2";"7";"2";"1";""
"202400003290";"155776036";"A01";"3";"80";"0";"1";"1";"1";"3";""
"202400003291";"155776034";"A01";"1";"15";"0";"2";"1";"13";"1";""
"202400003291";"155776035";"B01";"2";"7";"0";"2";"0";"1";"1";""
"202400003292";"155776032";"B01";"2";"7";"0";"2";"1";"15";"1";""
"202400003292";"155776033";"A01";"1";"7";"0";"2";"8";"1";"1";""
"202400003293";"155776030";"A01";"0";"50";"0";"2";"1";"1";"3";""
"202400003293";"155776031";"B01";"0";"7";"0";"2";"2";"1";"1";""
"202400003294";"155776028";"B01";"3";"31";"0";"2";"1";"1";"1";""
"202400003294";"155776029";"A01";"3";"7";"0";"2";"5";"15";"1";""
"202400003295";"155776026";"A01";"1";"7";"0";"2";"2";"15";"1";""
"202400003295";"155776027";"B01";"2";"7";"0";"2";"8";"1";"1";""
"202400003296";"155776025";"A01";"1";"33";"4";"0";"3";"13";"1";""
"202400003297";"155776023";"A01";"1";"7";"0";"2";"1";"1";"1";""
"202400003297";"155776024";"B01";"1";"1";"0";"2";"4";"1";"5";""
"202400003298";"155776020";"A01";"3";"10";"8";"0";"1";"1";"3";""
"202400003299";"155776021";"A01";"2";"32";"0";"2";"1";"1";"1";""
"202400003299";"155776022";"B01";"2";"7";"5";"2";"4";"2";"0";""
"202400003300";"155776018";"B01";"2";"7";"0";"2";"3";"1";"1";""
"202400003300";"155776019";"A01";"2";"1";"0";"2";"1";"1";"5";""
"202400003301";"155776016";"B01";"1";"1";"0";"2";"7";"1";"5";""
"202400003301";"155776017";"A01";"1";"7";"0";"2";"8";"24";"1";""
"202400003302";"155776014";"B01";"0";"50";"0";"2";"1";"1";"3";""
"202400003302";"155776015";"A01";"0";"7";"0";"9";"8";"15";"1";""
"202400003303";"155776012";"B01";"1";"50";"0";"2";"1";"1";"3";""
"202400003303";"155776013";"A01";"2";"7";"0";"2";"2";"15";"1";""
"202400003304";"155776009";"A01";"3";"7";"0";"2";"1";"2";"1";""
"202400003304";"155776010";"B01";"3";"7";"0";"2";"4";"2";"1";""
"202400003304";"155776011";"C01";"3";"7";"0";"2";"4";"2";"1";""
"202400003305";"155776007";"A01";"1";"7";"0";"2";"2";"2";"1";""
"202400003305";"155776008";"B01";"1";"50";"0";"2";"7";"2";"3";""
"202400003306";"155776003";"A01";"2";"7";"1";"2";"3";"16";"1";""
"202400003306";"155776005";"B01";"2";"7";"0";"2";"2";"1";"1";""
"202400003306";"155776006";"C01";"2";"7";"0";"2";"6";"24";"1";""
"202400003307";"155776002";"B01";"1";"7";"8";"0";"2";"1";"1";""
"202400003307";"155776004";"A01";"1";"7";"8";"2";"1";"1";"1";""
"202400003308";"155776000";"B01";"2";"7";"0";"2";"1";"2";"1";""
"202400003308";"155776001";"A01";"1";"10";"0";"2";"1";"15";"1";""
"202400003309";"155775999";"A01";"2";"7";"0";"1";"3";"1";"3";""
"202400003310";"155775997";"A01";"2";"7";"0";"2";"3";"9";"3";""
"202400003310";"155775998";"B01";"2";"50";"0";"2";"1";"1";"3";""
"202400003311";"155775995";"TA01";"0";"7";"0";"9";"3";"1";"1";""
"202400003311";"155775996";"B01";"0";"99";"0";"2";"0";"0";"0";""
"202400003312";"155775993";"A01";"1";"7";"0";"9";"3";"1";"1";""
"202400003312";"155775994";"B01";"2";"50";"0";"2";"1";"15";"3";""
"202400003313";"155775992";"A01";"3";"7";"0";"1";"2";"1";"2";""
"202400003314";"155775990";"B01";"1";"33";"0";"2";"2";"2";"1";""
"202400003314";"155775991";"A01";"1";"7";"0";"2";"3";"2";"1";""
"202400003315";"155775988";"B01";"3";"7";"0";"2";"6";"1";"0";""
"202400003315";"155775989";"A01";"3";"14";"0";"2";"2";"14";"0";""
"202400003316";"155775986";"A01";"1";"33";"5";"0";"2";"13";"1";""
"202400003317";"155775985";"B01";"1";"10";"0";"2";"1";"1";"1";""
"202400003317";"155775987";"A01";"2";"7";"0";"2";"7";"1";"1";""
"202400003318";"155775982";"B01";"1";"7";"0";"2";"3";"9";"1";""
"202400003318";"155775984";"A01";"1";"43";"0";"2";"0";"0";"1";""
"202400003319";"155775981";"B01";"1";"32";"0";"2";"6";"1";"1";""
"202400003319";"155775983";"Z01";"1";"10";"0";"2";"3";"13";"0";""
"202400003320";"155775978";"A01";"3";"33";"0";"2";"1";"2";"1";""
"202400003320";"155775979";"B01";"3";"7";"0";"2";"4";"16";"1";""
"202400003321";"155775977";"B01";"1";"7";"0";"2";"2";"1";"1";""
"202400003321";"155775980";"A01";"3";"7";"0";"2";"1";"1";"1";""
"202400003322";"155775976";"A01";"2";"30";"0";"1";"8";"25";"1";""
"202400003323";"155775975";"A01";"1";"30";"0";"0";"0";"17";"1";""
"202400003324";"155775974";"A01";"1";"7";"0";"1";"2";"26";"1";""
"202400003325";"155775972";"A01";"2";"30";"0";"2";"1";"1";"1";""
"202400003325";"155775973";"B01";"2";"7";"0";"2";"4";"1";"3";""
"202400003326";"155775971";"A01";"2";"7";"0";"1";"7";"17";"1";""
"202400003327";"155775970";"A01";"2";"10";"0";"1";"7";"1";"1";""
"202400003328";"155775968";"A01";"1";"33";"0";"2";"2";"0";"6";""
"202400003328";"155775969";"B01";"3";"7";"0";"2";"6";"23";"6";""
"202400003329";"155775965";"B01";"1";"7";"0";"2";"1";"1";"1";""
"202400003329";"155775967";"A01";"1";"10";"0";"2";"1";"13";"1";""
"202400003330";"155775961";"A01";"0";"7";"0";"1";"1";"23";"1";""
"202400003331";"155775962";"A01";"2";"7";"0";"2";"1";"2";"1";""
"202400003331";"155775963";"C01";"2";"10";"0";"2";"4";"2";"1";""
"202400003331";"155775964";"B01";"2";"7";"0";"2";"4";"2";"1";""
"202400003331";"155775966";"D01";"2";"7";"0";"2";"4";"2";"2";""
"202400003332";"155775959";"A01";"1";"33";"13";"0";"1";"21";"1";""
"202400003333";"155775958";"A01";"1";"7";"0";"2";"2";"11";"1";""
"202400003333";"155775960";"B01";"1";"7";"0";"2";"3";"1";"1";""
"202400003334";"155775957";"A01";"1";"1";"0";"1";"1";"1";"5";""
"202400003335";"155775956";"A01";"3";"7";"8";"0";"1";"13";"1";""
"202400003336";"155775954";"A01";"1";"80";"12";"0";"0";"26";"3";""
"202400003337";"155775953";"B01";"1";"50";"0";"2";"7";"1";"3";""
"202400003337";"155775955";"A01";"1";"7";"0";"2";"1";"9";"2";""
"202400003338";"155775951";"A01";"2";"7";"0";"1";"2";"1";"1";""
"202400003339";"155775950";"A01";"3";"33";"14";"0";"1";"0";"0";""
"202400003339";"155775952";"B01";"3";"7";"0";"2";"1";"0";"6";""
"202400003340";"155775949";"A01";"1";"2";"8";"0";"2";"1";"1";""
"202400003341";"155775947";"A01";"2";"7";"8";"0";"0";"0";"1";""
"202400003342";"155775948";"A01";"2";"7";"0";"1";"1";"15";"1";""
"202400003343";"155775944";"A01";"1";"7";"0";"2";"2";"5";"1";""
"202400003343";"155775946";"B01";"2";"7";"0";"2";"2";"0";"1";""
"202400003344";"155775942";"C01";"1";"7";"0";"2";"4";"2";"1";""
"202400003344";"155775943";"B01";"1";"10";"0";"2";"4";"2";"1";""
"202400003344";"155775945";"A01";"1";"14";"0";"2";"1";"1";"1";""
"202400003345";"155775940";"B01";"3";"7";"0";"2";"8";"16";"1";""
"202400003345";"155775941";"A01";"3";"7";"0";"2";"1";"2";"1";""
"202400003346";"155775937";"A01";"2";"7";"6";"0";"1";"1";"1";""
"202400003347";"155775938";"A01";"2";"33";"0";"2";"1";"3";"1";""
"202400003347";"155775939";"B01";"2";"7";"0";"2";"5";"0";"2";""
"202400003348";"155775936";"A01";"2";"43";"13";"0";"2";"14";"1";""
"202400003349";"155775934";"A01";"3";"7";"0";"1";"1";"0";"2";""