"Num_Acc";"id_vehicule";"num_veh";"senc";"catv";"obs";"obsm";"choc";"manv";"motor";"occutc"
"202400003350";"155775933";"A01";"1";"7";"0";"2";"3";"13";"1";""
"202400003350";"155775935";"B01";"2";"7";"3";"2";"3";"1";"1";""
"202400003351";"155775930";"A01";"1";"7";"8";"2";"1";"1";"1";""
"202400003352";"155775929";"A01";"1";"7";"0";"2";"2";"2";"0";""
"202400003352";"155775931";"B01";"1";"7";"0";"2";"4";"14";"1";""
"202400003352";"155775932";"C01";"2";"7";"0";"2";"8";"21";"1";""
"202400003353";"155775926";"A01";"1";"30";"0";"2";"1";"1";"1";""
"202400003353";"155775928";"B01";"1";"7";"0";"2";"2";"1";"1";""
"202400003354";"155775924";"A01";"2";"7";"0";"2";"1";"1";"1";""
"202400003354";"155775925";"C01";"1";"7";"0";"2";"1";"5";"1";""
"202400003354";"155775927";"B01";"2";"7";"0";"2";"3";"1";"1";""
"202400003355";"155775921";"A01";"2";"33";"9";"0";"1";"1";"1";""
"202400003356";"155775922";"A01";"2";"1";"0";"2";"8";"2";"5";""
"202400003356";"155775923";"B01";"0";"34";"0";"2";"7";"1";"1";""
"202400003357";"155775919";"A01";"1";"13";"13";"0";"8";"15";"1";""
"202400003357";"155775920";"B01";"1";"7";"0";"2";"1";"1";"1";""
"202400003358";"155775917";"A01";"1";"2";"0";"0";"8";"1";"1";""
"202400003359";"155775916";"B01";"1";"7";"0";"2";"6";"16";"1";""
"202400003359";"155775918";"A01";"1";"7";"0";"2";"2";"13";"2";""
"202400003360";"155775914";"A01";"3";"33";"0";"0";"0";"26";"1";""
"202400003361";"155775913";"A01";"3";"1";"0";"2";"1";"1";"5";""
"202400003361";"155775915";"Z01";"3";"2";"0";"2";"8";"26";"1";""
"202400003362";"155775910";"A01";"1";"43";"0";"1";"8";"21";"1";""
"202400003363";"155775909";"A01";"2";"33";"0";"0";"7";"1";"1";""
"202400003364";"155775906";"A01";"1";"50";"1";"0";"1";"1";"3";""
"202400003364";"155775908";"B01";"1";"7";"0";"2";"4";"24";"1";""
"202400003365";"155775905";"A01";"2";"33";"0";"2";"0";"1";"1";""
"202400003365";"155775907";"B01";"1";"7";"0";"2";"1";"19";"1";""
"202400003366";"155775903";"A01";"2";"7";"0";"2";"3";"0";"1";""
"202400003366";"155775904";"B01";"2";"1";"1";"0";"7";"17";"5";""
"202400003367";"155775901";"A01";"2";"7";"13";"2";"2";"17";"1";""
"202400003367";"155775902";"B01";"2";"7";"0";"0";"8";"15";"1";""
"202400003368";"155775899";"A01";"3";"7";"13";"0";"8";"13";"1";""
"202400003369";"155775900";"A01";"2";"33";"0";"1";"7";"21";"1";""
"202400003370";"155775898";"A01";"2";"7";"2";"0";"1";"1";"1";""
"202400003371";"155775896";"A01";"3";"33";"0";"2";"3";"13";"1";""
"202400003371";"155775897";"B01";"3";"2";"0";"2";"7";"1";"1";""
"202400003372";"155775895";"A01";"1";"7";"8";"0";"1";"0";"1";""
"202400003373";"155775894";"A01";"2";"1";"12";"9";"1";"2";"5";""
"202400003374";"155775893";"A01";"1";"7";"16";"0";"8";"1";"1";""
"202400003375";"155775892";"A01";"3";"33";"0";"0";"0";"16";"1";""
"202400003376";"155775890";"B01";"1";"80";"9";"2";"1";"1";"3";""
"202400003376";"155775891";"A01";"1";"10";"9";"2";"7";"16";"1";""
"202400003377";"155775888";"A01";"1";"1";"10";"2";"5";"1";"5";""
"202400003377";"155775889";"B01";"2";"15";"0";"9";"6";"1";"1";""
"202400003378";"155775887";"A01";"1";"2";"0";"0";"0";"21";"1";""
"202400003379";"155775886";"A01";"1";"7";"6";"0";"2";"1";"1";""
"202400003380";"155775885";"A01";"2";"50";"14";"0";"1";"26";"3";""
"202400003381";"155775883";"A01";"1";"7";"1";"0";"4";"23";"1";""
"202400003381";"155775884";"B01";"1";"1";"1";"0";"1";"1";"5";""
"202400003382";"155775881";"A01";"1";"7";"0";"2";"7";"15";"2";""
"202400003382";"155775882";"B01";"2";"33";"0";"2";"7";"1";"1";""
"202400003383";"155775878";"A01";"3";"7";"0";"2";"7";"19";"1";""
"202400003383";"155775880";"B01";"2";"7";"0";"2";"1";"1";"1";""
"202400003384";"155775877";"A01";"1";"7";"0";"2";"1";"16";"1";""
"202400003384";"155775879";"B01";"1";"1";"0";"2";"0";"19";"5";""
"202400003385";"155775876";"A01";"3";"7";"8";"0";"1";"0";"1";""
"202400003386";"155775875";"A01";"3";"7";"0";"1";"1";"1";"2";""
"202400003387";"155775869";"B01";"1";"30";"0";"2";"2";"1";"1";""
"202400003387";"155775871";"A01";"1";"7";"0";"2";"3";"15";"1";""
"202400003388";"155775870";"B01";"3";"1";"0";"2";"8";"0";"5";""
"202400003388";"155775872";"A01";"3";"7";"0";"2";"1";"1";"1";""
"202400003389";"155775867";"A01";"2";"7";"13";"0";"9";"21";"1";""
"202400003390";"155775866";"B01";"3";"1";"0";"2";"0";"0";"5";""
"202400003390";"155775868";"A01";"3";"14";"15";"2";"7";"16";"6";""
"202400003391";"155775864";"A01";"3";"7";"15";"0";"6";"2";"1";""
"202400003392";"155775863";"A01";"0";"7";"0";"2";"3";"1";"1";""
"202400003392";"155775865";"B01";"0";"1";"0";"2";"8";"1";"5";""
"202400003393";"155775858";"C01";"1";"13";"0";"2";"1";"1";"1";""
"202400003393";"155775859";"A01";"1";"13";"0";"2";"1";"1";"1";""
"202400003393";"155775861";"B01";"1";"10";"0";"0";"6";"23";"1";""
"202400003394";"155775860";"B01";"1";"7";"0";"2";"1";"1";"1";""
"202400003394";"155775862";"A01";"1";"7";"0";"2";"8";"15";"1";""
"202400003395";"155775857";"A01";"0";"7";"0";"1";"1";"1";"1";""
"202400003396";"155775855";"A01";"1";"7";"0";"2";"3";"13";"1";""
"202400003396";"155775856";"B01";"2";"7";"0";"2";"6";"1";"1";""
"202400003397";"155775852";"A01";"2";"7";"0";"2";"6";"15";"1";""
"202400003397";"155775854";"B01";"2";"33";"0";"2";"1";"1";"1";""
"202400003398";"155775851";"A01";"2";"7";"0";"2";"1";"15";"1";""
"202400003398";"155775853";"B01";"1";"7";"6";"2";"1";"1";"1";""
"202400003399";"155775848";"B01";"3";"32";"0";"2";"1";"1";"1";""
"202400003399";"155775850";"A01";"3";"10";"0";"2";"2";"9";"1";""
"202400003400";"155775847";"A01";"1";"7";"0";"9";"2";"12";"1";""
"202400003400";"155775849";"B01";"1";"33";"0";"2";"3";"3";"1";""
"202400003401";"155775844";"B01";"2";"7";"0";"0";"5";"1";"1";""
"202400003401";"155775846";"A01";"2";"33";"13";"2";"1";"21";"1";""
"202400003402";"155775843";"A01";"3";"7";"0";"2";"6";"11";"0";""
"202400003402";"155775845";"B01";"3";"33";"0";"2";"2";"3";"0";""
"202400003403";"155775841";"B01";"2";"10";"0";"2";"3";"1";"1";""
"202400003403";"155775842";"A01";"1";"1";"0";"2";"3";"1";"5";""
"202400003404";"155775840";"A01";"1";"7";"14";"0";"1";"1";"1";""
"202400003405";"155775838";"A01";"0";"7";"0";"1";"1";"0";"0";""
"202400003406";"155775837";"A01";"1";"7";"0";"2";"3";"13";"1";""
"202400003406";"155775839";"B01";"2";"15";"0";"2";"3";"2";"1";""
"202400003407";"155775836";"A01";"1";"7";"0";"1";"1";"1";"0";""
"202400003408";"155775835";"A01";"0";"7";"2";"0";"1";"0";"1";""
"202400003409";"155775833";"A01";"2";"7";"0";"0";"0";"0";"1";""
"202400003409";"155775834";"B01";"0";"1";"0";"2";"1";"26";"5";""
"202400003410";"155775831";"A01";"3";"1";"0";"0";"4";"1";"5";""
"202400003410";"155775832";"B01";"3";"1";"0";"0";"1";"1";"5";""
"202400003411";"155775829";"B01";"1";"14";"0";"2";"7";"9";"1";""
"202400003411";"155775830";"Z01";"1";"50";"0";"2";"1";"0";"3";""
"202400003412";"155775827";"B01";"1";"10";"0";"2";"7";"0";"1";""
"202400003412";"155775828";"A01";"1";"1";"0";"2";"1";"0";"5";""
"202400003413";"155775826";"A01";"2";"7";"13";"0";"2";"1";"1";""
"202400003414";"155775823";"A01";"1";"33";"4";"0";"3";"13";"1";""
"202400003414";"155775825";"B01";"2";"7";"0";"9";"3";"1";"1";""
"202400003415";"155775822";"A01";"1";"2";"0";"2";"1";"19";"1";""
"202400003415";"155775824";"B01";"2";"7";"0";"0";"3";"1";"1";""
"202400003416";"155775819";"B01";"0";"20";"0";"2";"0";"19";"1";""
"202400003416";"155775821";"A01";"1";"7";"0";"2";"1";"1";"1";""
"202400003417";"155775818";"A01";"1";"7";"0";"9";"2";"2";"0";""
"202400003417";"155775820";"B01";"1";"1";"0";"2";"4";"2";"5";""
"202400003418";"155775816";"A01";"2";"7";"5";"0";"3";"21";"1";""
"202400003419";"155775815";"A01";"2";"10";"0";"2";"1";"1";"1";""
"202400003419";"155775817";"B01";"2";"7";"0";"2";"4";"1";"1";""
"202400003420";"155775813";"A01";"1";"33";"0";"0";"2";"6";"1";""
"202400003421";"155775812";"B01";"0";"34";"0";"2";"0";"11";"1";""
"202400003421";"155775814";"A01";"0";"7";"0";"2";"8";"1";"0";""
"202400003422";"155775809";"A01";"2";"13";"0";"2";"7";"2";"1";""
"202400003422";"155775811";"B01";"2";"1";"0";"2";"1";"2";"5";""
"202400003423";"155775807";"B01";"1";"80";"0";"0";"6";"1";"3";""
"202400003423";"155775808";"A01";"1";"7";"0";"9";"2";"1";"1";""
"202400003424";"155775806";"A01";"3";"2";"12";"0";"2";"1";"1";""
"202400003425";"155775805";"A01";"3";"33";"0";"0";"0";"25";"1";""
"202400003426";"155775802";"C01";"2";"7";"0";"2";"3";"1";"1";""
"202400003426";"155775803";"A01";"2";"13";"0";"0";"0";"21";"1";""
"202400003426";"155775804";"B01";"1";"21";"0";"2";"1";"21";"1";""
"202400003427";"155775800";"A01";"1";"99";"1";"0";"0";"0";"6";""
"202400003427";"155775801";"B01";"2";"7";"0";"0";"3";"23";"1";""
"202400003428";"155775798";"B01";"3";"2";"0";"2";"1";"13";"1";""
"202400003428";"155775799";"A01";"3";"7";"0";"2";"3";"21";"1";""
"202400003429";"155775797";"A01";"1";"7";"13";"0";"1";"15";"1";""
"202400003430";"155775794";"B01";"1";"7";"0";"2";"1";"1";"1";""
"202400003430";"155775796";"A01";"2";"7";"0";"2";"1";"13";"1";""
"202400003431";"155775793";"A01";"1";"7";"0";"0";"1";"26";"1";""
"202400003431";"155775795";"B01";"1";"7";"0";"0";"1";"26";"1";""
"202400003432";"155775792";"A01";"2";"10";"0";"1";"2";"1";"1";""
"202400003433";"155775791";"A01";"3";"2";"0";"0";"0";"0";"1";""
"202400003434";"155775788";"A01";"2";"7";"0";"2";"1";"11";"1";""
"202400003434";"155775789";"B01";"1";"7";"0";"2";"1";"1";"1";""
"202400003435";"155775786";"A01";"0";"7";"0";"2";"1";"2";"1";""
"202400003435";"155775787";"B01";"0";"7";"1";"2";"9";"23";"1";""
"202400003435";"155775790";"C01";"0";"7";"0";"2";"4";"23";"1";""
"202400003436";"155775781";"A01";"2";"7";"0";"2";"2";"15";"1";""
"202400003436";"155775782";"B01";"1";"33";"0";"2";"1";"1";"1";""
"202400003436";"155775784";"C01";"2";"7";"0";"0";"8";"23";"1";""
"202400003437";"155775779";"B01";"1";"1";"0";"2";"3";"1";"5";""
"202400003437";"155775780";"A01";"1";"7";"0";"9";"2";"2";"2";""
"202400003438";"155775778";"A01";"1";"21";"7";"0";"9";"1";"1";""
"202400003439";"155775777";"A01";"3";"30";"0";"0";"8";"1";"1";""
"202400003440";"155775774";"B01";"1";"7";"0";"2";"3";"1";"1";""
"202400003440";"155775776";"A01";"2";"7";"0";"2";"2";"15";"1";""
"202400003441";"155775773";"A01";"3";"7";"0";"2";"3";"1";"1";""
"202400003441";"155775775";"B01";"3";"1";"0";"2";"7";"16";"5";""
"202400003442";"155775772";"A01";"2";"7";"3";"0";"7";"0";"1";""
"202400003443";"155775771";"A01";"2";"34";"12";"0";"1";"14";"1";""
"202400003444";"155775770";"A01";"0";"7";"15";"0";"1";"1";"1";""
"202400003445";"155775767";"A01";"1";"7";"0";"2";"7";"15";"1";""
"202400003445";"155775768";"B01";"2";"30";"0";"2";"1";"1";"1";""
"202400003446";"155775764";"A01";"2";"7";"6";"0";"2";"1";"1";""
"202400003447";"155775763";"C01";"2";"7";"0";"2";"1";"1";"1";""
"202400003447";"155775765";"D01";"2";"7";"0";"2";"4";"23";"1";""
"202400003447";"155775766";"A01";"2";"7";"0";"2";"9";"23";"1";""
"202400003447";"155775769";"B01";"2";"7";"0";"2";"9";"23";"1";""
"202400003448";"155775760";"A01";"2";"31";"0";"2";"5";"3";"1";""
"202400003448";"155775762";"B01";"2";"7";"0";"2";"3";"11";"1";""
"202400003449";"155775757";"A01";"1";"7";"0";"2";"1";"15";"1";""
"202400003449";"155775759";"B01";"1";"7";"0";"2";"6";"15";"1";""
"202400003449";"155775761";"C01";"2";"7";"0";"2";"1";"1";"1";""
"202400003450";"155775754";"A01";"3";"3";"13";"0";"0";"2";"1";""
"202400003451";"155775752";"E01";"1";"10";"0";"2";"5";"21";"1";""
"202400003451";"155775753";"A01";"1";"10";"0";"0";"0";"26";"1";""
"202400003451";"155775755";"B01";"1";"7";"0";"2";"5";"2";"3";""
"202400003451";"155775756";"C01";"1";"7";"0";"2";"1";"1";"1";""
"202400003451";"155775758";"D01";"1";"14";"0";"2";"6";"2";"1";""
"202400003452";"155775750";"A01";"1";"7";"3";"0";"2";"0";"1";""
"202400003453";"155775749";"A01";"1";"7";"0";"0";"2";"1";"1";""
"202400003453";"155775751";"B01";"1";"7";"0";"0";"3";"1";"1";""
"202400003454";"155775746";"B01";"1";"2";"0";"2";"1";"1";"1";""
"202400003454";"155775747";"A01";"2";"7";"0";"2";"5";"15";"1";""
"202400003455";"155775744";"A01";"2";"31";"0";"2";"3";"3";"1";""
"202400003455";"155775745";"B01";"2";"10";"0";"2";"5";"2";"1";""
"202400003455";"155775748";"C01";"2";"10";"0";"2";"4";"1";"1";""
"202400003456";"155775743";"A01";"2";"7";"0";"1";"3";"1";"1";""
"202400003457";"155775740";"B01";"1";"80";"0";"0";"8";"19";"3";""
"202400003457";"155775741";"A01";"1";"13";"0";"9";"1";"1";"1";""
"202400003458";"155775737";"A01";"2";"2";"0";"2";"0";"17";"1";""
"202400003458";"155775738";"C01";"1";"7";"1";"2";"3";"1";"1";""
"202400003459";"155775734";"A01";"1";"7";"8";"2";"1";"13";"1";""
"202400003459";"155775735";"B01";"2";"14";"0";"2";"3";"1";"1";""
"202400003460";"155775732";"A01";"1";"1";"0";"0";"0";"26";"5";""
"202400003461";"155775731";"C01";"1";"7";"0";"2";"4";"1";"2";""
"202400003461";"155775733";"A01";"1";"7";"0";"2";"1";"1";"1";""
"202400003461";"155775736";"B01";"1";"7";"0";"2";"4";"1";"1";""
"202400003461";"155775739";"E01";"1";"7";"0";"2";"4";"1";"1";""
"202400003461";"155775742";"D01";"1";"7";"0";"2";"4";"1";"1";""
"202400003462";"155775729";"A01";"1";"38";"0";"2";"3";"13";"1";"1"
"202400003462";"155775730";"B01";"2";"7";"0";"2";"3";"1";"1";""
"202400003463";"155775727";"A01";"1";"14";"0";"2";"3";"2";"1";""
"202400003463";"155775728";"B01";"1";"7";"0";"2";"5";"0";"1";""
"202400003464";"155775726";"A01";"1";"7";"0";"0";"1";"26";"1";""
"202400003465";"155775724";"B01";"1";"7";"13";"2";"8";"1";"1";""
"202400003465";"155775725";"A01";"3";"7";"0";"2";"1";"1";"1";""
"202400003466";"155775721";"A01";"1";"7";"8";"1";"2";"1";"1";""
"202400003467";"155775719";"A01";"2";"10";"0";"6";"3";"1";"1";""
"202400003467";"155775720";"B01";"1";"7";"0";"6";"3";"1";"1";""
"202400003468";"155775718";"A01";"2";"7";"0";"1";"2";"2";"1";""
"202400003469";"155775716";"A01";"3";"7";"0";"2";"1";"9";"1";""
"202400003469";"155775717";"B01";"3";"7";"0";"0";"4";"1";"1";""
"202400003470";"155775712";"A01";"1";"10";"0";"2";"1";"2";"1";""
"202400003470";"155775713";"B01";"1";"7";"0";"2";"4";"2";"1";""
"202400003470";"155775714";"C01";"1";"7";"0";"2";"4";"2";"1";""
"202400003470";"155775715";"D01";"1";"7";"0";"2";"4";"2";"1";""
"202400003471";"155775710";"B01";"1";"17";"0";"2";"4";"1";"1";""
"202400003471";"155775711";"A01";"1";"10";"0";"2";"2";"2";"1";""
"202400003472";"155775708";"A01";"2";"7";"0";"2";"2";"1";"1";""
"202400003472";"155775709";"B01";"2";"7";"0";"2";"6";"1";"1";""
"202400003473";"155775704";"A01";"2";"7";"0";"2";"1";"2";"1";""
"202400003473";"155775705";"B01";"2";"7";"0";"0";"4";"2";"1";""
"202400003473";"155775706";"C01";"2";"7";"0";"2";"4";"2";"1";""
"202400003473";"155775707";"D01";"2";"7";"0";"2";"4";"0";"3";""
"202400003474";"155775701";"C01";"1";"7";"4";"2";"4";"2";"1";""
"202400003474";"155775702";"A01";"1";"10";"4";"2";"1";"2";"1";""
"202400003474";"155775703";"B01";"1";"7";"4";"2";"4";"2";"1";""
"202400003475";"155775699";"A01";"2";"7";"0";"2";"1";"2";"1";""
"202400003475";"155775700";"B01";"2";"7";"0";"2";"4";"2";"1";""
"202400003476";"155775698";"A01";"2";"33";"0";"9";"0";"3";"1";""
"202400003477";"155775695";"C01";"2";"7";"0";"2";"4";"2";"1";""
"202400003477";"155775696";"B01";"2";"7";"0";"2";"3";"2";"1";""
"202400003477";"155775697";"A01";"2";"7";"0";"2";"1";"2";"1";""
"202400003478";"155775693";"A01";"1";"33";"0";"2";"1";"1";"1";""
"202400003478";"155775694";"B01";"1";"7";"0";"2";"4";"1";"1";""
"202400003479";"155775691";"A01";"2";"33";"0";"2";"4";"11";"1";""
"202400003479";"155775692";"B01";"2";"33";"0";"2";"1";"3";"1";""
"202400003480";"155775689";"A01";"2";"7";"0";"2";"1";"1";"1";""
"202400003480";"155775690";"B01";"2";"10";"0";"2";"4";"1";"1";""
"202400003481";"155775688";"A01";"1";"50";"0";"1";"1";"2";"3";""
"202400003482";"155775686";"A01";"2";"7";"0";"2";"7";"12";"1";""
"202400003482";"155775687";"B01";"2";"33";"4";"2";"8";"1";"1";""
"202400003483";"155775684";"A01";"1";"2";"0";"2";"1";"1";"1";""
"202400003483";"155775685";"B01";"2";"7";"3";"2";"2";"5";"1";""
"202400003484";"155775683";"A01";"2";"7";"15";"0";"3";"0";"1";""
"202400003485";"155775681";"B01";"1";"7";"0";"2";"2";"15";"1";""
"202400003485";"155775682";"A01";"2";"2";"0";"2";"8";"21";"1";""
"202400003486";"155775679";"A01";"2";"33";"0";"2";"1";"17";"1";""
"202400003486";"155775680";"B01";"2";"7";"0";"9";"0";"0";"1";""
"202400003487";"155775676";"C01";"1";"1";"0";"2";"1";"1";"5";""
"202400003487";"155775677";"B01";"1";"1";"0";"2";"1";"1";"5";""
"202400003487";"155775678";"A01";"2";"7";"0";"2";"6";"15";"1";""
"202400003488";"155775674";"B01";"0";"30";"0";"0";"0";"0";"1";""
"202400003488";"155775675";"A01";"3";"7";"0";"2";"0";"0";"0";""
"202400003489";"155775672";"B01";"3";"1";"0";"2";"8";"19";"5";""
"202400003489";"155775673";"A01";"1";"7";"0";"2";"1";"2";"1";""
"202400003490";"155775671";"A01";"2";"1";"16";"0";"3";"1";"5";""
"202400003491";"155775669";"A01";"2";"33";"0";"0";"0";"21";"1";""
"202400003491";"155775670";"B01";"1";"7";"0";"0";"0";"13";"1";""
"202400003492";"155775668";"A01";"2";"7";"13";"0";"8";"1";"1";""
"202400003493";"155775666";"B01";"1";"33";"0";"2";"1";"21";"1";""
"202400003493";"155775667";"A01";"1";"7";"0";"0";"4";"15";"1";""
"202400003494";"155775665";"A01";"1";"7";"0";"1";"1";"1";"2";""
"202400003495";"155775663";"A01";"2";"7";"0";"2";"1";"1";"1";""
"202400003495";"155775664";"B01";"2";"33";"0";"0";"4";"23";"1";""
"202400003496";"155775662";"A01";"3";"7";"0";"1";"2";"1";"1";""
"202400003497";"155775661";"A01";"2";"7";"4";"0";"0";"1";"1";""
"202400003498";"155775659";"A01";"1";"7";"0";"2";"3";"1";"1";""
"202400003498";"155775660";"B01";"1";"50";"0";"0";"7";"1";"3";""
"202400003499";"155775657";"A01";"3";"7";"0";"2";"2";"1";"1";""
"202400003499";"155775658";"B01";"3";"1";"0";"2";"6";"11";"5";""
"202400003500";"155775655";"A01";"3";"7";"0";"2";"1";"12";"1";""
"202400003500";"155775656";"B01";"3";"31";"0";"2";"4";"23";"1";""
"202400003501";"155775654";"A01";"2";"31";"0";"1";"1";"17";"1";""
"202400003502";"155775653";"A01";"1";"31";"0";"1";"1";"1";"3";""
"202400003503";"155775651";"A01";"1";"2";"0";"0";"3";"1";"3";""
"202400003503";"155775652";"B01";"1";"10";"0";"0";"0";"12";"1";""
"202400003504";"155775649";"B01";"3";"10";"0";"2";"1";"1";"1";""
"202400003504";"155775650";"A01";"3";"32";"0";"2";"4";"1";"1";""
"202400003505";"155775647";"A01";"1";"7";"8";"2";"7";"1";"1";""
"202400003505";"155775648";"B01";"2";"7";"0";"2";"3";"1";"3";""
"202400003506";"155775645";"B01";"2";"1";"0";"2";"8";"25";"5";""
"202400003506";"155775646";"A01";"1";"7";"0";"2";"2";"16";"1";""
"202400003507";"155775644";"A01";"1";"7";"0";"1";"2";"1";"1";""
"202400003508";"155775642";"A01";"3";"33";"0";"2";"2";"0";"1";""
"202400003508";"155775643";"B01";"3";"1";"0";"2";"8";"0";"5";""
"202400003509";"155775640";"B01";"2";"7";"0";"2";"8";"20";"1";""
"202400003509";"155775641";"A01";"2";"37";"0";"1";"1";"21";"1";"1"
"202400003510";"155775639";"A01";"1";"7";"1";"1";"1";"16";"1";""
"202400003511";"155775638";"A01";"2";"7";"0";"1";"2";"1";"1";""
"202400003512";"155775635";"B01";"3";"7";"14";"0";"4";"23";"0";""
"202400003512";"155775636";"C01";"3";"7";"0";"0";"4";"23";"0";""
"202400003512";"155775637";"A01";"3";"10";"14";"0";"1";"1";"0";""
"202400003513";"155775634";"A01";"1";"1";"1";"0";"7";"14";"5";""
"202400003514";"155775633";"A01";"2";"30";"0";"1";"2";"1";"1";""
"202400003515";"155775631";"A01";"2";"7";"0";"0";"1";"1";"1";""
"202400003515";"155775632";"B01";"1";"50";"0";"0";"1";"15";"3";""
"202400003516";"155775629";"A01";"0";"43";"0";"2";"1";"2";"1";""
"202400003516";"155775630";"B01";"3";"7";"0";"2";"5";"16";"1";""
"202400003517";"155775628";"A01";"1";"31";"0";"0";"7";"16";"1";""
"202400003518";"155775626";"B01";"2";"33";"0";"2";"5";"17";"1";""
"202400003518";"155775627";"A01";"2";"7";"0";"2";"3";"15";"2";""
"202400003519";"155775625";"A01";"1";"32";"0";"1";"1";"1";"1";""
"202400003520";"155775623";"A01";"1";"10";"0";"2";"1";"1";"1";""
"202400003520";"155775624";"B01";"1";"7";"0";"2";"6";"15";"1";""
"202400003521";"155775621";"A01";"1";"7";"0";"2";"7";"10";"1";""
"202400003521";"155775622";"B01";"1";"33";"0";"2";"1";"1";"1";""
"202400003522";"155775620";"A01";"3";"7";"0";"1";"2";"9";"0";""
"202400003523";"155775618";"B01";"2";"7";"0";"2";"3";"23";"1";""
"202400003523";"155775619";"A01";"1";"33";"0";"2";"1";"0";"1";""
"202400003524";"155775617";"A01";"1";"7";"15";"0";"2";"1";"1";""
"202400003525";"155775615";"A01";"2";"7";"0";"2";"2";"22";"1";""
"202400003525";"155775616";"B01";"2";"1";"0";"2";"1";"1";"5";""
"202400003526";"155775614";"A01";"3";"10";"0";"1";"1";"15";"1";""
"202400003527";"155775612";"A01";"3";"2";"0";"2";"2";"1";"1";""
"202400003527";"155775613";"B01";"0";"7";"0";"2";"3";"1";"1";""
"202400003528";"155775610";"B01";"1";"7";"0";"2";"8";"0";"1";""
"202400003528";"155775611";"A01";"1";"7";"0";"2";"5";"0";"1";""
"202400003529";"155775608";"A01";"2";"7";"0";"2";"1";"2";"1";""
"202400003529";"155775609";"B01";"2";"33";"0";"2";"1";"2";"1";""
"202400003530";"155775605";"C01";"1";"7";"0";"2";"1";"23";"1";""
"202400003530";"155775606";"A01";"1";"7";"0";"2";"2";"15";"1";""
"202400003530";"155775607";"B01";"2";"7";"0";"2";"3";"1";"1";""
"202400003531";"155775602";"A01";"2";"7";"0";"2";"7";"14";"1";""
"202400003531";"155775603";"B01";"2";"7";"0";"2";"8";"1";"1";""
"202400003531";"155775604";"C01";"2";"7";"3";"0";"7";"21";"1";""
"202400003532";"155775600";"A01";"1";"7";"0";"2";"1";"1";"1";""
"202400003532";"155775601";"B01";"2";"7";"0";"2";"1";"1";"1";""
"202400003533";"155775598";"A01";"2";"7";"0";"2";"8";"19";"1";""
"202400003533";"155775599";"B01";"1";"15";"0";"2";"1";"1";"1";""
"202400003534";"155775597";"A01";"3";"7";"2";"0";"3";"1";"1";""
"202400003535";"155775596";"A01";"1";"36";"0";"0";"7";"0";"1";""
"202400003536";"155775593";"C01";"2";"7";"0";"2";"1";"1";"1";""
"202400003536";"155775594";"A01";"1";"7";"0";"2";"7";"19";"1";""
"202400003536";"155775595";"B01";"0";"7";"0";"2";"1";"23";"1";""
"202400003537";"155775592";"A01";"1";"7";"8";"0";"1";"1";"1";""
"202400003538";"155775589";"A01";"2";"7";"0";"0";"4";"2";"1";""
"202400003538";"155775590";"B01";"2";"33";"0";"2";"1";"2";"1";""
"202400003538";"155775591";"C01";"2";"33";"0";"2";"1";"2";"1";""
"202400003539";"155775588";"A01";"1";"1";"12";"0";"1";"1";"5";""
"202400003540";"155775586";"B01";"3";"50";"0";"2";"1";"1";"3";""
"202400003540";"155775587";"A01";"1";"7";"0";"2";"5";"1";"1";""
"202400003541";"155775584";"A01";"2";"7";"0";"9";"2";"2";"1";""
"202400003541";"155775585";"B01";"2";"1";"0";"2";"4";"2";"5";""
"202400003542";"155775582";"A01";"1";"33";"0";"2";"1";"1";"1";""
"202400003542";"155775583";"B01";"1";"7";"0";"2";"3";"15";"1";""
"202400003543";"155775580";"A01";"1";"7";"0";"2";"1";"0";"1";""
"202400003543";"155775581";"B01";"2";"7";"0";"2";"1";"0";"1";""
"202400003544";"155775578";"B01";"2";"33";"0";"2";"3";"2";"1";""
"202400003544";"155775579";"A01";"2";"1";"0";"2";"1";"17";"5";""
"202400003545";"155775576";"A01";"2";"33";"8";"2";"1";"13";"1";""
"202400003545";"155775577";"B01";"1";"7";"0";"9";"8";"15";"1";""
"202400003546";"155775573";"A01";"1";"7";"0";"2";"3";"13";"1";""
"202400003546";"155775574";"B01";"2";"7";"0";"2";"3";"1";"1";""