"Num_Acc";"id_vehicule";"num_veh";"senc";"catv";"obs";"obsm";"choc";"manv";"motor";"occutc"
"202400003950";"155774850";"A01";"1";"7";"4";"0";"1";"1";"1";""
"202400003951";"155774848";"A01";"2";"42";"0";"2";"1";"1";"1";""
"202400003951";"155774849";"B01";"2";"7";"0";"2";"5";"0";"1";""
"202400003952";"155774843";"A01";"1";"7";"0";"2";"1";"1";"1";""
"202400003952";"155774846";"B01";"1";"7";"0";"2";"4";"1";"2";""
"202400003953";"155774842";"A01";"1";"10";"0";"1";"1";"1";"1";""
"202400003954";"155774839";"B01";"2";"7";"0";"2";"5";"1";"1";""
"202400003954";"155774840";"A01";"2";"33";"0";"2";"1";"2";"1";""
"202400003954";"155774841";"C01";"2";"7";"0";"2";"3";"1";"2";""
"202400003955";"155774838";"A01";"2";"7";"8";"1";"1";"1";"1";""
"202400003956";"155774836";"A01";"1";"7";"0";"1";"2";"1";"2";""
"202400003957";"155774835";"B01";"1";"7";"3";"2";"4";"2";"1";""
"202400003957";"155774837";"A01";"1";"7";"0";"2";"1";"2";"1";""
"202400003958";"155774832";"A01";"2";"7";"0";"2";"1";"13";"1";""
"202400003958";"155774834";"B01";"1";"7";"0";"2";"1";"1";"2";""
"202400003959";"155774831";"A01";"1";"7";"1";"0";"1";"12";"1";""
"202400003959";"155774833";"B01";"1";"7";"0";"2";"4";"23";"1";""
"202400003960";"155774830";"A01";"3";"7";"0";"1";"1";"1";"1";""
"202400003961";"155774829";"A01";"1";"34";"0";"9";"2";"21";"1";""
"202400003962";"155774824";"A01";"3";"7";"0";"1";"1";"1";"1";""
"202400003963";"155774822";"F01";"2";"7";"0";"2";"4";"2";"1";""
"202400003963";"155774823";"A01";"2";"7";"0";"2";"1";"2";"1";""
"202400003963";"155774825";"B01";"2";"7";"1";"2";"1";"2";"1";""
"202400003963";"155774826";"C01";"2";"7";"0";"2";"4";"2";"1";""
"202400003963";"155774827";"D01";"2";"7";"0";"2";"4";"2";"1";""
"202400003963";"155774828";"E01";"2";"7";"0";"2";"4";"2";"1";""
"202400003964";"155774820";"A01";"1";"38";"0";"2";"3";"1";"1";"1"
"202400003964";"155774821";"B01";"2";"33";"0";"2";"3";"13";"1";""
"202400003965";"155774818";"A01";"1";"7";"0";"2";"4";"1";"1";""
"202400003965";"155774819";"B01";"1";"7";"0";"0";"0";"0";"1";""
"202400003966";"155774817";"A01";"2";"7";"4";"0";"9";"1";"1";""
"202400003967";"155774815";"B01";"1";"7";"0";"2";"4";"2";"1";""
"202400003967";"155774816";"A01";"1";"7";"0";"2";"1";"2";"1";""
"202400003968";"155774812";"A01";"1";"7";"0";"2";"2";"16";"1";""
"202400003968";"155774814";"B01";"1";"1";"0";"2";"1";"2";"5";""
"202400003969";"155774811";"A01";"1";"7";"0";"2";"1";"12";"1";""
"202400003969";"155774813";"B01";"1";"7";"0";"2";"7";"1";"1";""
"202400003970";"155774807";"B01";"1";"7";"0";"2";"6";"3";"1";""
"202400003970";"155774809";"A01";"1";"7";"0";"2";"1";"1";"1";""
"202400003971";"155774808";"B01";"1";"7";"0";"2";"6";"24";"2";""
"202400003971";"155774810";"A01";"1";"7";"0";"2";"2";"20";"1";""
"202400003972";"155774803";"A01";"2";"1";"0";"0";"4";"15";"5";""
"202400003972";"155774805";"B01";"2";"33";"0";"9";"1";"1";"0";""
"202400003973";"155774802";"B01";"1";"7";"0";"2";"4";"1";"1";""
"202400003973";"155774804";"A01";"1";"7";"0";"2";"1";"1";"2";""
"202400003973";"155774806";"C01";"1";"7";"0";"2";"4";"1";"1";""
"202400003974";"155774799";"B01";"1";"34";"0";"2";"1";"2";"1";""
"202400003974";"155774801";"A01";"1";"30";"14";"0";"4";"11";"1";""
"202400003975";"155774796";"A01";"2";"7";"0";"2";"1";"1";"1";""
"202400003975";"155774797";"D01";"2";"7";"0";"2";"4";"1";"1";""
"202400003975";"155774798";"B01";"2";"10";"0";"2";"9";"1";"1";""
"202400003975";"155774800";"C01";"2";"7";"0";"2";"9";"1";"1";""
"202400003976";"155774794";"A01";"1";"10";"12";"2";"2";"26";"2";""
"202400003976";"155774795";"B01";"1";"20";"12";"2";"1";"1";"1";""
"202400003977";"155774789";"D01";"2";"7";"0";"2";"4";"1";"1";""
"202400003977";"155774790";"A01";"2";"10";"0";"2";"3";"2";"1";""
"202400003977";"155774792";"B01";"2";"7";"0";"2";"9";"0";"1";""
"202400003977";"155774793";"C01";"2";"7";"0";"2";"9";"2";"1";""
"202400003978";"155774788";"A01";"3";"99";"0";"2";"3";"9";"0";""
"202400003978";"155774791";"B01";"3";"7";"0";"2";"3";"0";"1";""
"202400003979";"155774784";"A01";"2";"33";"0";"2";"2";"1";"1";""
"202400003979";"155774787";"B01";"2";"10";"0";"0";"0";"11";"0";""
"202400003980";"155774785";"A01";"0";"30";"0";"2";"1";"2";"1";""
"202400003980";"155774786";"B01";"0";"7";"0";"2";"3";"15";"1";""
"202400003981";"155774781";"B01";"1";"7";"0";"2";"5";"1";"1";""
"202400003981";"155774783";"A01";"1";"31";"7";"2";"1";"18";"1";""
"202400003982";"155774780";"A01";"1";"7";"0";"2";"2";"12";"1";""
"202400003982";"155774782";"B01";"1";"1";"0";"2";"8";"15";"5";""
"202400003983";"155774778";"B01";"2";"7";"0";"2";"6";"0";"2";""
"202400003983";"155774779";"A01";"2";"14";"0";"2";"2";"0";"1";""
"202400003984";"155774776";"A01";"2";"7";"0";"1";"1";"2";"1";""
"202400003985";"155774775";"B01";"2";"14";"0";"2";"1";"12";"1";""
"202400003985";"155774777";"A01";"2";"43";"0";"2";"4";"1";"1";""
"202400003986";"155774772";"A01";"1";"50";"0";"2";"1";"1";"3";""
"202400003986";"155774774";"B01";"1";"7";"0";"2";"2";"16";"1";""
"202400003987";"155774771";"B01";"1";"7";"0";"2";"4";"1";"1";""
"202400003987";"155774773";"A01";"1";"15";"0";"2";"1";"1";"1";""
"202400003988";"155774770";"Z01";"3";"30";"0";"1";"0";"0";"0";""
"202400003989";"155774768";"Z01";"1";"14";"0";"2";"0";"0";"1";""
"202400003989";"155774769";"A01";"1";"7";"0";"2";"7";"1";"1";""
"202400003990";"155774767";"A01";"3";"30";"14";"0";"0";"26";"1";""
"202400003991";"155774765";"A01";"1";"7";"0";"2";"1";"2";"1";""
"202400003991";"155774766";"B01";"1";"7";"0";"2";"4";"2";"1";""
"202400003992";"155774762";"B01";"1";"33";"0";"2";"8";"3";"1";""
"202400003992";"155774763";"A01";"1";"7";"0";"2";"7";"14";"1";""
"202400003993";"155774761";"A01";"1";"37";"0";"2";"6";"1";"1";"2"
"202400003993";"155774764";"B01";"1";"1";"0";"2";"7";"1";"5";""
"202400003994";"155774759";"A01";"1";"7";"0";"2";"5";"12";"1";""
"202400003994";"155774760";"B01";"1";"31";"0";"2";"3";"3";"1";""
"202400003995";"155774756";"A01";"1";"10";"0";"2";"1";"2";"1";""
"202400003995";"155774758";"B01";"1";"10";"0";"2";"4";"2";"1";""
"202400003996";"155774755";"A01";"1";"7";"0";"2";"1";"1";"1";""
"202400003996";"155774757";"B01";"1";"7";"0";"0";"6";"1";"1";""
"202400003997";"155774752";"B01";"1";"50";"1";"0";"1";"1";"3";""
"202400003997";"155774753";"A01";"2";"7";"0";"2";"3";"22";"1";""
"202400003998";"155774751";"B01";"3";"7";"0";"2";"0";"26";"1";""
"202400003998";"155774754";"A01";"3";"10";"0";"2";"0";"26";"1";""
"202400003999";"155774749";"A01";"1";"2";"0";"2";"1";"2";"1";""
"202400003999";"155774750";"B01";"1";"7";"0";"2";"5";"1";"1";""
"202400004000";"155774746";"A01";"1";"32";"0";"2";"1";"17";"1";""
"202400004000";"155774748";"B01";"1";"7";"0";"2";"3";"15";"1";""
"202400004001";"155774745";"A01";"1";"31";"15";"0";"7";"1";"1";""
"202400004002";"155774743";"B01";"1";"99";"0";"2";"3";"1";"0";""
"202400004002";"155774744";"A01";"1";"7";"0";"9";"3";"15";"6";""
"202400004003";"155774742";"A01";"1";"7";"0";"2";"0";"0";"1";""
"202400004003";"155774747";"B01";"1";"7";"0";"2";"0";"0";"1";""
"202400004004";"155774740";"B01";"1";"7";"0";"2";"8";"15";"1";""
"202400004004";"155774741";"A01";"1";"7";"0";"2";"2";"11";"1";""
"202400004005";"155774737";"B01";"1";"7";"0";"2";"3";"1";"0";""
"202400004005";"155774738";"A01";"1";"7";"0";"2";"3";"10";"0";""
"202400004006";"155774736";"A01";"1";"7";"0";"1";"1";"13";"2";""
"202400004007";"155774739";"A01";"2";"7";"0";"1";"3";"1";"1";""
"202400004008";"155774734";"A01";"2";"7";"0";"2";"2";"16";"1";""
"202400004008";"155774735";"B01";"2";"50";"0";"2";"1";"1";"3";""
"202400004009";"155774733";"A01";"1";"7";"0";"1";"1";"0";"0";""
"202400004010";"155774732";"A01";"2";"7";"0";"1";"1";"1";"1";""
"202400004011";"155774730";"B01";"1";"10";"0";"2";"1";"1";"0";""
"202400004011";"155774731";"A01";"2";"10";"0";"2";"2";"15";"1";""
"202400004012";"155774729";"A01";"2";"30";"0";"1";"1";"1";"3";""
"202400004013";"155774725";"A01";"0";"7";"0";"2";"1";"16";"1";""
"202400004013";"155774727";"B01";"0";"50";"0";"2";"1";"15";"3";""
"202400004014";"155774726";"B01";"0";"43";"0";"2";"0";"0";"1";""
"202400004014";"155774728";"A01";"3";"14";"0";"2";"6";"16";"1";""
"202400004015";"155774724";"A01";"2";"10";"0";"2";"1";"2";"1";""
"202400004016";"155774723";"A01";"1";"13";"16";"0";"9";"13";"1";""
"202400004017";"155774721";"A01";"2";"7";"0";"1";"1";"17";"1";""
"202400004018";"155774720";"A01";"1";"7";"1";"2";"4";"23";"1";""
"202400004018";"155774722";"B01";"1";"10";"1";"0";"1";"15";"1";""
"202400004019";"155774717";"B01";"1";"33";"0";"2";"5";"17";"1";""
"202400004019";"155774719";"A01";"1";"7";"0";"2";"3";"17";"1";""
"202400004020";"155774716";"A01";"2";"7";"0";"2";"3";"15";"1";""
"202400004020";"155774718";"B01";"2";"33";"0";"2";"1";"1";"1";""
"202400004021";"155774715";"A01";"3";"7";"0";"1";"1";"1";"1";""
"202400004022";"155774713";"A01";"1";"7";"0";"2";"3";"15";"1";""
"202400004022";"155774714";"B01";"2";"33";"0";"2";"1";"1";"1";""
"202400004023";"155774712";"A01";"3";"10";"0";"1";"0";"9";"1";""
"202400004024";"155774711";"A01";"3";"34";"0";"1";"1";"17";"1";""
"202400004025";"155774708";"A01";"3";"17";"0";"2";"2";"15";"1";""
"202400004025";"155774710";"B01";"3";"2";"0";"2";"9";"3";"1";""
"202400004026";"155774707";"B01";"1";"7";"0";"2";"4";"1";"1";""
"202400004026";"155774709";"A01";"1";"10";"0";"2";"1";"1";"1";""
"202400004027";"155774704";"A01";"2";"7";"0";"2";"1";"2";"1";""
"202400004027";"155774706";"B01";"2";"7";"0";"2";"0";"0";"1";""
"202400004028";"155774700";"C01";"2";"7";"0";"2";"3";"1";"1";""
"202400004028";"155774702";"D01";"2";"7";"0";"2";"2";"1";"1";""
"202400004028";"155774703";"B01";"1";"7";"0";"2";"2";"1";"1";""
"202400004028";"155774705";"A01";"1";"7";"0";"2";"1";"1";"1";""
"202400004029";"155774701";"A01";"1";"7";"5";"0";"9";"14";"1";""
"202400004030";"155774698";"A01";"3";"33";"0";"0";"8";"1";"1";""
"202400004031";"155774697";"B01";"1";"2";"0";"2";"4";"0";"1";""
"202400004031";"155774699";"A01";"1";"32";"0";"2";"1";"0";"1";""
"202400004032";"155774696";"A01";"0";"60";"0";"0";"0";"26";"5";""
"202400004033";"155774695";"A01";"1";"33";"4";"0";"9";"1";"1";""
"202400004034";"155774692";"B01";"1";"7";"0";"2";"7";"21";"1";""
"202400004034";"155774694";"A01";"2";"7";"0";"2";"2";"21";"1";""
"202400004035";"155774690";"A01";"1";"2";"0";"2";"9";"3";"1";""
"202400004035";"155774691";"C01";"1";"7";"0";"2";"6";"23";"1";""
"202400004035";"155774693";"B01";"1";"7";"0";"2";"2";"2";"1";""
"202400004036";"155774689";"A01";"0";"32";"0";"0";"8";"1";"1";""
"202400004037";"155774686";"B01";"2";"50";"0";"2";"1";"1";"3";""
"202400004037";"155774688";"A01";"1";"7";"0";"2";"2";"15";"1";""
"202400004038";"155774683";"A01";"3";"7";"0";"2";"3";"9";"0";""
"202400004038";"155774684";"B01";"3";"1";"0";"2";"1";"1";"5";""
"202400004039";"155774685";"A01";"2";"7";"0";"2";"2";"26";"0";""
"202400004039";"155774687";"B01";"2";"7";"0";"2";"6";"1";"2";""
"202400004040";"155774679";"A01";"1";"31";"0";"2";"1";"2";"1";""
"202400004040";"155774681";"B01";"1";"7";"0";"2";"4";"1";"1";""
"202400004041";"155774680";"B01";"3";"7";"0";"2";"6";"1";"1";""
"202400004041";"155774682";"Z01";"3";"7";"0";"2";"0";"1";"0";""
"202400004042";"155774677";"A01";"2";"2";"5";"0";"7";"1";"1";""
"202400004043";"155774676";"A01";"1";"2";"0";"2";"3";"1";"1";""
"202400004043";"155774678";"B01";"2";"7";"0";"2";"3";"1";"1";""
"202400004044";"155774673";"A01";"1";"13";"0";"1";"1";"26";"0";""
"202400004045";"155774674";"B01";"3";"7";"0";"9";"1";"1";"1";""
"202400004045";"155774675";"A01";"3";"50";"0";"2";"1";"26";"3";""
"202400004046";"155774670";"A01";"1";"10";"0";"2";"4";"23";"1";""
"202400004046";"155774672";"B01";"1";"10";"1";"0";"1";"1";"1";""
"202400004047";"155774669";"B01";"1";"7";"0";"2";"4";"1";"1";""
"202400004047";"155774671";"A01";"1";"7";"0";"2";"1";"1";"1";""
"202400004048";"155774668";"A01";"3";"7";"1";"0";"1";"1";"1";""
"202400004049";"155774666";"B01";"2";"7";"0";"2";"0";"0";"1";""
"202400004049";"155774667";"A01";"2";"50";"14";"0";"0";"0";"3";""
"202400004050";"155774665";"A01";"1";"43";"14";"0";"1";"3";"1";""
"202400004051";"155774664";"A01";"3";"7";"0";"0";"9";"26";"1";""
"202400004052";"155774661";"A01";"0";"7";"0";"2";"3";"16";"1";""
"202400004052";"155774663";"B01";"2";"2";"0";"2";"8";"1";"1";""
"202400004053";"155774660";"A01";"1";"7";"0";"2";"1";"13";"1";""
"202400004053";"155774662";"B01";"2";"38";"0";"2";"3";"21";"1";"1"
"202400004054";"155774657";"A01";"1";"7";"2";"1";"2";"14";"1";""
"202400004055";"155774656";"A01";"1";"7";"0";"1";"1";"1";"0";""
"202400004056";"155774658";"Z01";"0";"7";"0";"2";"8";"16";"1";""
"202400004056";"155774659";"B01";"0";"60";"0";"2";"1";"19";"5";""
"202400004057";"155774653";"A01";"2";"7";"1";"0";"2";"14";"1";""
"202400004058";"155774652";"A01";"2";"7";"0";"4";"7";"1";"1";""
"202400004058";"155774655";"B01";"3";"39";"0";"2";"1";"1";"3";""
"202400004059";"155774651";"A01";"2";"33";"0";"2";"1";"3";"1";""
"202400004059";"155774654";"B01";"2";"7";"0";"2";"6";"0";"1";""
"202400004060";"155774650";"A01";"3";"7";"0";"1";"1";"1";"1";""
"202400004061";"155774648";"A01";"1";"31";"1";"0";"8";"26";"1";""
"202400004062";"155774647";"A01";"1";"7";"0";"2";"1";"1";"1";""
"202400004062";"155774649";"B01";"3";"80";"0";"2";"7";"19";"3";""
"202400004063";"155774646";"A01";"1";"7";"2";"0";"9";"14";"1";""
"202400004064";"155774645";"A01";"3";"1";"0";"0";"1";"1";"5";""
"202400004065";"155774644";"A01";"3";"1";"1";"0";"1";"15";"5";""
"202400004066";"155774643";"A01";"3";"7";"1";"1";"1";"1";"1";""
"202400004067";"155774640";"B01";"3";"7";"0";"2";"5";"1";"1";""
"202400004067";"155774642";"A01";"3";"1";"0";"2";"1";"2";"5";""
"202400004068";"155774638";"A01";"3";"50";"0";"2";"1";"2";"3";""
"202400004068";"155774641";"Z01";"3";"7";"0";"2";"4";"1";"0";""
"202400004069";"155774637";"A01";"3";"10";"0";"2";"1";"2";"1";""
"202400004069";"155774639";"B01";"3";"7";"0";"2";"4";"1";"1";""
"202400004070";"155774635";"A01";"3";"2";"12";"0";"7";"15";"1";""
"202400004071";"155774634";"A01";"1";"2";"0";"2";"0";"5";"3";""
"202400004071";"155774636";"B01";"1";"10";"0";"2";"1";"1";"1";""
"202400004072";"155774632";"A01";"0";"7";"0";"2";"1";"13";"1";""
"202400004072";"155774633";"B01";"3";"31";"0";"2";"1";"1";"1";""
"202400004073";"155774631";"A01";"3";"50";"0";"0";"0";"1";"3";""
"202400004074";"155774629";"A01";"1";"10";"0";"2";"1";"1";"1";""
"202400004074";"155774630";"B01";"1";"7";"0";"2";"4";"1";"2";""
"202400004075";"155774627";"A01";"1";"50";"0";"0";"1";"1";"3";""
"202400004076";"155774626";"A01";"3";"7";"0";"2";"6";"16";"3";""
"202400004076";"155774628";"B01";"3";"33";"0";"2";"1";"1";"1";""
"202400004077";"155774625";"A01";"3";"7";"0";"1";"1";"0";"0";""
"202400004078";"155774624";"A01";"1";"30";"0";"0";"8";"15";"1";""
"202400004079";"155774623";"B01";"1";"37";"0";"1";"1";"15";"1";"1"
"202400004080";"155774621";"A01";"1";"7";"0";"2";"1";"2";"1";""
"202400004080";"155774622";"B01";"1";"7";"0";"2";"4";"2";"1";""
"202400004081";"155774618";"B01";"0";"7";"0";"2";"2";"23";"1";""
"202400004081";"155774620";"A01";"0";"50";"0";"2";"0";"25";"3";""
"202400004082";"155774616";"A01";"3";"7";"0";"2";"1";"21";"1";""
"202400004082";"155774619";"B01";"3";"7";"0";"2";"1";"1";"1";""
"202400004083";"155774615";"A01";"2";"33";"0";"2";"7";"17";"1";""
"202400004083";"155774617";"B01";"2";"36";"0";"2";"8";"17";"1";""
"202400004084";"155774614";"A01";"0";"7";"0";"1";"0";"1";"1";""
"202400004085";"155774613";"A01";"3";"31";"12";"0";"1";"15";"1";""
"202400004086";"155774610";"A01";"1";"33";"6";"2";"6";"2";"1";""
"202400004086";"155774611";"B01";"1";"33";"0";"2";"1";"2";"1";""
"202400004087";"155774609";"B01";"1";"10";"0";"2";"1";"1";"1";""
"202400004087";"155774612";"A01";"2";"7";"0";"2";"7";"1";"1";""
"202400004088";"155774607";"A01";"1";"7";"0";"2";"1";"13";"1";""
"202400004088";"155774608";"B01";"2";"7";"0";"2";"3";"1";"1";""
"202400004089";"155774606";"A01";"2";"7";"0";"1";"2";"9";"1";""
"202400004090";"155774602";"A01";"2";"7";"0";"1";"1";"1";"1";""
"202400004091";"155774603";"A01";"2";"7";"0";"2";"8";"15";"1";""
"202400004091";"155774605";"B01";"1";"50";"0";"2";"2";"1";"3";""
"202400004092";"155774601";"A01";"2";"33";"0";"1";"3";"7";"1";""
"202400004093";"155774600";"A01";"2";"7";"0";"1";"1";"2";"1";""
"202400004094";"155774599";"A01";"1";"33";"0";"1";"2";"1";"1";""
"202400004095";"155774595";"B01";"1";"1";"0";"2";"8";"19";"5";""
"202400004095";"155774597";"A01";"1";"7";"0";"9";"1";"1";"1";""
"202400004096";"155774593";"B01";"2";"7";"0";"2";"8";"15";"1";""
"202400004096";"155774596";"A01";"2";"33";"0";"2";"5";"17";"1";""
"202400004096";"155774598";"C01";"1";"7";"0";"2";"1";"1";"1";""
"202400004097";"155774592";"B01";"3";"31";"0";"2";"1";"1";"1";""
"202400004097";"155774594";"A01";"3";"7";"0";"2";"2";"15";"1";""
"202400004098";"155774589";"A01";"1";"10";"0";"2";"2";"16";"1";""
"202400004098";"155774591";"B01";"2";"1";"0";"2";"2";"1";"5";""
"202400004099";"155774587";"A01";"0";"30";"0";"2";"1";"26";"1";""
"202400004099";"155774590";"B01";"0";"10";"0";"2";"0";"1";"1";""
"202400004100";"155774585";"B01";"1";"1";"0";"2";"1";"1";"5";""
"202400004100";"155774588";"A01";"2";"7";"0";"2";"3";"15";"1";""
"202400004101";"155774584";"A01";"2";"7";"0";"2";"4";"1";"1";""
"202400004101";"155774586";"B01";"2";"7";"0";"2";"1";"1";"1";""
"202400004102";"155774583";"A01";"3";"1";"0";"0";"1";"1";"5";""
"202400004103";"155774580";"A01";"1";"1";"0";"9";"0";"0";"5";""
"202400004104";"155774579";"A01";"2";"50";"0";"2";"1";"1";"3";""
"202400004104";"155774582";"B01";"1";"7";"0";"2";"3";"1";"1";""
"202400004105";"155774578";"A01";"2";"7";"16";"0";"3";"15";"2";""
"202400004105";"155774581";"B01";"1";"33";"16";"0";"1";"2";"1";""
"202400004106";"155774575";"A01";"0";"7";"0";"1";"1";"1";"1";""
"202400004107";"155774574";"A01";"3";"7";"0";"2";"1";"1";"1";""
"202400004107";"155774576";"B01";"3";"7";"0";"2";"7";"1";"1";""
"202400004108";"155774573";"A01";"3";"7";"0";"2";"3";"13";"1";""
"202400004108";"155774577";"B01";"0";"33";"0";"2";"7";"17";"1";""
"202400004109";"155774572";"A01";"3";"7";"15";"1";"3";"1";"1";""
"202400004110";"155774570";"A01";"3";"30";"0";"0";"8";"15";"1";""
"202400004111";"155774569";"B01";"2";"7";"0";"2";"1";"1";"1";""
"202400004111";"155774571";"A01";"1";"32";"0";"2";"0";"13";"1";""
"202400004112";"155774568";"A01";"3";"10";"0";"1";"4";"26";"1";""
"202400004113";"155774567";"A01";"0";"10";"0";"1";"0";"1";"1";""
"202400004114";"155774566";"A01";"1";"7";"0";"1";"1";"15";"1";""
"202400004115";"155774563";"A01";"0";"7";"0";"1";"1";"0";"1";""
"202400004116";"155774564";"A01";"1";"33";"0";"2";"7";"26";"1";""
"202400004116";"155774565";"B01";"1";"7";"0";"2";"8";"0";"1";""
"202400004117";"155774562";"A01";"1";"7";"14";"0";"1";"1";"1";""
"202400004118";"155774560";"A01";"1";"7";"0";"1";"1";"26";"1";""
"202400004119";"155774558";"B01";"1";"7";"0";"2";"1";"1";"2";""
"202400004119";"155774561";"A01";"1";"30";"0";"2";"7";"13";"1";""
"202400004120";"155774556";"A01";"3";"7";"0";"1";"3";"1";"1";""
"202400004121";"155774557";"A01";"3";"7";"15";"2";"1";"19";"1";""
"202400004121";"155774559";"B01";"3";"7";"0";"2";"0";"0";"2";""
"202400004122";"155774553";"B01";"1";"7";"0";"2";"1";"9";"1";""
"202400004122";"155774554";"A01";"1";"50";"0";"2";"1";"5";"3";""
"202400004123";"155774548";"C01";"2";"7";"0";"2";"2";"1";"0";""
"202400004123";"155774550";"A01";"1";"10";"0";"2";"2";"0";"1";""
"202400004123";"155774551";"B01";"2";"7";"0";"2";"8";"1";"1";""
"202400004124";"155774547";"A01";"0";"7";"0";"1";"2";"21";"1";""
"202400004125";"155774545";"A01";"1";"7";"0";"2";"1";"1";"1";""
"202400004125";"155774549";"B01";"1";"7";"0";"2";"4";"1";"1";""
"202400004126";"155774544";"B01";"2";"7";"0";"2";"0";"0";"1";""
"202400004126";"155774546";"A01";"1";"7";"0";"0";"0";"0";"1";""
"202400004127";"155774543";"A01";"1";"50";"0";"1";"2";"1";"3";""
"202400004128";"155774540";"A01";"1";"10";"0";"1";"4";"25";"1";""
"202400004129";"155774539";"A01";"3";"31";"0";"2";"1";"0";"1";""
"202400004129";"155774541";"B01";"3";"7";"0";"2";"5";"2";"1";""
"202400004130";"155774538";"B01";"3";"7";"0";"2";"1";"0";"1";""
"202400004130";"155774542";"A01";"3";"7";"0";"2";"6";"0";"1";""
"202400004131";"155774537";"A01";"1";"7";"0";"1";"3";"1";"1";""
"202400004132";"155774535";"A01";"2";"30";"0";"2";"1";"1";"1";""
"202400004132";"155774536";"B01";"2";"7";"0";"2";"4";"2";"1";""
"202400004133";"155774533";"A01";"1";"7";"0";"1";"3";"13";"1";""
"202400004134";"155774531";"A01";"2";"7";"0";"2";"3";"15";"1";""
"202400004134";"155774534";"B01";"2";"2";"0";"2";"1";"17";"1";""
"202400004135";"155774530";"B01";"1";"13";"14";"0";"1";"0";"1";""
"202400004135";"155774532";"A01";"1";"32";"14";"0";"4";"0";"1";""
"202400004136";"155774529";"B01";"3";"7";"0";"0";"1";"19";"1";""
"202400004137";"155774526";"A01";"2";"17";"0";"2";"2";"1";"1";""
"202400004137";"155774528";"B01";"2";"7";"0";"2";"8";"9";"1";""
"202400004138";"155774525";"A01";"2";"7";"0";"1";"1";"1";"1";""
"202400004139";"155774524";"A01";"2";"10";"0";"2";"1";"5";"1";""
"202400004139";"155774527";"B01";"1";"7";"0";"2";"1";"1";"1";""
"202400004140";"155774523";"A01";"1";"33";"4";"0";"3";"13";"1";""
"202400004141";"155774522";"A01";"1";"7";"0";"1";"1";"1";"2";""
"202400004142";"155774520";"A01";"3";"7";"0";"9";"7";"15";"6";""
"202400004142";"155774521";"B01";"3";"50";"0";"2";"1";"1";"3";""
"202400004143";"155774519";"A01";"2";"31";"0";"0";"0";"1";"1";""
"202400004144";"155774517";"B01";"2";"50";"0";"2";"0";"0";"3";""
"202400004144";"155774518";"A01";"1";"7";"0";"2";"0";"10";"1";""
"202400004145";"155774516";"A01";"1";"7";"3";"0";"2";"1";"1";""
"202400004146";"155774513";"A01";"1";"1";"0";"2";"8";"15";"5";""
"202400004146";"155774515";"B01";"1";"32";"0";"2";"1";"17";"3";""
"202400004147";"155774511";"A01";"2";"33";"0";"2";"1";"17";"1";""
"202400004147";"155774514";"B01";"2";"10";"0";"2";"6";"11";"1";""
"202400004148";"155774510";"B01";"1";"7";"0";"2";"5";"23";"1";""
"202400004148";"155774512";"A01";"1";"30";"0";"2";"3";"2";"3";""
"202400004149";"155774508";"A01";"3";"10";"0";"1";"4";"4";"1";""
"202400004150";"155774506";"A01";"2";"7";"0";"2";"2";"15";"1";""
"202400004150";"155774509";"B01";"1";"31";"0";"2";"1";"1";"1";""
"202400004151";"155774505";"A01";"1";"33";"0";"2";"1";"1";"1";""
"202400004151";"155774507";"B01";"0";"7";"0";"2";"6";"2";"1";""
"202400004152";"155774504";"A01";"1";"7";"0";"1";"2";"1";"2";""
"202400004153";"155774501";"B01";"2";"7";"0";"2";"1";"1";"1";""
"202400004153";"155774503";"A01";"1";"7";"0";"2";"2";"1";"1";""
"202400004154";"155774500";"A01";"1";"7";"0";"2";"2";"15";"1";""
"202400004154";"155774502";"B01";"2";"2";"0";"2";"1";"1";"1";""
"202400004155";"155774499";"A01";"3";"1";"0";"0";"1";"1";"5";""
"202400004156";"155774497";"B01";"1";"17";"0";"2";"5";"11";"1";""
"202400004156";"155774498";"A01";"1";"7";"0";"2";"3";"12";"1";""
"202400004157";"155774495";"A01";"1";"1";"0";"2";"1";"1";"5";""
"202400004157";"155774496";"Z01";"1";"1";"0";"2";"0";"16";"5";""
"202400004158";"155774494";"A01";"3";"7";"0";"0";"1";"14";"1";""
"202400004159";"155774489";"A01";"3";"7";"0";"2";"8";"26";"1";""