"Num_Acc";"id_vehicule";"num_veh";"senc";"catv";"obs";"obsm";"choc";"manv";"motor";"occutc"
"202400004374";"155774124";"B01";"2";"7";"0";"2";"6";"1";"1";""
"202400004375";"155774119";"A01";"1";"33";"12";"0";"7";"1";"1";""
"202400004376";"155774117";"A01";"2";"7";"0";"2";"4";"0";"1";""
"202400004376";"155774118";"B01";"1";"7";"0";"2";"4";"2";"1";""
"202400004376";"155774120";"C01";"1";"7";"0";"2";"1";"2";"1";""
"202400004377";"155774115";"A01";"1";"13";"14";"0";"0";"1";"1";""
"202400004377";"155774116";"B01";"2";"1";"14";"0";"1";"1";"5";""
"202400004378";"155774114";"A01";"1";"7";"2";"0";"2";"0";"1";""
"202400004379";"155774113";"A01";"1";"33";"0";"0";"1";"14";"1";""
"202400004380";"155774112";"A01";"3";"21";"16";"0";"8";"1";"1";""
"202400004381";"155774111";"A01";"3";"2";"12";"0";"1";"0";"1";""
"202400004382";"155774109";"A01";"2";"7";"0";"2";"1";"14";"1";""
"202400004382";"155774110";"B01";"2";"7";"0";"2";"4";"0";"3";""
"202400004383";"155774108";"A01";"3";"7";"13";"0";"2";"1";"1";""
"202400004384";"155774106";"A01";"1";"34";"0";"2";"1";"13";"1";""
"202400004384";"155774107";"B01";"1";"7";"0";"2";"1";"1";"1";""
"202400004385";"155774105";"A01";"2";"7";"4";"0";"2";"1";"1";""
"202400004386";"155774103";"A01";"1";"7";"0";"1";"1";"1";"1";""
"202400004387";"155774102";"B01";"1";"10";"0";"2";"3";"1";"1";""
"202400004387";"155774104";"A01";"2";"7";"0";"2";"3";"13";"1";""
"202400004388";"155774100";"A01";"2";"7";"4";"2";"5";"2";"1";""
"202400004388";"155774101";"B01";"2";"33";"4";"2";"1";"2";"1";""
"202400004389";"155774098";"A01";"0";"10";"3";"0";"1";"1";"1";""
"202400004390";"155774097";"A01";"2";"7";"0";"2";"1";"15";"1";""
"202400004390";"155774099";"B01";"1";"33";"0";"2";"7";"1";"1";""
"202400004391";"155774095";"A01";"1";"7";"0";"2";"1";"1";"1";""
"202400004391";"155774096";"B01";"1";"7";"0";"2";"4";"1";"1";""
"202400004392";"155774094";"A01";"2";"7";"0";"0";"3";"1";"1";""
"202400004393";"155774090";"A01";"2";"7";"4";"0";"3";"1";"1";""
"202400004394";"155774089";"B01";"2";"7";"0";"2";"5";"12";"1";""
"202400004394";"155774091";"A01";"2";"33";"0";"2";"1";"3";"1";""
"202400004395";"155774088";"B01";"2";"1";"0";"0";"3";"2";"5";""
"202400004395";"155774092";"C01";"2";"1";"0";"0";"4";"2";"5";""
"202400004395";"155774093";"A01";"2";"7";"0";"9";"2";"1";"1";""
"202400004396";"155774085";"A01";"2";"7";"5";"0";"1";"2";"1";""
"202400004397";"155774084";"B01";"1";"7";"0";"2";"1";"1";"1";""
"202400004397";"155774086";"A01";"1";"7";"0";"1";"1";"1";"1";""
"202400004398";"155774083";"B01";"2";"10";"0";"2";"4";"1";"1";""
"202400004398";"155774087";"A01";"2";"10";"0";"2";"1";"2";"1";""
"202400004399";"155774080";"A01";"2";"7";"0";"2";"1";"5";"1";""
"202400004399";"155774082";"B01";"1";"14";"0";"2";"1";"1";"1";""
"202400004400";"155774079";"A01";"1";"33";"12";"0";"1";"14";"1";""
"202400004401";"155774078";"A01";"2";"7";"4";"2";"8";"0";"1";""
"202400004401";"155774081";"B01";"2";"15";"0";"2";"7";"12";"1";""
"202400004402";"155774076";"A01";"2";"2";"0";"1";"1";"17";"1";""
"202400004403";"155774073";"A01";"2";"7";"0";"2";"2";"15";"1";""
"202400004403";"155774075";"B01";"1";"99";"0";"2";"1";"1";"1";""
"202400004404";"155774070";"A01";"3";"2";"0";"0";"0";"1";"1";""
"202400004405";"155774069";"A01";"2";"7";"0";"2";"1";"2";"1";""
"202400004405";"155774071";"B01";"2";"7";"0";"2";"4";"2";"1";""
"202400004405";"155774074";"C01";"2";"7";"0";"2";"8";"2";"1";""
"202400004405";"155774077";"D01";"2";"7";"0";"2";"4";"2";"1";""
"202400004406";"155774068";"A01";"1";"7";"4";"2";"1";"0";"1";""
"202400004406";"155774072";"B01";"2";"7";"0";"2";"3";"1";"1";""
"202400004407";"155774065";"A01";"3";"7";"0";"1";"3";"1";"1";""
"202400004408";"155774064";"A01";"1";"7";"0";"2";"4";"2";"1";""
"202400004408";"155774066";"Z01";"1";"7";"0";"2";"0";"0";"0";""
"202400004409";"155774063";"A01";"1";"10";"0";"0";"4";"2";"1";""
"202400004409";"155774067";"B01";"1";"7";"0";"2";"1";"2";"1";""
"202400004410";"155774062";"A01";"1";"7";"2";"0";"1";"0";"2";""
"202400004411";"155774061";"A01";"2";"7";"4";"0";"1";"1";"1";""
"202400004412";"155774060";"A01";"1";"7";"0";"1";"3";"1";"1";""
"202400004413";"155774058";"A01";"1";"7";"6";"0";"2";"1";"1";""
"202400004414";"155774056";"A01";"1";"7";"12";"2";"2";"21";"2";""
"202400004414";"155774059";"B01";"1";"7";"0";"2";"4";"24";"1";""
"202400004415";"155774055";"A01";"0";"7";"0";"2";"1";"6";"1";""
"202400004415";"155774057";"B01";"0";"7";"0";"2";"1";"0";"1";""
"202400004416";"155774050";"A01";"1";"7";"0";"2";"3";"10";"1";""
"202400004416";"155774052";"B01";"1";"33";"0";"2";"1";"17";"1";""
"202400004417";"155774048";"B01";"3";"7";"0";"2";"2";"0";"0";""
"202400004417";"155774051";"A01";"3";"2";"0";"2";"6";"23";"1";""
"202400004417";"155774054";"C01";"3";"3";"0";"2";"6";"23";"1";""
"202400004418";"155774046";"A01";"2";"7";"0";"2";"4";"2";"1";""
"202400004418";"155774047";"C01";"2";"7";"0";"2";"4";"0";"0";""
"202400004418";"155774049";"B01";"2";"7";"0";"2";"1";"2";"3";""
"202400004418";"155774053";"D01";"2";"7";"0";"2";"4";"2";"1";""
"202400004419";"155774045";"A01";"2";"7";"0";"1";"3";"1";"1";""
"202400004420";"155774044";"A01";"2";"7";"2";"0";"3";"1";"1";""
"202400004421";"155774042";"A01";"2";"33";"10";"0";"1";"1";"1";""
"202400004422";"155774041";"A01";"1";"7";"0";"2";"1";"14";"1";""
"202400004422";"155774043";"B01";"1";"7";"0";"2";"4";"23";"1";""
"202400004423";"155774040";"A01";"3";"7";"0";"1";"2";"10";"2";""
"202400004424";"155774036";"A01";"1";"10";"0";"2";"4";"23";"1";""
"202400004424";"155774038";"B01";"1";"7";"1";"0";"2";"9";"1";""
"202400004425";"155774037";"A01";"1";"33";"0";"2";"1";"1";"1";""
"202400004425";"155774039";"B01";"1";"7";"0";"2";"1";"15";"1";""
"202400004426";"155774034";"A01";"3";"34";"0";"9";"1";"17";"1";""
"202400004426";"155774035";"B01";"3";"1";"0";"2";"7";"15";"5";""
"202400004427";"155774030";"B01";"2";"7";"0";"0";"5";"23";"1";""
"202400004427";"155774033";"A01";"2";"10";"1";"0";"2";"1";"1";""
"202400004428";"155774029";"A01";"2";"10";"0";"2";"1";"1";"1";""
"202400004428";"155774031";"B01";"2";"7";"0";"2";"4";"1";"2";""
"202400004429";"155774028";"A01";"2";"7";"0";"2";"4";"1";"1";""
"202400004429";"155774032";"B01";"2";"7";"0";"2";"1";"1";"2";""
"202400004430";"155774027";"A01";"2";"31";"12";"0";"8";"1";"1";""
"202400004431";"155774025";"A01";"2";"7";"0";"1";"2";"1";"1";""
"202400004432";"155774023";"B01";"2";"7";"0";"2";"3";"0";"1";""
"202400004432";"155774026";"A01";"1";"7";"0";"2";"2";"1";"1";""
"202400004433";"155774022";"A01";"1";"36";"9";"0";"1";"1";"1";""
"202400004434";"155774018";"B01";"1";"7";"0";"2";"6";"1";"1";""
"202400004434";"155774020";"A01";"1";"30";"0";"2";"4";"17";"1";""
"202400004435";"155774019";"A01";"2";"7";"0";"2";"1";"1";"1";""
"202400004435";"155774021";"B01";"2";"7";"0";"0";"9";"1";"1";""
"202400004435";"155774024";"C01";"2";"7";"0";"0";"0";"1";"6";""
"202400004436";"155774017";"A01";"2";"30";"13";"0";"0";"1";"1";""
"202400004437";"155774015";"A01";"2";"30";"0";"0";"0";"0";"1";""
"202400004438";"155774014";"B01";"1";"7";"0";"2";"7";"1";"2";""
"202400004438";"155774016";"Z01";"1";"7";"0";"2";"3";"3";"1";""
"202400004439";"155774012";"A01";"1";"34";"4";"0";"8";"26";"1";""
"202400004440";"155774011";"A01";"1";"0";"0";"2";"0";"11";"0";""
"202400004440";"155774013";"B01";"1";"7";"0";"2";"6";"1";"0";""
"202400004441";"155774009";"A01";"3";"7";"13";"0";"3";"1";"1";""
"202400004442";"155774008";"A01";"1";"7";"0";"2";"2";"16";"1";""
"202400004442";"155774010";"B01";"1";"2";"0";"2";"3";"16";"1";""
"202400004443";"155774004";"B01";"1";"32";"0";"2";"1";"1";"1";""
"202400004443";"155774006";"A01";"1";"7";"2";"2";"2";"9";"1";""
"202400004444";"155774005";"A01";"2";"10";"0";"0";"8";"15";"1";""
"202400004444";"155774007";"B01";"2";"7";"8";"2";"2";"17";"2";""
"202400004445";"155774003";"A01";"2";"33";"15";"0";"0";"17";"1";""
"202400004446";"155774000";"A01";"2";"7";"1";"0";"1";"14";"1";""
"202400004447";"155773999";"A01";"2";"7";"0";"2";"1";"5";"1";""
"202400004447";"155774001";"B01";"1";"7";"0";"2";"3";"1";"1";""
"202400004447";"155774002";"C01";"2";"7";"0";"9";"8";"1";"1";""
"202400004448";"155773998";"A01";"3";"7";"6";"0";"1";"26";"1";""
"202400004449";"155773996";"B01";"1";"7";"0";"2";"5";"19";"0";""
"202400004449";"155773997";"A01";"1";"33";"0";"2";"1";"1";"1";""
"202400004450";"155773995";"A01";"0";"7";"0";"1";"1";"15";"0";""
"202400004451";"155773994";"A01";"2";"31";"16";"0";"1";"0";"3";""
"202400004452";"155773992";"A01";"1";"7";"0";"2";"1";"1";"1";""
"202400004452";"155773993";"B01";"2";"7";"0";"2";"1";"1";"1";""
"202400004453";"155773988";"A01";"3";"7";"0";"2";"1";"13";"1";""
"202400004453";"155773989";"B01";"3";"7";"0";"2";"1";"1";"1";""
"202400004454";"155773990";"A01";"1";"7";"0";"9";"3";"19";"1";""
"202400004454";"155773991";"B01";"2";"1";"0";"2";"1";"1";"5";""
"202400004455";"155773986";"A01";"2";"7";"13";"0";"3";"13";"1";""
"202400004456";"155773985";"A01";"2";"32";"0";"2";"7";"1";"1";""
"202400004456";"155773987";"B01";"2";"7";"0";"2";"8";"1";"1";""
"202400004457";"155773984";"A01";"1";"7";"0";"0";"1";"14";"1";""
"202400004458";"155773982";"A01";"1";"7";"0";"1";"2";"24";"1";""
"202400004459";"155773981";"A01";"2";"31";"0";"0";"0";"2";"1";""
"202400004459";"155773983";"B01";"2";"7";"0";"2";"8";"2";"0";""
"202400004460";"155773979";"A01";"2";"7";"0";"0";"0";"1";"1";""
"202400004461";"155773978";"A01";"2";"7";"0";"2";"3";"26";"1";""
"202400004461";"155773980";"B01";"1";"7";"0";"2";"2";"15";"1";""
"202400004462";"155773976";"A01";"3";"7";"0";"1";"2";"1";"1";""
"202400004463";"155773975";"A01";"2";"13";"0";"9";"2";"1";"1";""
"202400004463";"155773977";"B01";"2";"1";"0";"2";"8";"19";"5";""
"202400004464";"155773972";"A01";"2";"7";"0";"2";"3";"13";"1";""
"202400004464";"155773974";"B01";"1";"7";"0";"2";"3";"1";"1";""
"202400004465";"155773971";"A01";"1";"7";"0";"2";"2";"1";"3";""
"202400004465";"155773973";"B01";"1";"2";"0";"2";"1";"25";"1";""
"202400004466";"155773967";"A01";"1";"7";"7";"0";"3";"1";"1";""
"202400004466";"155773969";"B01";"1";"7";"0";"2";"1";"6";"1";""
"202400004467";"155773968";"A01";"1";"7";"0";"2";"1";"2";"1";""
"202400004467";"155773970";"B01";"3";"10";"0";"1";"4";"18";"1";""
"202400004468";"155773964";"B01";"3";"60";"0";"2";"1";"9";"5";""
"202400004468";"155773966";"A01";"3";"7";"0";"2";"8";"9";" -1";""
"202400004469";"155773965";"A01";"2";"33";"0";"0";"1";"1";"1";""
"202400004470";"155773962";"A01";"3";"7";"2";"0";"8";"2";"1";""
"202400004471";"155773961";"A01";"1";"7";"0";"2";"7";"1";"3";""
"202400004471";"155773963";"B01";"1";"7";"0";"2";"7";"11";"1";""
"202400004472";"155773960";"A01";"1";"7";"3";"0";"3";"13";"1";""
"202400004473";"155773959";"A01";"1";"7";"0";"1";"1";"1";"1";""
"202400004474";"155773958";"A01";"0";"7";"0";"1";"2";"14";"2";""
"202400004475";"155773954";"B01";"1";"7";"0";"2";"4";"1";"1";""
"202400004475";"155773956";"A01";"1";"7";"0";"2";"1";"1";"1";""
"202400004476";"155773955";"B01";"1";"7";"0";"2";"3";"19";"1";""
"202400004476";"155773957";"A01";"1";"32";"0";"2";"1";"1";"1";""
"202400004477";"155773951";"A01";"3";"7";"0";"2";"3";"24";"1";""
"202400004477";"155773952";"B01";"3";"7";"0";"2";"7";"1";"1";""
"202400004478";"155773949";"A01";"1";"7";"6";"0";"1";"1";"1";""
"202400004479";"155773944";"E01";"2";"7";"0";"2";"4";"2";"1";""
"202400004479";"155773945";"D01";"2";"7";"0";"2";"4";"2";"1";""
"202400004479";"155773946";"A01";"2";"7";"0";"2";"1";"2";"1";""
"202400004479";"155773947";"B01";"2";"7";"0";"2";"4";"2";"1";""
"202400004479";"155773948";"C01";"2";"7";"0";"2";"4";"2";"1";""
"202400004480";"155773943";"A01";"2";"32";"0";"1";"1";"19";"1";""
"202400004481";"155773942";"C01";"2";"38";"0";"2";"3";"2";"1";"28"
"202400004481";"155773950";"B01";"2";"38";"0";"2";"4";"2";"0";"7"
"202400004481";"155773953";"A01";"2";"15";"0";"2";"6";"2";"1";""
"202400004482";"155773940";"B01";"2";"15";"0";"2";"4";"2";"1";""
"202400004482";"155773941";"A01";"2";"7";"0";"2";"1";"2";"2";""
"202400004483";"155773939";"A01";"2";"7";"8";"0";"1";"1";"1";""
"202400004484";"155773936";"A01";"1";"33";"0";"2";"1";"1";"1";""
"202400004484";"155773937";"B01";"1";"10";"0";"2";"2";"15";"1";""
"202400004485";"155773935";"B01";"0";"7";"0";"2";"8";"5";"1";""
"202400004485";"155773938";"A01";"0";"32";"0";"2";"8";"9";"1";""
"202400004486";"155773931";"A01";"1";"7";"0";"2";"8";"9";"1";""
"202400004486";"155773933";"B01";"3";"10";"0";"2";"3";"1";"1";""
"202400004487";"155773930";"A01";"2";"7";"0";"2";"1";"2";"1";""
"202400004487";"155773932";"B01";"2";"7";"0";"2";"4";"2";"1";""
"202400004487";"155773934";"C01";"2";"7";"0";"2";"4";"2";"1";""
"202400004488";"155773928";"A01";"2";"7";"0";"2";"1";"2";"1";""
"202400004488";"155773929";"B01";"2";"7";"0";"2";"4";"1";"2";""
"202400004489";"155773926";"A01";"2";"7";"0";"2";"8";"9";"1";""
"202400004489";"155773927";"B01";"2";"7";"0";"2";"7";"1";"1";""
"202400004490";"155773924";"A01";"2";"7";"0";"0";"0";"1";"1";""
"202400004491";"155773923";"A01";"2";"7";"0";"2";"2";"19";"1";""
"202400004491";"155773925";"B01";"2";"2";"0";"2";"1";"1";"1";""
"202400004492";"155773920";"B01";"3";"7";"0";"2";"3";"15";"1";""
"202400004492";"155773922";"A01";"3";"7";"0";"2";"1";"16";"1";""
"202400004493";"155773919";"B01";"2";"7";"0";"9";"2";"16";"1";""
"202400004493";"155773921";"A01";"2";"50";"0";"2";"3";"5";"3";""
"202400004494";"155773917";"B01";"1";"7";"0";"2";"3";"1";"1";""
"202400004494";"155773918";"A01";"1";"7";"0";"2";"1";"15";"3";""
"202400004495";"155773915";"A01";"1";"14";"0";"2";"4";"26";"1";""
"202400004495";"155773916";"B01";"1";"7";"0";"9";"4";"0";"1";""
"202400004496";"155773913";"B01";"3";"7";"0";"2";"1";"1";"0";""
"202400004496";"155773914";"A01";"2";"7";"0";"2";"3";"16";"1";""
"202400004497";"155773911";"Z01";"1";"7";"0";"2";"1";"26";"1";""
"202400004497";"155773912";"A01";"1";"50";"14";"0";"4";"1";"3";""
"202400004498";"155773909";"A01";"1";"7";"0";"2";"1";"2";"1";""
"202400004498";"155773910";"B01";"1";"7";"0";"2";"4";"2";"1";""
"202400004499";"155773907";"A01";"2";"7";"4";"2";"3";"0";"1";""
"202400004499";"155773908";"B01";"2";"33";"4";"2";"3";"2";"1";""
"202400004500";"155773905";"A01";"3";"7";"0";"2";"1";"1";"1";""
"202400004500";"155773906";"B01";"3";"30";"0";"2";"4";"1";"1";""
"202400004501";"155773902";"A01";"1";"7";"0";"2";"1";"1";"1";""
"202400004501";"155773903";"B01";"1";"7";"0";"2";"4";"1";"1";""
"202400004501";"155773904";"C01";"1";"7";"0";"2";"4";"1";"2";""
"202400004502";"155773901";"A01";"1";"30";"0";"1";"1";"17";"1";""
"202400004503";"155773900";"A01";"2";"7";"0";"1";"2";"1";"1";""
"202400004504";"155773898";"A01";"2";"7";"0";"2";"1";"2";"1";""
"202400004504";"155773899";"B01";"2";"7";"0";"2";"4";"23";"2";""
"202400004505";"155773895";"B01";"1";"7";"3";"0";"6";"1";"1";""
"202400004505";"155773897";"A01";"1";"7";"16";"2";"2";"14";"1";""
"202400004506";"155773894";"B01";"3";"31";"0";"2";"1";"1";"1";""
"202400004506";"155773896";"A01";"3";"7";"0";"2";"6";"26";"1";""
"202400004507";"155773893";"A01";"1";"7";"0";"1";"1";"15";"2";""
"202400004508";"155773891";"B01";"1";"7";"0";"2";"7";"1";"1";""
"202400004508";"155773892";"A01";"1";"7";"0";"2";"8";"1";"1";""
"202400004509";"155773888";"B01";"1";"7";"0";"2";"1";"26";"1";""
"202400004509";"155773890";"A01";"2";"10";"0";"2";"1";"9";"1";""
"202400004510";"155773887";"A01";"1";"34";"0";"2";"1";"1";"1";""
"202400004510";"155773889";"B01";"1";"33";"0";"2";"4";"2";"1";""
"202400004511";"155773884";"A01";"1";"7";"0";"2";"1";"2";"1";""
"202400004511";"155773885";"B01";"1";"7";"0";"2";"4";"23";"1";""
"202400004512";"155773883";"A01";"1";"7";"0";"2";"1";"15";"1";""
"202400004512";"155773886";"B01";"2";"50";"0";"2";"1";"16";"3";""
"202400004513";"155773881";"A01";"1";"2";"3";"0";"1";"21";"1";""
"202400004514";"155773880";"A01";"3";"30";"0";"2";"1";"16";"0";""
"202400004514";"155773882";"B01";"0";"7";"0";"2";"3";"15";"0";""
"202400004515";"155773878";"A01";"2";"37";"0";"1";"7";"9";"0";"1"
"202400004516";"155773877";"A01";"2";"7";"0";"2";"1";"26";"1";""
"202400004516";"155773879";"B01";"2";"7";"0";"2";"4";"1";"1";""
"202400004517";"155773874";"B01";"1";"7";"0";"2";"3";"0";"1";""
"202400004517";"155773876";"A01";"1";"33";"0";"2";"2";"13";"1";""
"202400004518";"155773875";"A01";"2";"33";"0";"1";"8";"21";"1";""
"202400004519";"155773871";"B01";"0";"7";"0";"2";"1";"26";"1";""
"202400004519";"155773873";"A01";"1";"7";"7";"0";"6";"19";"1";""
"202400004520";"155773870";"B01";"0";"10";"0";"2";"4";"1";"1";""
"202400004520";"155773872";"A01";"0";"7";"0";"2";"1";"1";"1";""
"202400004521";"155773866";"A01";"2";"10";"0";"2";"1";"1";"1";""
"202400004521";"155773869";"B01";"1";"7";"0";"2";"8";"19";"1";""
"202400004522";"155773867";"B01";"0";"50";"0";"0";"0";"0";"3";""
"202400004522";"155773868";"A01";"3";"7";"0";"2";"1";"1";"3";""
"202400004523";"155773864";"A01";"3";"10";"0";"2";"8";"15";"1";""
"202400004523";"155773865";"B01";"3";"33";"0";"2";"1";"0";"1";""
"202400004524";"155773861";"A01";"3";"7";"0";"2";"2";"16";"1";""
"202400004524";"155773862";"B01";"3";"2";"0";"2";"3";"16";"1";""
"202400004525";"155773860";"A01";"1";"7";"0";"2";"3";"16";"1";""
"202400004525";"155773863";"B01";"2";"7";"0";"2";"1";"1";"1";""
"202400004526";"155773858";"A01";"1";"7";"0";"2";"3";"11";"1";""
"202400004526";"155773859";"B01";"1";"32";"0";"2";"1";"2";"1";""
"202400004527";"155773856";"B01";"2";"7";"0";"2";"8";"10";"1";""
"202400004527";"155773857";"A01";"1";"33";"12";"2";"1";"1";"1";""
"202400004528";"155773854";"A01";"1";"7";"0";"2";"2";"12";"1";""
"202400004528";"155773855";"B01";"1";"31";"0";"2";"6";"3";"1";""
"202400004529";"155773851";"A01";"3";"7";"0";"9";"1";"0";"2";""
"202400004529";"155773853";"B01";"0";"1";"0";"2";"3";"26";"5";""
"202400004530";"155773848";"A01";"1";"7";"0";"2";"1";"2";"1";""
"202400004530";"155773849";"D01";"1";"7";"0";"2";"4";"2";"1";""
"202400004530";"155773850";"B01";"1";"7";"0";"2";"4";"2";"1";""
"202400004530";"155773852";"C01";"1";"7";"0";"2";"4";"2";"2";""
"202400004531";"155773844";"A01";"1";"43";"0";"2";"7";"1";"1";""
"202400004531";"155773845";"Z01";"1";"10";"0";"2";"0";"11";"0";""
"202400004532";"155773846";"B01";"3";"7";"0";"2";"6";"15";"1";""
"202400004532";"155773847";"A01";"3";"33";"14";"0";"0";"17";"0";""
"202400004533";"155773842";"A01";"2";"7";"0";"1";"2";"15";"1";""
"202400004534";"155773841";"B01";"3";"7";"0";"2";"2";"15";"1";""
"202400004534";"155773843";"A01";"3";"7";"0";"2";"1";"1";"1";""
"202400004535";"155773840";"A01";"1";"1";"12";"0";"1";"1";"5";""
"202400004536";"155773839";"A01";"2";"7";"0";"1";"0";"1";"1";""
"202400004537";"155773838";"A01";"2";"7";"0";"1";"4";"20";"3";""
"202400004538";"155773835";"A01";"2";"1";"0";"2";"2";"26";"5";""
"202400004538";"155773836";"B01";"3";"1";"0";"2";"0";"19";"5";""
"202400004539";"155773834";"B01";"2";"7";"0";"2";"6";"1";"1";""
"202400004539";"155773837";"A01";"1";"50";"0";"2";"1";"1";"3";""
"202400004540";"155773832";"A01";"2";"1";"0";"2";"4";"1";"5";""
"202400004540";"155773833";"B01";"2";"33";"0";"2";"1";"1";"1";""
"202400004541";"155773831";"A01";"3";"37";"9";"0";"2";"1";"1";"3"
"202400004542";"155773830";"A01";"1";"7";"0";"1";"5";"20";"1";""
"202400004543";"155773829";"A01";"1";"7";"9";"0";"1";"13";"1";""
"202400004544";"155773827";"B01";"2";"1";"0";"2";"7";"1";"5";""
"202400004544";"155773828";"A01";"1";"7";"0";"2";"1";"1";"1";""
"202400004545";"155773826";"A01";"2";"10";"0";"1";"0";"19";"1";""
"202400004546";"155773823";"B01";"1";"2";"0";"2";"1";"1";"1";""
"202400004546";"155773825";"A01";"2";"7";"0";"9";"5";"15";"1";""
"202400004547";"155773822";"A01";"2";"7";"0";"2";"2";"10";"1";""
"202400004547";"155773824";"B01";"2";"7";"0";"2";"0";"0";"1";""
"202400004548";"155773821";"A01";"1";"7";"1";"0";"1";"1";"1";""
"202400004549";"155773819";"B01";"2";"80";"0";"2";"4";"0";"3";""
"202400004549";"155773820";"A01";"2";"7";"0";"9";"1";"9";"1";""
"202400004550";"155773818";"A01";"0";"7";"2";"0";"7";"26";"1";""
"202400004551";"155773816";"B01";"2";"43";"0";"2";"1";"1";"1";""
"202400004551";"155773817";"A01";"1";"7";"0";"2";"7";"15";"1";""
"202400004552";"155773814";"A01";"2";"7";"0";"2";"1";"23";"1";""
"202400004552";"155773815";"B01";"2";"7";"0";"9";"4";"23";"1";""
"202400004553";"155773812";"A01";"1";"7";"0";"2";"1";"12";"2";""
"202400004553";"155773813";"B01";"1";"33";"0";"2";"4";"23";"1";""
"202400004554";"155773809";"A01";"2";"7";"1";"0";"4";"1";"1";""
"202400004554";"155773810";"B01";"2";"37";"0";"0";"4";"1";"1";"1"
"202400004555";"155773811";"A01";"1";"7";"0";"1";"3";"15";"1";""
"202400004556";"155773808";"A01";"0";"7";"0";"1";"1";"1";"1";""
"202400004557";"155773806";"A01";"2";"30";"0";"2";"3";"10";"1";""
"202400004557";"155773807";"B01";"1";"7";"0";"2";"2";"1";"1";""
"202400004558";"155773805";"A01";"1";"7";"0";"1";"1";"2";"1";""
"202400004559";"155773804";"A01";"1";"2";"9";"0";"1";"1";"1";""
"202400004560";"155773802";"A01";"2";"7";"5";"0";"1";"14";"1";""
"202400004561";"155773800";"T01";"1";"7";"0";"0";"0";"0";"3";""
"202400004561";"155773801";"A01";"1";"7";"0";"2";"3";"1";"1";""
"202400004561";"155773803";"B01";"2";"7";"0";"2";"3";"1";"2";""
"202400004562";"155773799";"A01";"1";"7";"8";"0";"1";"1";"1";""
"202400004563";"155773795";"A01";"3";"7";"0";"2";"3";"1";"1";""
"202400004563";"155773797";"B01";"3";"7";"0";"2";"5";"1";"1";""
"202400004563";"155773798";"C01";"3";"7";"0";"2";"4";"1";"1";""
"202400004564";"155773794";"A01";"1";"30";"0";"2";"1";"0";"1";""
"202400004564";"155773796";"B01";"1";"7";"0";"2";"4";"23";"3";""
"202400004565";"155773792";"A01";"1";"7";"0";"2";"3";"1";"0";""
"202400004565";"155773793";"B01";"1";"7";"0";"2";"2";"19";"1";""
"202400004566";"155773789";"A01";"2";"7";"0";"2";"7";"18";"1";""
"202400004566";"155773790";"B01";"2";"1";"0";"2";"1";"1";"5";""
"202400004566";"155773791";"C01";"2";"1";"0";"2";"1";"1";"5";""
"202400004567";"155773788";"A01";"1";"34";"0";"0";"7";"26";"1";""
"202400004568";"155773786";"B01";"2";"7";"0";"2";"4";"1";"1";""
"202400004568";"155773787";"A01";"1";"7";"0";"2";"1";"5";"1";""
"202400004569";"155773784";"B01";"2";"1";"0";"2";"6";"2";"5";""
"202400004569";"155773785";"A01";"2";"7";"0";"9";"2";"1";"1";""
"202400004570";"155773783";"A01";"1";"2";"0";"0";"2";"0";"1";""
"202400004571";"155773780";"A01";"1";"7";"0";"2";"7";"15";"1";""
"202400004571";"155773781";"B01";"2";"42";"0";"2";"1";"1";"1";""
"202400004572";"155773778";"A01";"3";"41";"0";"0";"1";"20";"1";""
"202400004573";"155773779";"A01";"3";"7";"0";"2";"2";"15";"1";""
"202400004573";"155773782";"B01";"3";"33";"0";"2";"1";"1";"1";""
"202400004574";"155773777";"A01";"3";"50";"12";"0";"1";"0";"3";""
"202400004575";"155773776";"A01";"2";"7";"2";"0";"1";"0";"1";""
"202400004576";"155773774";"A01";"2";"31";"0";"2";"1";"0";"1";""
"202400004576";"155773775";"B01";"2";"7";"0";"9";"8";"0";"1";""
"202400004577";"155773771";"A01";"1";"7";"8";"0";"2";"14";"1";""
"202400004578";"155773767";"A01";"3";"7";"0";"2";"8";"0";"2";""
"202400004578";"155773769";"B01";"1";"34";"0";"2";"1";"0";"1";""
"202400004579";"155773766";"C01";"1";"7";"12";"0";"3";"1";"1";""