"Num_Acc";"id_vehicule";"num_veh";"senc";"catv";"obs";"obsm";"choc";"manv";"motor";"occutc"
"202400004579";"155773768";"D01";"1";"7";"0";"0";"4";"1";"2";""
"202400004579";"155773770";"B01";"1";"7";"0";"0";"8";"1";"1";""
"202400004579";"155773772";"E01";"1";"7";"0";"2";"1";"1";"1";""
"202400004579";"155773773";"A01";"1";"7";"0";"2";"1";"1";"1";""
"202400004580";"155773764";"A01";"3";"7";"0";"2";"3";"15";"1";""
"202400004580";"155773765";"B01";"3";"50";"0";"2";"1";"1";"3";""
"202400004581";"155773763";"A01";"2";"7";"4";"0";"1";"1";"1";""
"202400004582";"155773761";"A01";"1";"7";"0";"2";"3";"9";"1";""
"202400004582";"155773762";"B01";"2";"50";"0";"2";"1";"1";"3";""
"202400004583";"155773759";"A01";"2";"33";"0";"2";"1";"17";"1";""
"202400004583";"155773760";"B01";"1";"14";"0";"2";"3";"1";"1";""
"202400004584";"155773757";"Z01";"3";"1";"0";"2";"0";"16";"5";""
"202400004584";"155773758";"A01";"3";"7";"0";"2";"0";"12";"1";""
"202400004585";"155773756";"A01";"3";"7";"0";"1";"2";"16";"1";""
"202400004586";"155773753";"B01";"2";"1";"0";"2";"7";"1";"5";""
"202400004586";"155773755";"A01";"1";"10";"0";"2";"1";"9";"1";""
"202400004587";"155773754";"A01";"2";"7";"0";"0";"2";"1";"1";""
"202400004588";"155773751";"A01";"1";"1";"0";"2";"1";"2";"5";""
"202400004588";"155773752";"B01";"1";"10";"0";"2";"4";"2";"1";""
"202400004589";"155773748";"C01";"1";"7";"0";"2";"8";"2";"1";""
"202400004589";"155773749";"A01";"3";"7";"0";"2";"1";"2";"1";""
"202400004589";"155773750";"B01";"1";"7";"0";"2";"4";"2";"1";""
"202400004590";"155773746";"A01";"3";"7";"0";"2";"2";"19";"1";""
"202400004590";"155773747";"B01";"1";"10";"0";"2";"3";"1";"1";""
"202400004591";"155773745";"A01";"3";"7";"0";"1";"1";"15";"1";""
"202400004592";"155773743";"A01";"1";"33";"0";"0";"1";"26";"6";""
"202400004592";"155773744";"B01";"1";"33";"0";"0";"4";"2";"1";""
"202400004593";"155773741";"A01";"2";"7";"9";"2";"8";"9";"0";""
"202400004593";"155773742";"B01";"1";"33";"9";"2";"1";"9";"1";""
"202400004594";"155773739";"B01";"1";"7";"0";"2";"7";"0";"1";""
"202400004594";"155773740";"A01";"1";"7";"0";"2";"1";"8";"2";""
"202400004595";"155773737";"B01";"1";"7";"0";"2";"8";"15";"1";""
"202400004595";"155773738";"A01";"1";"33";"8";"2";"1";"17";"1";""
"202400004596";"155773735";"A01";"1";"32";"0";"2";"1";"3";"1";""
"202400004596";"155773736";"B01";"1";"7";"0";"2";"4";"2";"1";""
"202400004597";"155773734";"Z01";"1";"50";"0";"1";"1";"5";"3";""
"202400004598";"155773732";"B01";"1";"34";"0";"2";"8";"1";"1";""
"202400004598";"155773733";"A01";"3";"7";"0";"2";"1";"5";"1";""
"202400004599";"155773730";"B01";"2";"1";"1";"0";"1";"2";"5";""
"202400004599";"155773731";"A01";"1";"7";"0";"2";"5";"22";"2";""
"202400004600";"155773729";"A01";"2";"50";"0";"1";"1";"1";"3";""
"202400004601";"155773727";"A01";"2";"1";"0";"2";"8";"13";"5";""
"202400004601";"155773728";"B01";"1";"7";"0";"2";"8";"21";"1";""
"202400004602";"155773725";"B01";"2";"7";"0";"2";"3";"15";"1";""
"202400004602";"155773726";"A01";"1";"7";"0";"2";"2";"5";"1";""
"202400004603";"155773724";"Z01";"2";"7";"0";"1";"1";"1";"1";""
"202400004604";"155773723";"A01";"1";"7";"1";"0";"2";"1";"1";""
"202400004605";"155773722";"A01";"1";"7";"1";"0";"1";"15";"1";""
"202400004606";"155773720";"A01";"2";"34";"0";"2";"2";"1";"1";""
"202400004606";"155773721";"B01";"1";"1";"0";"2";"1";"16";"5";""
"202400004607";"155773719";"A01";"1";"30";"12";"0";"0";"1";"1";""
"202400004608";"155773716";"C01";"0";"7";"0";"2";"4";"1";"1";""
"202400004608";"155773717";"B01";"0";"7";"0";"2";"4";"1";"3";""
"202400004608";"155773718";"A01";"0";"7";"0";"2";"1";"0";"0";""
"202400004609";"155773714";"A01";"0";"7";"0";"2";"0";"26";"0";""
"202400004609";"155773715";"B01";"0";"7";"0";"0";"0";"26";"3";""
"202400004610";"155773712";"A01";"1";"7";"0";"2";"5";"20";"1";""
"202400004610";"155773713";"B01";"1";"30";"0";"2";"1";"1";"1";""
"202400004611";"155773711";"A01";"1";"7";"2";"0";"1";"13";"1";""
"202400004612";"155773709";"A01";"1";"7";"17";"0";"1";"6";"1";""
"202400004613";"155773708";"A01";"2";"7";"0";"9";"3";"9";"3";""
"202400004613";"155773710";"B01";"1";"80";"0";"2";"7";"9";"3";""
"202400004614";"155773705";"B01";"1";"7";"0";"2";"3";"1";"1";""
"202400004614";"155773707";"A01";"1";"7";"0";"2";"1";"9";"1";""
"202400004615";"155773704";"A01";"2";"10";"0";"2";"1";"1";"0";""
"202400004615";"155773706";"B01";"1";"7";"0";"2";"3";"1";"1";""
"202400004616";"155773701";"A01";"1";"7";"0";"2";"1";"5";"1";""
"202400004616";"155773703";"B01";"2";"7";"0";"2";"1";"5";"1";""
"202400004617";"155773700";"A01";"2";"10";"0";"2";"1";"1";"0";""
"202400004617";"155773702";"B01";"2";"10";"0";"2";"2";"1";"0";""
"202400004618";"155773697";"A01";"1";"7";"3";"0";"2";"14";"1";""
"202400004618";"155773699";"B01";"1";"7";"1";"0";"7";"13";"1";""
"202400004619";"155773696";"A01";"3";"50";"0";"2";"1";"26";"3";""
"202400004619";"155773698";"B01";"3";"7";"0";"2";"2";"9";"3";""
"202400004620";"155773693";"A01";"3";"7";"0";"2";"7";"19";"0";""
"202400004620";"155773695";"B01";"3";"7";"0";"2";"1";"1";"1";""
"202400004621";"155773692";"B01";"1";"7";"0";"2";"3";"1";"1";""
"202400004621";"155773694";"A01";"1";"7";"2";"2";"1";"0";"1";""
"202400004622";"155773691";"A01";"1";"7";"0";"0";"0";"21";"1";""
"202400004623";"155773690";"A01";"3";"2";"14";"0";"1";"1";"1";""
"202400004624";"155773687";"A01";"1";"7";"0";"2";"2";"13";"1";""
"202400004624";"155773689";"B01";"2";"7";"0";"2";"1";"1";"1";""
"202400004625";"155773686";"B01";"2";"50";"0";"2";"7";"16";"3";""
"202400004625";"155773688";"A01";"2";"7";"0";"9";"3";"9";"1";""
"202400004626";"155773684";"A01";"2";"7";"6";"0";"1";"0";"2";""
"202400004627";"155773683";"A01";"3";"7";"0";"9";"1";"1";"1";""
"202400004627";"155773685";"B01";"1";"50";"0";"2";"0";"0";"3";""
"202400004628";"155773681";"A01";"1";"7";"0";"1";"7";"9";"1";""
"202400004629";"155773680";"A01";"1";"10";"0";"0";"6";"15";"1";""
"202400004629";"155773682";"B01";"1";"2";"0";"2";"1";"17";"1";""
"202400004630";"155773679";"A01";"3";"7";"1";"1";"4";"20";"1";""
"202400004631";"155773677";"B01";"1";"33";"0";"2";"1";"1";"1";""
"202400004631";"155773678";"A01";"2";"10";"0";"2";"2";"15";"1";""
"202400004632";"155773673";"B01";"1";"7";"0";"2";"3";"11";"1";""
"202400004632";"155773675";"A01";"1";"7";"0";"2";"1";"1";"2";""
"202400004633";"155773674";"A01";"2";"7";"0";"9";"1";"15";"1";""
"202400004633";"155773676";"B01";"2";"1";"0";"0";"1";"1";"5";""
"202400004634";"155773671";"A01";"3";"7";"0";"2";"1";"15";"0";""
"202400004634";"155773672";"B01";"3";"32";"0";"2";"1";"2";"1";""
"202400004635";"155773669";"A01";"2";"7";"13";"0";"2";"14";"1";""
"202400004636";"155773668";"A01";"1";"7";"0";"2";"5";"15";"1";""
"202400004636";"155773670";"B01";"1";"7";"0";"2";"3";"1";"1";""
"202400004637";"155773665";"A01";"2";"33";"3";"0";"0";"0";"1";""
"202400004638";"155773664";"A01";"3";"7";"0";"2";"1";"13";"1";""
"202400004638";"155773666";"B01";"2";"33";"0";"2";"1";"1";"1";""
"202400004638";"155773667";"C01";"2";"7";"0";"2";"1";"1";"1";""
"202400004639";"155773662";"A01";"2";"15";"0";"2";"4";"23";"1";""
"202400004639";"155773663";"B01";"2";"10";"0";"2";"1";"2";"1";""
"202400004640";"155773661";"A01";"1";"7";"6";"0";"1";"1";"1";""
"202400004641";"155773660";"A01";"1";"10";"0";"1";"1";"16";"1";""
"202400004642";"155773658";"B01";"1";"37";"0";"0";"4";"23";"0";"1"
"202400004642";"155773659";"A01";"1";"37";"14";"0";"1";"1";"1";"1"
"202400004643";"155773654";"B01";"2";"7";"0";"2";"1";"1";"1";""
"202400004643";"155773656";"C01";"2";"33";"0";"2";"1";"1";"1";""
"202400004643";"155773657";"A01";"2";"7";"0";"0";"4";"1";"1";""
"202400004644";"155773653";"B01";"2";"7";"0";"2";"3";"1";"1";""
"202400004644";"155773655";"A01";"1";"7";"0";"2";"2";"1";"1";""
"202400004645";"155773651";"A01";"2";"1";"0";"2";"2";"19";"5";""
"202400004645";"155773652";"B01";"0";"7";"0";"2";"1";"15";"1";""
"202400004646";"155773650";"B01";"1";"10";"0";"1";"1";"9";"1";""
"202400004647";"155773646";"A01";"0";"50";"0";"2";"1";"19";"3";""
"202400004647";"155773648";"B01";"0";"7";"0";"0";"3";"0";"1";""
"202400004648";"155773645";"A01";"1";"7";"0";"1";"3";"16";"1";""
"202400004649";"155773642";"A01";"1";"10";"0";"2";"5";"16";"1";""
"202400004649";"155773644";"B01";"1";"7";"0";"2";"3";"18";"1";""
"202400004650";"155773640";"A01";"1";"7";"0";"2";"1";"19";"1";""
"202400004650";"155773643";"B01";"2";"7";"0";"2";"8";"1";"3";""
"202400004651";"155773639";"B01";"2";"7";"0";"0";"4";"23";"1";""
"202400004651";"155773641";"A01";"2";"7";"0";"2";"1";"2";"1";""
"202400004652";"155773638";"A01";"2";"33";"3";"0";"2";"14";"1";""
"202400004653";"155773637";"A01";"1";"7";"1";"0";"3";"1";"1";""
"202400004654";"155773636";"A01";"3";"7";"0";"1";"1";"1";"1";""
"202400004655";"155773634";"A01";"1";"7";"1";"0";"2";"14";"1";""
"202400004656";"155773633";"B01";"2";"7";"0";"2";"1";"1";"1";""
"202400004656";"155773635";"A01";"1";"30";"0";"2";"1";"13";"1";""
"202400004657";"155773630";"A01";"1";"7";"13";"0";"8";"13";"2";""
"202400004658";"155773629";"A01";"3";"7";"0";"2";"6";"26";"1";""
"202400004658";"155773632";"B01";"3";"0";"0";"2";"0";"14";"0";""
"202400004659";"155773628";"A01";"3";"7";"0";"9";"2";"16";"0";""
"202400004659";"155773631";"B01";"1";"60";"0";"2";"0";"0";"5";""
"202400004660";"155773626";"A01";"2";"7";"2";"0";"3";"1";"1";""
"202400004661";"155773623";"B01";"2";"7";"0";"2";"1";"15";"1";""
"202400004661";"155773627";"A01";"1";"7";"0";"2";"1";"17";"1";""
"202400004662";"155773622";"C01";"1";"7";"0";"2";"6";"2";"1";""
"202400004662";"155773624";"A01";"1";"7";"0";"2";"3";"2";"1";""
"202400004662";"155773625";"B01";"1";"2";"0";"2";"4";"2";"1";""
"202400004663";"155773617";"A01";"3";"7";"14";"0";"2";"13";"4";""
"202400004663";"155773620";"B01";"3";"1";"0";"2";"1";"1";"5";""
"202400004664";"155773616";"A01";"1";"50";"0";"2";"6";"2";"3";""
"202400004664";"155773619";"B01";"1";"7";"0";"2";"1";"2";"1";""
"202400004665";"155773618";"B01";"1";"7";"0";"2";"1";"1";"1";""
"202400004665";"155773621";"A01";"1";"7";"0";"2";"8";"15";"1";""
"202400004666";"155773613";"A01";"1";"7";"2";"0";"1";"1";"1";""
"202400004667";"155773614";"A01";"3";"7";"0";"2";"1";"19";"1";""
"202400004667";"155773615";"B01";"3";"7";"0";"2";"3";"14";"1";""
"202400004668";"155773612";"A01";"1";"7";"13";"0";"1";"14";"1";""
"202400004669";"155773611";"A01";"1";"7";"3";"0";"9";"1";"1";""
"202400004670";"155773608";"B01";"1";"10";"0";"2";"3";"9";"1";""
"202400004670";"155773610";"A01";"1";"1";"0";"2";"3";"0";"5";""
"202400004671";"155773606";"A01";"3";"39";"0";"1";"2";"0";"0";""
"202400004672";"155773607";"B01";"0";"39";"1";"0";"1";"1";"0";""
"202400004672";"155773609";"A01";"0";"7";"0";"4";"8";"23";"1";""
"202400004673";"155773604";"A01";"1";"7";"0";"1";"1";"1";"1";""
"202400004674";"155773603";"A01";"1";"10";"0";"1";"3";"2";"0";""
"202400004675";"155773602";"A01";"1";"7";"0";"2";"3";"1";"1";""
"202400004675";"155773605";"B01";"2";"7";"0";"2";"1";"13";"1";""
"202400004676";"155773601";"A01";"1";"7";"0";"1";"7";"1";"1";""
"202400004677";"155773598";"A01";"0";"17";"0";"2";"1";"1";"1";""
"202400004677";"155773600";"B01";"0";"7";"0";"2";"1";"1";"1";""
"202400004678";"155773597";"B01";"2";"80";"0";"2";"1";"15";"3";""
"202400004678";"155773599";"A01";"2";"7";"0";"2";"2";"17";"1";""
"202400004679";"155773596";"A01";"1";"30";"0";"0";"0";"1";"1";""
"202400004680";"155773595";"A01";"3";"7";"0";"1";"2";"16";"1";""
"202400004681";"155773593";"A01";"1";"7";"6";"0";"1";"0";"3";""
"202400004682";"155773592";"A01";"1";"7";"0";"2";"2";"21";"1";""
"202400004682";"155773594";"B01";"1";"1";"0";"2";"6";"9";"5";""
"202400004683";"155773588";"A01";"3";"33";"0";"2";"1";"17";"1";""
"202400004683";"155773591";"B01";"3";"7";"0";"2";"8";"15";"1";""
"202400004684";"155773587";"A01";"0";"7";"0";"2";"0";"13";"1";""
"202400004684";"155773590";"B01";"0";"7";"0";"2";"0";"21";"1";""
"202400004685";"155773586";"A01";"1";"3";"0";"2";"6";"2";"1";""
"202400004685";"155773589";"B01";"1";"7";"0";"2";"0";"2";"0";""
"202400004686";"155773583";"A01";"2";"33";"0";"2";"1";"17";"1";""
"202400004686";"155773585";"B01";"2";"7";"0";"2";"8";"15";"1";""
"202400004687";"155773581";"A01";"2";"7";"0";"2";"8";"15";"1";""
"202400004687";"155773584";"B01";"2";"33";"0";"2";"2";"17";"1";""
"202400004688";"155773577";"A01";"2";"7";"0";"2";"1";"13";"1";""
"202400004688";"155773578";"B01";"1";"10";"0";"2";"1";"1";"1";""
"202400004689";"155773576";"B01";"3";"33";"0";"2";"1";"17";"1";""
"202400004689";"155773580";"A01";"3";"7";"0";"2";"3";"15";"1";""
"202400004690";"155773574";"A01";"1";"10";"0";"1";"2";"1";"1";""
"202400004691";"155773573";"A01";"1";"99";"1";"0";"1";"1";"6";""
"202400004692";"155773571";"A01";"1";"7";"0";"2";"3";"13";"1";""
"202400004692";"155773572";"B01";"1";"7";"0";"2";"3";"1";"1";""
"202400004693";"155773570";"A01";"1";"7";"9";"0";"1";"1";"1";""
"202400004694";"155773569";"A01";"2";"1";"3";"0";"1";"1";"5";""
"202400004695";"155773566";"A01";"1";"33";"0";"2";"1";"17";"1";""
"202400004695";"155773568";"B01";"1";"7";"0";"2";"8";"15";"1";""
"202400004696";"155773565";"B01";"0";"7";"0";"2";"0";"0";" -1";""
"202400004696";"155773567";"A01";"0";"7";"0";"1";"1";"0";" -1";""
"202400004697";"155773564";"A01";"2";"50";"6";"0";"1";"13";"3";""
"202400004698";"155773562";"A01";"1";"7";"0";"2";"3";"10";"1";""
"202400004698";"155773563";"B01";"1";"33";"0";"2";"2";"17";"1";""
"202400004699";"155773561";"A01";"1";"10";"0";"1";"1";"1";"1";""
"202400004700";"155773558";"B01";"2";"33";"0";"2";"3";"1";"0";""
"202400004700";"155773560";"A01";"1";"7";"0";"2";"3";"1";"1";""
"202400004701";"155773557";"A01";"1";"50";"0";"2";"1";"1";"3";""
"202400004701";"155773559";"B01";"1";"7";"0";"9";"3";"1";"1";""
"202400004702";"155773555";"A01";"2";"7";"0";"2";"1";"2";"1";""
"202400004702";"155773556";"B01";"2";"7";"0";"2";"5";"2";"1";""
"202400004703";"155773552";"A01";"3";"7";"0";"2";"8";"15";"3";""
"202400004703";"155773553";"B01";"3";"30";"0";"2";"1";"15";"3";""
"202400004704";"155773554";"A01";"3";"7";"0";"1";"1";"1";"3";""
"202400004705";"155773550";"A01";"1";"33";"0";"2";"7";"21";"1";""
"202400004705";"155773551";"B01";"1";"7";"0";"2";"4";"1";"1";""
"202400004706";"155773549";"A01";"2";"60";"0";"0";"0";"25";"5";""
"202400004707";"155773548";"A01";"2";"33";"0";"0";"1";"1";"1";""
"202400004708";"155773544";"B01";"1";"7";"0";"2";"4";"2";"1";""
"202400004708";"155773547";"A01";"1";"7";"0";"2";"1";"1";"1";""
"202400004709";"155773543";"A01";"2";"14";"0";"2";"7";"16";"1";""
"202400004709";"155773546";"B01";"2";"1";"0";"2";"1";"1";"5";""
"202400004710";"155773542";"A01";"1";"10";"0";"2";"3";"13";"1";""
"202400004710";"155773545";"B01";"2";"1";"0";"2";"1";"1";"5";""
"202400004711";"155773541";"A01";"1";"2";"0";"0";"0";"1";"1";""
"202400004712";"155773538";"A01";"1";"7";"0";"2";"6";"13";"1";""
"202400004712";"155773540";"B01";"1";"7";"0";"2";"0";"17";"0";""
"202400004713";"155773539";"A01";"0";"33";"0";"0";"8";"1";"1";""
"202400004714";"155773534";"A01";"2";"36";"0";"0";"3";"15";"1";""
"202400004715";"155773533";"A01";"1";"33";"0";"2";"1";"13";"1";""
"202400004715";"155773536";"B01";"1";"7";"0";"2";"3";"1";"1";""
"202400004716";"155773532";"A01";"2";"7";"0";"2";"3";"9";"2";""
"202400004716";"155773535";"B01";"2";"1";"0";"2";"2";"1";"5";""
"202400004717";"155773528";"B01";"1";"7";"0";"2";"4";"2";"1";""
"202400004717";"155773530";"A01";"1";"10";"0";"2";"1";"2";"1";""
"202400004718";"155773527";"A01";"1";"7";"0";"2";"3";"13";"1";""
"202400004718";"155773529";"B01";"2";"7";"0";"2";"2";"1";"1";""
"202400004719";"155773526";"B01";"3";"7";"0";"9";"3";"1";"1";""
"202400004719";"155773531";"A01";"3";"50";"0";"2";"1";"1";"3";""
"202400004720";"155773522";"B01";"2";"1";"0";"0";"6";"1";"5";""
"202400004720";"155773523";"A01";"2";"7";"12";"2";"2";"17";"1";""
"202400004721";"155773521";"A01";"1";"7";"0";"2";"3";"1";"1";""
"202400004721";"155773525";"B01";"1";"7";"0";"2";"8";"15";"1";""
"202400004722";"155773519";"A01";"2";"7";"0";"2";"3";"13";"1";""
"202400004722";"155773520";"B01";"1";"7";"0";"2";"3";"1";"1";""
"202400004723";"155773515";"A01";"2";"7";"0";"2";"3";"1";"1";""
"202400004723";"155773518";"B01";"1";"33";"0";"2";"1";"13";"1";""
"202400004724";"155773514";"A01";"2";"7";"0";"2";"1";"2";"1";""
"202400004724";"155773516";"B01";"2";"2";"0";"0";"4";"0";"1";""
"202400004725";"155773512";"A01";"1";"7";"0";"2";"4";"9";"2";""
"202400004725";"155773513";"B01";"1";"7";"0";"2";"1";"1";"1";""
"202400004725";"155773517";"C01";"1";"7";"0";"2";"4";"1";"1";""
"202400004726";"155773510";"A01";"1";"7";"8";"0";"1";"9";"1";""
"202400004727";"155773509";"A01";"3";"7";"0";"2";"2";"9";"1";""
"202400004727";"155773511";"B01";"1";"33";"0";"2";"1";"1";"1";""
"202400004728";"155773508";"A01";"3";"7";"0";"2";"9";"13";"1";""
"202400004729";"155773507";"A01";"2";"33";"13";"0";"1";"1";"1";""
"202400004730";"155773506";"A01";"3";"7";"0";"1";"2";"1";"1";""
"202400004731";"155773504";"B01";"2";"7";"0";"2";"4";"0";"1";""
"202400004731";"155773505";"A01";"2";"7";"1";"0";"1";"26";"1";""
"202400004732";"155773503";"A01";"2";"7";"4";"0";"2";"0";"1";""
"202400004733";"155773500";"A01";"1";"7";"4";"2";"1";"17";"1";""
"202400004733";"155773502";"B01";"1";"7";"0";"2";"3";"2";"3";""
"202400004734";"155773496";"C01";"1";"15";"0";"2";"3";"1";"1";""
"202400004734";"155773499";"A01";"1";"33";"0";"2";"1";"13";"1";""
"202400004734";"155773501";"B01";"1";"7";"0";"2";"5";"1";"1";""
"202400004735";"155773495";"A01";"1";"7";"0";"2";"3";"13";"1";""
"202400004735";"155773497";"B01";"2";"7";"0";"0";"3";"1";"1";""
"202400004735";"155773498";"C01";"1";"7";"0";"0";"6";"23";"1";""
"202400004736";"155773492";"A01";"1";"7";"0";"2";"7";"15";"1";""
"202400004736";"155773494";"B01";"1";"7";"0";"2";"0";"1";"1";""
"202400004737";"155773491";"A01";"2";"7";"2";"0";"2";"14";"1";""
"202400004738";"155773490";"A01";"3";"7";"0";"0";"6";"2";"1";""
"202400004738";"155773493";"B01";"3";"7";"0";"2";"1";"2";"1";""
"202400004739";"155773488";"A01";"1";"7";"8";"0";"1";"13";"1";""
"202400004740";"155773487";"A01";"1";"7";"8";"0";"7";"1";"1";""
"202400004741";"155773485";"A01";"1";"7";"8";"0";"1";"0";"0";""
"202400004742";"155773484";"A01";"1";"15";"0";"0";"4";"2";"1";""
"202400004742";"155773486";"B01";"1";"7";"0";"2";"1";"2";"1";""
"202400004743";"155773482";"A01";"2";"7";"6";"2";"4";"1";"1";""
"202400004743";"155773483";"B01";"1";"7";"0";"2";"1";"15";"1";""
"202400004744";"155773481";"A01";"2";"7";"2";"0";"2";"1";"2";""
"202400004745";"155773476";"A01";"1";"7";"0";"0";"1";"2";"1";""
"202400004745";"155773480";"B01";"1";"7";"0";"0";"4";"2";"1";""
"202400004746";"155773475";"A01";"2";"10";"0";"0";"0";"0";"1";""
"202400004746";"155773478";"B01";"0";"33";"0";"2";"1";"1";"1";""
"202400004747";"155773477";"B01";"1";"7";"0";"2";"1";"2";"1";""
"202400004747";"155773479";"A01";"1";"7";"0";"2";"4";"23";"1";""
"202400004748";"155773472";"A01";"0";"10";"8";"0";"1";"0";"1";""
"202400004749";"155773471";"A01";"1";"33";"0";"2";"1";"2";"1";""
"202400004749";"155773473";"B01";"1";"7";"0";"2";"4";"2";"2";""
"202400004750";"155773470";"B01";"2";"0";"0";"2";"8";"1";"1";""
"202400004750";"155773474";"A01";"1";"30";"0";"2";"1";"1";"1";""
"202400004751";"155773469";"A01";"0";"7";"0";"1";"2";"1";"1";""
"202400004752";"155773467";"A01";"1";"2";"0";"1";"1";"1";"1";""
"202400004753";"155773465";"A01";"2";"7";"0";"2";"3";"5";"1";""
"202400004753";"155773468";"B01";"1";"13";"0";"2";"3";"1";"1";""
"202400004754";"155773464";"A01";"2";"33";"0";"2";"8";"1";"1";""
"202400004754";"155773466";"B01";"2";"33";"0";"2";"7";"17";"1";""
"202400004755";"155773463";"A01";"3";"1";"2";"0";"1";"15";"5";""
"202400004756";"155773459";"A01";"1";"7";"0";"2";"3";"11";"1";""
"202400004756";"155773462";"B01";"2";"7";"0";"2";"3";"13";"2";""
"202400004757";"155773460";"A01";"1";"10";"8";"0";"2";"15";"1";""
"202400004758";"155773456";"A01";"3";"17";"0";"1";"5";"20";"1";""
"202400004759";"155773454";"A01";"1";"7";"0";"2";"1";"0";"1";""
"202400004759";"155773455";"B01";"2";"7";"0";"2";"1";"0";"1";""
"202400004760";"155773453";"B01";"1";"7";"0";"0";"4";"23";"1";""
"202400004760";"155773457";"A01";"1";"31";"0";"2";"1";"1";"1";""
"202400004761";"155773452";"A01";"1";"10";"0";"1";"1";"0";"1";""
"202400004762";"155773450";"A01";"2";"7";"0";"2";"7";"15";"1";""
"202400004762";"155773451";"B01";"1";"7";"0";"2";"1";"1";"1";""
"202400004763";"155773447";"A01";"2";"33";"0";"2";"1";"17";"1";""
"202400004763";"155773449";"B01";"2";"7";"0";"2";"3";"0";"1";""
"202400004764";"155773446";"A01";"3";"30";"0";"2";"1";"19";"1";""
"202400004764";"155773448";"C01";"3";"7";"0";"2";"2";"1";"1";""
"202400004765";"155773445";"A01";"1";"7";"2";"0";"1";"0";"1";""
"202400004766";"155773444";"A01";"1";"33";"0";"0";"7";"1";"1";""
"202400004767";"155773441";"B01";"3";"80";"0";"2";"1";"1";"3";""
"202400004767";"155773443";"A01";"3";"7";"0";"2";"3";"19";"1";""
"202400004768";"155773438";"A01";"2";"2";"0";"2";"1";"1";"1";""
"202400004768";"155773439";"B01";"2";"31";"12";"0";"4";"23";"1";""
"202400004769";"155773437";"A01";"1";"7";"3";"6";"1";"1";"1";""
"202400004770";"155773435";"A01";"1";"50";"0";"2";"8";"19";"3";""
"202400004770";"155773436";"B01";"1";"7";"0";"2";"1";"1";"0";""
"202400004771";"155773433";"A01";"1";"7";"0";"2";"1";"9";"1";""
"202400004771";"155773434";"B01";"2";"50";"0";"2";"7";"15";"3";""
"202400004772";"155773429";"A01";"2";"2";"0";"2";"1";"17";"1";""
"202400004772";"155773431";"B01";"1";"7";"0";"2";"7";"15";"1";""
"202400004773";"155773424";"A01";"3";"7";"0";"1";"1";"1";"1";""
"202400004774";"155773423";"A01";"2";"7";"0";"2";"0";"21";"1";""
"202400004774";"155773425";"B01";"2";"7";"0";"2";"1";"21";"1";""
"202400004774";"155773426";"C01";"2";"7";"14";"0";"3";"21";"1";""
"202400004774";"155773428";"D01";"2";"7";"14";"0";"1";"2";"1";""
"202400004774";"155773432";"E01";"2";"7";"0";"0";"4";"2";"1";""
"202400004775";"155773422";"A01";"2";"1";"12";"0";"0";"0";"5";""
"202400004776";"155773421";"A01";"2";"10";"0";"1";"7";"1";"1";""
"202400004777";"155773418";"B01";"1";"1";"0";"2";"5";"15";"5";""
"202400004777";"155773420";"A01";"1";"7";"0";"2";"1";"9";"1";""
"202400004778";"155773417";"A01";"1";"7";"0";"2";"1";"1";"1";""
"202400004778";"155773419";"B01";"1";"7";"0";"2";"7";"1";"1";""
"202400004779";"155773415";"A01";"0";"7";"0";"2";"1";"15";"1";""
"202400004779";"155773416";"B01";"3";"30";"0";"2";"8";"1";"1";""
"202400004780";"155773414";"A01";"1";"7";"13";"0";"9";"1";"1";""
"202400004781";"155773413";"A01";"2";"7";"2";"0";"7";"0";"1";""
"202400004782";"155773411";"A01";"1";"32";"0";"0";"6";"0";"1";""
"202400004783";"155773409";"B01";"3";"50";"0";"2";"4";"1";"3";""
"202400004783";"155773412";"A01";"3";"7";"0";"2";"1";"9";"1";""
"202400004784";"155773408";"A01";"1";"33";"16";"2";"7";"17";"1";""
"202400004784";"155773410";"B01";"2";"7";"0";"2";"1";"15";"1";""
"202400004785";"155773405";"A01";"0";"7";"0";"1";"0";"20";"1";""
"202400004786";"155773404";"B01";"1";"7";"0";"2";"2";"15";"1";""
"202400004786";"155773407";"A01";"2";"7";"9";"2";"1";"1";"3";""
"202400004787";"155773402";"A01";"2";"7";"2";"0";"8";"1";"1";""